Person_ID,Thesis_ID
GEENA_GEORGE,516172
N_SURESHA,504572
D_R_SASI_REKHA,504574
SHIVAKUMAR_R,504575
SHARAD_S,516315
B_S_SOWMYA_LAKSHMI,516624
JAGANNATHA_K_B,475827
MADHURI_P_RAO,501379
YATISH_MUDDAPPA,501380
DEEPIKA_B_V,515986
KALNOOR_GAURI,529093
M_SANTOSHI_KUMARI,475826
M_SANTOSHI_KUMARI,511261
ANTHONY_CHRISTY_MELSON,515978
JITHA_P_T,516317
NALINA_M_M,516318
M_RAJANI_SHREE,516626
ANITHA_H_M,536358
ANITHA_H_M,536361
FEROZ_MORAB,621398
SUMANTHA_H_S,621401
POOJITHA_C_G,621402
MAHARUDRA,621420
ROOPA_D,621795
SUMANTHA_H_S,621797
SHIVKUMAR_M,621397
SANTOSH_GOTAGUNAKI,621791
ANUSHA_T_M,621796
RAJESH_P,684698
HARSHA_S_V,679312
RAMACHANDRA_BALLARY,684699
SUDHAKAR_K_N,453534
ANAND_R,453540
AJEY_S_N_R,453624
SHANTHI_M_B,453631
NAVEEN_KUMAR_G_N,453632
NITHYA_B,448991
CHETAN_H,453539
SUGANYA_S,451246
KIRANBABU_T_S,453537
ARCHANA_NAWANDHAR,453538
SWATHI_Y,453541
SHYAMASUNDAR_L_B,448126
SABARMATHI_G,448151
SAVITHA_S,448710
HARSHA,453529
SWARNAMUGI_M,453535
DANTHULURI_SUDHA,453536
KANTHIMATHI_S,453563
PADMAVATHY_N,575810
TARA_PRAKASH_GOWDAR,593036
SANGEETHA_RAMAMOORTHY,531253
PILLAI_RAHUL_RAVINDRAN,531256
SRIDEVI_S,531258
RICHA_TENGSHE,531260
PRAJWALA_T_R,531261
PAPPA_M,531274
DIVYA_VISWANATH,531275
MOHAN_KUMAR_K,531276
VENKATESH_NAIK,531280
MANIKANDAN_H,531282
G_V_SHIVA_REDDY,531286
MR_PUTTARAJU_T_D,531287
PREETHA_S,531291
SHAMITHA_S_K,534994
NIKHITHA_PAI,575809
SREELAKSHMI_GOPALAKRISHNAN,556899
DIVYA_SHARMA,556900
ISHANI_MISHRA,556901
ALAMURU_SUSMITHA,556902
RUBINI_PE,577610
ROSLINE_MARY_A,577611
HANUMESHA_A_G,584203
THANMAYALAXMI_D,599575
DIVYA_R,612953
SUTAPA_SARKAR,623372
POONAM_VIJAY_TIJARE,650776
SAGARIKA_BEHERA,656271
KAMNA_R_CHOUDHURY,663557
BALACHANDAR_S,668347
PREETHAM_J,452058
SATISH_SHETH,452320
MEHRUNNISA_BEGUM_S_P,452326
VIJAYA_S_M,452377
SHARON_CHRISTA_I_L,452442
SURIYA_BEGUM,452444
VENKATESHA_G,452445
BISHWAJIT_PAL,452453
PAVAN_POOJAR,452511
MEENAKSHI_SUNDARAM_A,452565
GIRISH_B,452243
SUREKHA_RAJU_GONDKAR,452282
RAMGOPAL_SEGU,452378
SOWMYA_H_N,452446
SHASHI_RAJ_K,452452
MAHESH_KUMAR_N,452454
RAVINDRA_S,452456
VIVEK_BHANDARKAR_V_N,452457
SHUBHANGI_MILIND_JOSHI,452458
JACOB_JOHN,452459
C_USHA,452497
VASANTH_KUMAR_R,452770
ANIL_KUMAR_R,454590
JAWAHAR_J,455153
ROOPA_FARSHI,452263
UMA_B,452273
SAPNA_B_K,452450
SUSHMA_T,452567
BALAJI_RAMAKRISHNAN,454865
ROSHNY_N_KURUP,454932
PRAKASHA_H_T,452447
JYOTHI_H_R,452448
SURESH_BABU_V,452449
DEEPA_N_P,452451
NITHIN_V_N,453490
VAIDEHI_M,454859
HARISH_KUMAR_N,454936
ACHARYA_SRIJAN,426407
ANOOP_A_M,429335
SHARMA_ANAND,426390
RANJAN_B_S_C,426519
SRILATHA_N,428618
PRAYAG_GOWGI_S_K,428623
RAJAMANICKAM_KUPPURAJ,429507
ATHUL_JOSEPH,428628
PALATHINGAL_SAFVAN,428633
JAIRAJA_R,426620
ACHARYA_SHAKUNTALA,430144
AMBADI_NIRANJANA,427122
MATHAVARAJ_S,427119
DAS_SAURABH_MOHAN,427118
SOLANKE_SWANAND_VISHNU,427123
MUDUNURI_SIVARAM_PRASAD,427114
DEY_PANKAJ,427113
PANWAR_JATIN,426528
MITRA_ABHIJIT,426646
JAIN_NOOPUR,426638
LAL_DEVI,426675
BASU_PRANAB,430152
CHAVHAN_SURESH,426597
GARUD_MEERA,444775
AWASTHI_NAVCHETAN,426592
PAL_ANIRBAN,426590
SHIVA_KUMAR_H_R,426731
DUTTA_SUDAKSHINA,428405
AHMAD_SYED_SHAHJAHAN,428407
BHARADWAJ_PALLAVI,428408
PATEL_NAGABHUSHAN_P_M,428404
BRAHMA_MADHUCHHANDA,428398
KIRTHI_SURESH_K,428399
CHOUDHARY_HARISH_KUMAR,428388
KHANDELWAL_ASHISH,428386
ERING_PINOM,428402
DASH_ANEESH,426766
MANJARI_GEETHA_K,430602
BIBHANSHU_NITISH,426763
MAYAKUNTLA_SAI_KIRAN,428376
JOSEPH_GEETHU,428374
GHOSH_SANJAY,428371
BAJAJ_KETAN,426465
NARAYANA_GOPALAKRISHNA,427199
KRISHNA_RAJ_R,429663
CHINMAYANANDA_A,426756
KARAT_NUJOOM_SAGEER,426635
SINGH_PREM_PRAKASH,426754
FRANCIS_BIBEN,428656
DEEP_SNEH,430433
SAMANTARAY_PARESH_KUMAR,430438
NARESH_YALAGALA,430432
LAGISETTY_RAVIKUMAR,425647
MENON_AISHWARYA_VIJAYAN,430437
PRIYANKA_B_N,430426
AGNIHOTRI_RUCHIKA,430429
SURAJ_K,425794
KATTI_PRAJAKTA_PRATHAMKUMAR,429958
KUMAR_RAJEEV,429965
KULKARNI_SHRUTI,431378
PANDEY_PRAFULL,429960
SACHAN_KAPIL,431380
DAVE_HIMANSHU_L,429962
DAS_DEBANJAN,429199
MONDAL_SURAJIT,425983
CHITNIS_VIRUPAKSHA,426170
SHAN_S,430042
SHANKAR_BHAWANI,430659
NAMPOOTHIRI_KRISHNADAS_NARAYANAN,427207
LAKSHMINARAYANAN_OPPILI_PRASAD,431361
RAINA_ANKUR,430657
YARRA_CHIRANJEEVI,430653
UPADHYAY_ANIL_KUMAR,447243
RAKESH_N,447245
CHATURVEDI_ABHISHEK,428816
PRADEEP_M,447244
JOSEPH_AKHIL,431363
BHARAT_BISWAJIT,428874
REKAPALLI_MONICA,428983
JAGANATHAN_ANUJA,434407
ADHIKARI_DEBABRATA,434419
KUMAR_S_SATISH,434388
ISHAQUDDIN_MOHAMMED,434381
VARSHA_V,433991
VENKATRAMANAN_D,434015
SINGH_VIKASH_KUMAR,434020
KOLLURU_RAMESH,429711
SHWETA_PANT,426369
MANI_RATHNAM_V,429329
NIKHIL_KRISHNAN_M,433694
PUNDARIKA_SUGHOSH,433717
NANDANWAR_SHARAD,433697
KRISHNARAJ_K_P,433690
KUNDU_BIDISHA,433709
KURADE_RAJAN_BHARAT,433729
KUMAR_NAVEEN,431728
DAM_SHIMUL_KUMAR,431730
VENKATESWARLU_NITISH_M_R_D_S,433686
TARAFDAR_GOURAV,433680
VERMA_KRISHNA_KAMLESH,433685
YEGGINA_SUBASH,426353
SONAWANE_DIPALI,426403
BHATTACHARJEE_YUDHAJIT,426388
MWEENE_L,426398
ANNAM_CHANDRAKANTH,426500
VADIVUKKARASI_JEYASELVAN,426492
CHOUHAN_ARUN_SINGH,426515
DE_ARNAB,426518
ILANILA_I_P,426520
ESAKKIRAJA_N,429561
ATHAIYA_SNIGDHA,428639
RAKESH_R,426478
BISWAS_ARPITA,426472
MAJUMDER_MRIGANKA_GHOSH,426480
MERE_VIPHRETUO,426547
BURUD_NITIN_BABAN,426558
SINGH_MAHANDER_PRATAP,426557
ARUN_I,426479
SINDHU_P_R,426487
JOHN_INDU,426584
KANDULA_VENKATA_RAMA_SATEESH,426525
PANDEY_RAM_KRISHNA,426522
SAHOO_KSHETRAMOHAN,426538
PREETHI_R_K,426539
ADVAITH_S,426580
RAVI_DIVYA,426569
SINGH_AKASH,426570
GUPTA_RAHUL,426583
ACHUTH_RAO_M_V,426672
PAUL_SUBIR,428346
SHARMA_GOVIND,428347
BANERJEE_AVIJIT,426643
KAMANCHI_CHANDRAMOULI,426451
SAMANTARAY_DEBADARSHINI,426601
ARORA_SWEETY,426605
MANDAL_DEVRAJ,426586
MAHESH_KARTHIK,426498
BHAT_SANDEEP,426506
MANOHAR_GOLLAKOTA_VENKATA_SAI,426476
TADEO_INYALOT_JUDE,428358
NAIR_RAMU_R,426649
DESAI_AKSHAY,428355
SURABHI_G_D,426652
JALALI_SYED_IDREES_AFZAL,426732
JANGDE_ASHUTOSH,426734
OBBATTU_SAI_LAKSHMI_BHAVANA,428413
PRABHU_AKHILESH_M,426751
BASHA_MULLA_SALEEM,428364
MOHAPATRA_DEBASIS,426708
MURALI_KRISHNA,426724
BANSIWAL_ASHOK,426725
EVELYNE_RITA_J,426730
HARSHA_VAJJARAPU,426727
ANSARI_ASLAM_MD,428397
KAKA_FIYANSHU,426711
GNANAVIGNESH_R,426713
SUKUMAR_RESHMA,428396
MURUGAPPAN_R,449993
BANDYOPADHYAY_SAMBARAN,449995
MUKHERJEE_MOUSUMI_BETO,426440
DASH_AVINASH,426449
KHANWALKAR_PREETI,426417
DAS_BISWAPRIYO,426415
CHALLA_VINAY_REDDY,426441
GHALME_GANESH_SAMBHAJI,426460
DAWNEE_S,428653
LAKSHMINARASIMHA_SHRUTEE,428654
VEESAM_SHIVANAND_KUMAR,427758
APARANJI_SANTOSH,425652
MUZATA_TANYARADZWA,427772
BHARDWAJ_DEVANSHI,427782
HAQUE_INZEMAMUL,427783
BASU_SUBHADIP,427773
VINEETH_KUMAR_V,429867
NAIR_VINEET,425793
NAYAK_BIBHU_PRASAD,427805
DASGUPTA_PALLAVI,429955
GOWDHAM_PRABHAKAR_P_G,425747
KOLLI_NAIMISHA,425739
JAIN_KRITIKA,427789
AHMAD_NAZEER,427784
GEBREKRSTOS_AMANUEL,429183
VINOD_V,429188
JAIN_ADITI,425827
PARIYAR_ABHISHEK,425986
SURESH_N_S,425991
MOHAN_MANU_S,426022
HEBBALE_DEEPTHI,429209
ARYA_ABHINAV,426026
BANGARU_RAJASEKHAR,426128
YOUSUF_MOHAMED_AMALI_UTHUMAN,426125
MADHAVARAJ_A,426105
GHOSH_ANUPAM,426110
MUKHERJEE_RUDRA,426126
CHAKRABORTTY_TUHIN,426060
TIWARI_SUDHANSHU,426132
UMRAO_SAURABH,426186
SAHA_AADIRUPA,426127
NAMBAJE_CLAUDE,430031
RAGHAVENDRA_VENKATA,426129
RAMKUMAR_B,426163
BHAT_VIJAYASHREE,430039
RUDRESH_SUNIL,426220
SINGH_SAURABH,430037
GOPAKUMAR_R,426197
GIRISH_B,426218
KABALEESHWARAN_R,428803
SINGH_PARVINDER,428805
ABRAHAM_ANAND_JACOB,428811
GUPTA_ANJALI,428832
REDDY_SIDDAVATAM_RAVI_PRAKASH,428851
MANOKARAN_RAJASEKARAN,447379
SWAMINATHAN_SHRIRAM,429739
VERMA_KUNDAN_KUMAR,428981
RAMABHADRAN_RAMKRISHNAN,434430
NAGARJUN_K_P,434422
VAJHA_MYNA,434432
BEERA_DAMAYANTHI_JESUDAS,434427
RIMALAPUDI_SARVENDRANATH,434421
SAKHUJA_NEHA,434417
DAS_ADHIKARY_GOBINDA,434441
UPADHYA_VIDYADHAR,433997
BHARATH_S,434000
BHADAK_BHALCHANDRA,434565
YAZAR_K_U,428840
AGRAWAL_PURVI,426363
CHETUPALLI_SRIKANTH_RAJ,426356
CHOWDHURY_ARUN_MALLA,426319
VIJAYARAJ_K,426320
SAM_DEEPAK_BABU,433696
SHARMA_PREETI,426402
R_PRAMOD,426384
POKALA_PRAVEEN_KUMAR,429332
GUNJAL_SAMYAMA_G_H,428605
BANSAL_UJJVAL,428608
MONDAL_ARIJIT,428597
KUMAR_NAVEEN,428600
ROY_KAUSTAV,428634
VIDUSHI,428640
GUBBI_VENKATESH_SAGAR,429539
DAS_SHOME_SUBHRA,426477
POLACHAN_KURIAN,426551
DANDU_MEDHA,426488
KULKARNI_RAGHAVENDRA_B,431367
NARAYANAN_NAKUL_K,431354
ANGAPPAN_M,431338
VENKATARAMU_VIBHA,427110
KUMAR_SUSHANT,426333
DAS_SARTHAK,426344
ILLA_ARAVIND,426532
S_SHARATH,426581
CHAUPATNAIK_ANSHUMAN,444754
DUTTA_TITIR,426541
RAMESH_LEKSHMI,426544
GLADWIN_JOS_K_T,428352
DUTTA_TANMAY,430148
REJESH_N_A,430150
DHAS_BENSINGH_P,430149
POTHNIS_JAYARAM,455135
MAURYA_SATYAGHOSH,431369
ADDULA_RAVI_KUMAR_REDDY,426695
DAS_SANHITA,428401
RATHOD_SRIBHANUPRATAP_R,426776
SHASTRI_VIJAYENDRA_UMESH,426770
PAL_UTTAM_MRINAL,427130
KIRAN_RAMA,427127
CHAVAN_CHANDRASHEKHAR_POMU,427131
YADATI_NAGANAND,427126
BADITA_AJAY_KUMAR,427132
SIREESHA_PANITHI,431347
KALRA_ANISHA,449973
ANIL_AMITH_G,429354
PATHRIKAR_ANIL,429344
CHATTERJEE_ARITRA,429348
NISHANTH_KATAM,430145
ANSH,428647
AJITH_S,430419
DHIMAN_JITENDRA_KUMAR,429864
BURRA_LAKSHMI_RAMYA_KRISHNA,429862
SITARAMGUPTA_VANGETI_V_S_N,429860
RAHAMAN_OBAIDUR,429851
HEGDE_ABHIJIT,429855
MACHIREDDY_AMRUTHA,429868
SINGH_JAGRITI,430427
VIJAIKUMAR_M,430425
VASHISHTH_PRABHAT,430420
SUKHADEO_CHAVAN_DHANAJI,429873
NAIR_ABHISHEK_RAMDAS,429877
GAYATHRI_H,429878
KAUR_NAVJOT,430428
DEVARAJ_MANOJ_KUMAR_K,429847
WAZALWAR_RADHIKA,429852
MATHAI_JEENU,429861
RAVI_KUMAR_D,429870
NARAYANAPRASAD_KARTHIK_PERIYAPATTANA,429856
EDACHERY_VIMAL,429869
TONY_LIMA_AGNEL,427799
PANDEY_VIVEK,427797
TADDESSE_TAYE_MELAKU,425726
SHARMA_SHUBHAM,427795
SAHASRANAND_K_R,427793
RESHMA_V_R,425779
JACOB_GEORGIN,427791
SIVARAM_ADITYA,429832
BORUAH_BHANUPRIYA,429822
SUKHANI_SEEMA,431383
MUNIGANTI_HARIKIRAN,431366
YASODHARAN_SARATH_AMPADI,431352
ADDANKI_TIRUMALA_NIREEKSHIT,431381
GUPTA_ABHAY,429963
KESHAV_KIRTI,429206
OMKAR_RAMCHANDRA_HEGDE,426012
ARJUN_SOMNATH,429217
DSOUZA_PETER_VARUN,429216
PANDIT_BHARDWAJ,429203
PRIYAMVADA_INDLA_RAJITHA_SAI,426066
SARKAR_BIDUSHI,430024
RAM_PRABHAKAR_KATHIRVEL,430017
SINGH_KAUMUDI,430033
SINGH_VIKRANT_KUMAR,426166
KAR_GURUDAS,426195
KURUVA_HEMANJANEYULU,430040
KUCHANA_VINAYENDER,427133
SASI_SHANUJA,427124
MOHANTA_ZINIA,428802
PANDA_ASISH_KUMAR,428806
MADHAVAN_R,427141
MUKHERJEE_MADHUBANTI,429703
SHANKAR_GYAN,428833
SEN_GUPTA_SAYAN,428815
SINGH_SHOBHIT_PRATAP,428831
SANAGAVARAPU_PHANI_KANTH_V_S_S_R_K,428810
KIRAN_ARAMANDA_SHANMUKHA,428853
KHANNA_SUMEET_RAJESH,428847
MISHRA_ANUPAM,428845
SINGH_DEEPENDRA_KUMAR,429742
ARCHANA_K,429762
KUMAWAT_KISHAN_LAL,576534
GUPTA_PRADEEP,428960
GUPTA_SHUBHAM,428963
SONI_ANKIT,428971
SASIDHARAN_SAYUJ,428985
MUKHERJEE_BULBUL,428980
GUPTA_GARIMA,428988
SATHISHKUMAR_N,429813
SANJEEV_SHINDE_NINAD,434398
NADKARNI_PRIYA_J,434385
DIVYA_MITTA,434438
PAUNIKAR_SHWETA,434006
KRANTHI_NAGOTHU_KARMEL,433970
SHARMA_PRADYUMN,433984
MUTNURI_VENKATA_SATYANAND,433998
ALIYU_AHMED,433981
HARISH_KUMAR_J_R,433996
RAY_CHOWDHURY_SAYAK,433990
NEHRU_DEVABHARATHI,434557
KUMAR_KUNDAN,434569
VALENS_HISHAMUNDA,434566
SADA_KRISHNAKANTH,431341
CHANDRAHAS,440459
GODBOLE_MAYUR_G,440764
MAHALINGAM_VIGNESH,440763
VAISHAKH_K_V,429710
HARIPRASAD_M,457881
PAL_RUPAM,507501
SAGAR_K,483415
GHOSHAL_SUPROVAT,433713
KUMAR_SARVESH,433715
CHANDRAN_DEEPU,433725
JEEVITHASHREE_D_V,431394
HOSSAIN_MD_NURTAJ,433704
VINAY_KUMAR_B_R,433718
RANJITH_KUMAR_P,433730
SINHA_PIYUSH,431630
GEORGE_SWETA_MARIAM,455544
GOEL_PRIYA,455547
KUMAR_PRANEETH_V,455545
BISEN_OMESHWARI_YADORAO,454896
HARITHA_K,454886
GUPTA_DEVYANI,454922
PANWAR_ASHISH,454921
THOOTA_SAI_SUBRAMANYAM,455161
ARUNKUMAR_K_P,455158
KUMAR_ARUN,444746
DIDDIGI_RAGHURAM_BHARADWAJ,444735
GOVINDAN_SRINIVASAN,455232
DRAVID_AMEYA_ATUL,455225
MAITI_SUBHASISH,455235
SHARMA_DEVANSH,455226
ROY_SUPRATEEK,455207
NAZEEH_K_M,455195
PAL_SOURADEEP,455123
DEKA_JAYANTA_KUMAR,455127
KAAMINI_M_D,455130
ABHILASH_M_N,455133
SAXENA_SHOBHIT,455134
SINGH_ARUN_KUMAR,455132
NAVEEN_B,455136
GUPTA_NIKHIL,455145
DEWANI_RAHUL,455124
NIRMALE_SANGRAM_KRISHNA,455128
GOWRI_R,455146
GAVASKAR_RUTURAJ_G,455142
SHEETAL_KUMAR_K_R,455144
RATHOD_NIHESH,455143
RANA_HIMANSHU,455219
WAYAL_VAISHALI,455234
DUTTA_GUPTA_SAYAK,455231
VEDAM_NARAYANI,455233
KABIRAJ_ARNAB,455237
GORANTLA_BALA_VENKATA_RAMULU,455310
IMTHIAS_MOHAMMED,455291
VIJAYA_RAGHAVAN_JAYASHREE,455279
VANKESWARAM_SAI_KRISHNA,455298
ROY_SUKANTA,455299
GUPTA_SWATI,455286
VANAM_SAI_PRANAV,455311
BHAGWAN_VAIDYA_GIRISH,455300
UNNI_V_S,455309
SINGH_MANISH_KUMAR,455276
SANGHI_ANUPAM,455274
KANJILAL_ANWESHA,455308
MUHAMMED_ASHIQ_P_E,455278
SATHUA_CHANDRA_SEKHAR,454889
VINAYAK_R,575847
KURAGANTI_CHETAN_KUMAR,454867
DIXIT_SAURABH,455184
SELVAN_EAZHIL_K,455186
RAHUL_R,453927
SHARMA_SWATI,453923
MENON_SRUTI_HEMACHANDRAN_GEETHA,453931
RASTOGI_ADITYA,453922
VARIAR_HARSHA_B,453933
SAMUDRE_PRABHA,453925
KUMAR_JEEVESH,453916
BADNIKAR_KEDAR_ASHUTOSH,453924
GHOSH_PRASENJIT,453935
PANACHAKEL_JERRIN_THOMAS,453928
VIJAY_SREEPARVATHY,453915
JAT_SHARMISTHA,453920
PRIYANKA_V,453917
JADDIVADA_SIDDHARTHA,453930
NAIR_PRAVIN,453919
EZUDHEEN_P,453926
SUMATHY_VIDYA,454108
KIRAN_KUMAR_CHALLA,454127
JAYANT_HEMANG_KUMAR,454097
PATTNAIK_SUBRAT_PARTHA_SARATHI,454100
RAGHURAM_S,454114
MASANTA_SWAPAN_KUMAR,454145
LIKHAR_PRANAY_VINAYAK,454098
YADAV_SHIVANI,454144
RAM_NILAWAR_SAGAR,454155
ANANTHANARASIMHAN_J,454198
MAHAJAN_MEHAK,454161
ANIL_VISHNU_G_K,454202
RAGHAVENDRA_G_S,454160
SAI_JYOTHEENDER_KOMPELLA,454183
ROY_SHAMIBROTA,454158
MAYEKAR_PRATHAMESH,454173
MOG_KUNJARI,454189
RASTOGI_NAVYA,454197
ARTHI_S,456058
K_R_ROHIT,576148
NANDI_SOUNAK,456389
VISWANATH_SANJAY,429790
BADHUK_PABITRA,440464
MISHRA_TANMAY,511692
UPAMANYU_KAPIL,607051
AGARWAL_SAKSHI,506858
KOUSHIK_J,506865
TIWARI_MANASI,507497
ABRAHAM_NITHIN,507495
ABINANDANAN_T_A,507504
SINGH_SUJATA,507506
KUNDU_JOGENDRA_NATH,507463
ZAKI_MOHAMMADI,507882
SAXENA_APOORV_UMANG,507496
RAHA_SOUMYENDU,507884
SURANA_PRASHANT,507881
ALEKYA_B,507877
CHATTERJEE_SUMAN,507876
RAGHU_RAMKUMAR,507490
AJITH_GOPIKA,507498
DEEKSHITH_P_K,507471
KUMAR_SANJEEV,507493
PARIDA_DIPTI_RANJAN,507508
BANERJEE_POULAMI,507873
GEORGE_ELIZABETH_BABY,483820
MAJUMDER_RUDRASHIS,483822
SONI_PUSHTIVARDHAN,511826
RESHMA_MOHAN_T,511934
MURTHY_L_R_D,572903
GUPTA_RAJEEV_KUMAR,573325
ROY_ARITRA,573137
SHARMA_VINAY_KRISHNA,573327
DOLAI_ATANU,573329
VIJAY_RATHINAMALA,573330
DEBNATH_BHANJAN,572896
MRIDHA_SUBHAM,573333
JAGADESHVARAN_P_L,573332
NAYAK_GAURAV_KUMAR,573331
JAYANT_HEMANG_KUMAR,575096
MADHURI_MANILA_REDDY,579670
JOSEPH_ROBIN,579671
GAUTAM_RAVI,579226
RAJAN_ANUSHREE,579223
KISHORE_H_A_S_SHRI,575841
MAJUMDER_KINGSHUK,575846
MATTU_SANDESH_RAO,644461
RAMESHWAR_V_ARVIND,577947
TRIPATHI_ANANYA,577952
ABHIRAM_B_R,577943
PANDEY_KEERTI,577946
ROY_ANINDO,577945
SREEDURGA_GOGULAPATI,577948
KUMAR_G_PRADEEP,575692
SREEDHAR_S_ARJUN,575681
GAYEN_MEGHABARNA,575683
KULSHRESTHA_AVIJEET,575691
JAGTAP_SURAJ,575695
PRABHU_S_SUMANTH,576007
SHARMA_PALLAVI_RAJ,576006
PAL_ARKAPRAVA,576009
GHOSH_ARCHITA,576003
RAMJI_V,576150
ALEXANDER_ANN_ASHLIN,576149
CHATTERJEE_KUMAR_SUMAN,576147
PRIYANKA_TRIPATHI,576467
KUMAR_KUNDAN,576465
BANDLA_SRI_DIVYA,576469
JAIN_HEMANT,576468
KV_CHAYTHANYA_KRISHNA,576531
GRACIOUS_TONY,576533
NAKKA_RAJESH,576628
VUTUKURI_SRIANISH,576644
JAIN_RITIKA,576643
MALLESWARARAO_KATAMALA,576645
LALA_SAHIBZADA_ROOHAN_FAROOQ,576672
R_KIRAN,576727
RAGHURAM_K_S_GANNENA,576242
DAS_SOUMITRA,576780
SOMAN_AKSHARA,612572
KHAN_RIZWAN,612571
RATNASRI_K,612569
SINGH_PRACHI,613202
CHOUDHURY_SAMLESH,613196
GHULYANI_MANU,613191
PAUL_SAYAN,613194
HIJAZI_FAIZAN,613193
GEREMEW_FEKADU_MIHRET,613192
AGRAWAL_KHANTESH,613195
SHEKAR_SHWETA,613203
SINGH_PRACHI,613197
SRIVASTAVA_SAUMYA,612901
AHMAD_FAHEEM,612899
SASINDRAN_ZITHA,612903
KUMAR_PRASHANT,612888
MUKHOPADHYAY_ANWESHA,612902
KUMAR_PRATIK,612895
BALAJI_LAKKIMSETTI,612898
SAIPANMULUK_NISHAT_KOTI,576764
KHATAVKAR_NIKHIL,576775
YADAV_PARUL,576759
HEBBAR_ARCHANA_P,576765
TRIPATHI_SANDEEP,612478
SHOWKAT_RAKSHANDA,612479
VAIDYA_KANISHAK,613545
HEGDE_GAUTAM,613542
KHAN_MOHAMMED_TABISH,613777
YARAJENA_SAI_SARASWATHI,606448
PATRA_JAYSREE,613902
CHANDRAVANSHI_DHARITA,613843
BISWAS_BIDHAN,507499
KUMAWAT_MAHESH_KUMAR,614030
KUMAR_SAWAN,507872
JINAN_ROOJI,507879
CHANDRAVANSHI_VIVEK_KUMAR,614032
SINGHAL_ROHIT,614034
KAMBLE_SMITA,507484
PAL_BISWAJIT,507875
KUMAR_ASHUTOSH,507883
DAS_DEBASREE,614027
KARTHIKA_P_S,614024
CHAUHAN_AYUSHI,613770
BHATT_APOORV_NARESH,613892
CHHAJER_HARSH,613543
BISWAS_RABINDRA,607050
KANDULA_MUNI_KUMAR,614023
HEGDE_ADITYA,483821
INDRAKUMAR_SUSHMA,613384
VARMA_ADITYA,613386
DEEPA_L,613385
PILLAI_RAJI_R,613389
MISHRA_ARPITA,612242
MISHRA_ARPITA,612247
SONI_SHRUTI,612770
SINGH_ARASHDEEP,612774
GAUR_TUSHAR,620456
HARIBABU_GOWTHAM_NIMMAL,620370
DEY_MANOJ,620369
RAM_RANASHREE,620399
JYOTHSNA_K_M,620458
SHARMA_MOHIT,620453
TELPANDE_SWANAND,620365
KUMAR_MANISH,620398
BHAT_VIGHNESH_S,620457
VIVEK_R_S,620455
DEBNATH_TUTAN,572890
NISHA_A_S,573323
VARMA_VEGESINA_SARATH_CHANDRA,573328
KUMAR_AVNISH,573365
SUTHAR_SUMIT,573364
DUTTA_SUMAN,572894
SAMAD_SHAFEEK_A,572901
SURESH_N_PRIYA,572902
MUAZZAM_USMAN_UL,572895
ROY_DURBAR,573136
RAUTELA_MAHINDRA_SINGH,573322
VIKRAM_RAJA_JOTHI,572889
YADAV_SANGEETA,573139
NARANG_SHIVIKA,573140
DEKA_MANDEEP,573321
GURUDATT_H_M,573326
GANGULY_SOURAV,572893
ABHIJITH_B_N,572885
ALAKESH,572892
DAS_SAYANTAN,572886
ARUN_KALORE_SHUBHAM,573324
ANURENJAN_P_R,574387
RAMOJI_SHREYAS,574379
DUTTA_ANKIT_KUMAR,574384
AYOBAMI_AJISAFE_VICTOR,574933
PALIWAL_AASTHA,574931
ANOOP_C_S,574934
BABU_JANGALA_RAMESH,574953
SHARMA_SHUBHAM,574952
G_PILLAI_ANJALI,574984
BHARDWAJ_MAYANK_RATAN,575097
RADHIKA_V,575098
KHOCHARE_AAKASH,575099
MAHESH_ANJANA_A,575100
SUBBALAKSHMI_A_R,575144
KUMAR_DEEPAK,574389
KRISHNA_ANAND,574930
MONDAL_SOUMITA,574954
ARUNCHAITANYA_GADI_VENKAT,574979
VELHAL_SHRIDHAR,574980
KRISHNA_A_S_LAL,575140
DASH_ANUJ,574982
DHAMI_HARISH_SINGH,575137
KORADA_VIJAYA_SREE,575142
PRADHAN_JYOTI_RANJAN,612234
SURAJ,688263
KIRAN_S,576629
PAUL_NOBIN,576726
BORAH_PRITAM_JYOTI,613204
ABHISHEK_A,612887
NAVEEN_P,576763
TEJA_BHANU_B,613848
THAKUR_ABU_BAKAR_SIDDIQUI,613776
CHANDRAVANSHI_DHARITA,613847
RAJESH_K_R,614025
JOSHI_PRAKASH,614028
TONANNAVAR_SANKETH,614022
PADDILLAYA_NEHA,614031
BASUMATARY_JIGMI,614026
PATIL_VISHAKHA,612241
AGRAWAL_SHUBHAM,620366
SWETLANA_SUCHETA,620367
MAHAPATRA_RUMAN_KALYAN,620397
AGARWAL_PRIYANKA,620400
LOCHAB_SHUBHAM,671355
GAUR_JEET_KUMAR,679722
SKARIAH_DEEPAK_G,679723
JOSEPH_FRANCIS_C,679735
BHARDWAJ_SHUBHANGI,680298
PUSHKAR_DASIKA,680301
PUSHKAR_DASIKA,680303
SRI_HARSHA_PALADUGU,680300
DASH_SARTHAK,680299
RATHOD_DARSHAN_DINESHKUMAR,680309
CHOUBEY_NIPUN,680313
AGRAWAL_SHAVI,680306
BHATT_JAYA,680312
KUMAR_CHANDAN,680405
SRILEKSHMI_M,680408
MUKHERJEE_SUDIPTO,680402
CHOWDHURY_SHREYA,680404
CHOWDHURY_JAYABRATA,680403
RANGWANI_HARSH,680401
SHRIVASTAVA_ANSHAJ,680666
SHAH_MITALI,680669
SRUTHI_C_S,680665
NAREDDY_KARTHEEK_KUMAR_REDDY,680282
NAREDDY_KARTHEEK_KUMAR_REDDY,680284
PAVAN_KUMAR_G_V_V_R,680287
GOPI_LALGY,680280
NAYAK_KAVYA_K,680286
ATHEETH_S,680316
ATHEETH_S,680317
ATHEETH_S,680318
RAJESH_K_B,680322
HABEEB_P,680320
PANDA_BISWAJIT,680672
NAIR_SYAM_SUNDAR_SATHEESAN,680675
MAHAPATRA_SOUMYA_KANTI,680671
DOMINIC_ANUMOL,680674
GORANTLA_SRUTHI,680681
RAJ_RISHI,680684
JOSEPH_JOEL_P,680683
SINGH_DHEERENDRA_BAHADUR,679720
RAJSEKHAR_K,679717
MANE_LAXMIKANT_SARJERAO,679719
NAVEEN_KUMAR_MADDU,679718
TRIPATHI_ADITAY,680297
RONGHE_ANSHAJ,680292
MONDAL_SANDEEP_KUMAR,680296
ANKIT_KUMAR,680294
KRISHNARAJ_PRERANA,680295
MANAM_LALIT,680293
GUHA_SIRSHA,680400
BHADURI_BAIBASWATA,672644
JAGADISH_AKSHATHA,672643
RAUT_MANISH_SURESH,672645
LALITHAMBIKA_ANJALI_NAIR,672647
SUJI_N,672641
KAUSHAL_ISHAAN,672648
KUMAR_VIKASH,672639
DEHERI_RASHMITA,672642
ROY_AMAL,672628
REHAL_ARUN,672627
ARJUN_B_S,672631
VISHNUBHOTLA_VAISHNAVI,672635
MEHTA_MAHEK_VIJAYKUMAR,672629
CHOWDHURY_ANUBHAB,672634
MUKHERJEE_SOUGATA,672636
KAMAL_ARIF_MOHD,672630
VERMA_HEMANT_KUMAR,672637
HOQUE_SYED_JIAUL,672633
MIDHUN_E_K,672632
JHA_PAWAN_KUMAR,672655
SOLRA_MANJU,672657
PAUL_PROTIK_KUMAR,674055
SHIVAM_AMIT,674056
MONDAL_PRITIRANJAN,674060
KUMAR_SACHIN,674061
AVASARALA_SANKEERTHANA,674059
CHOWDHURY_ROHIT,674062
ROY_CHOWDHURY_SULOB,674660
SRIVASTAVA_ASHUTOSH,674659
BHARADWAJA_SAMEERA_H,675179
KUMARI_MOOTHEDATH_CHANDRAN,675176
PAVITHRA_N,675189
VISHNU_V_S,675192
SATHISHA_R_N,675191
KAUSHIK_DEEPAK,675197
PRATHIMA_B,675190
SINGH_YOGESH_PRATAP,675195
SHARMA_ADWAIT,675194
THULASI_CHAND,675193
CHANDRA_NAVIN_KUMAR,675196
MITRA_SHANKHANIL,675222
TRIPATHI_MADHAVI,675223
VIVEK_V_P,675224
AGRAWAL_PRANJAL,675219
VASHIST_EKLAVY,675225
HAQUE_ASRAFUL,675221
SINGH_MAGAN,675220
DAS_SUBHAS_CHANDRA,674080
KUMAR_KISHORE_C,674076
KUMAR_TARUN,674077
DASH_RAHUL_K,674075
BHAT_FURQAN_A,674394
KRISHNA_ANU_V,674646
GUPTA_ARVIND,674647
NISHANTH_M_P,674649
SUKESH_A,674648
YUVARAJ_I,674650
PANDA_SAGAR_RANJAN,674642
MAJUMDER_DEBALEENA,674641
SAIFUDEEN_AYSHA,674643
GHATAK_SAMBRITA,674644
SINGH_AKHAND_PRATAP,675184
CHANDRASEKHAR_ABISHEK,675186
NAMBOODIRI_KRISHNAN_K_K,675185
SEN_GUPTA_RIA,675182
PATIL_SHRAVANI_MAHESH,675187
HIMANSHU,675188
PETER_ELIZABATH,675183
CHOUDHURY_SASWAT,675181
KULKARNI_EESHAN,675180
HEMANTHINI_A_R,675214
RAMACHANDRA_SHESHADRI_KALKUNTE,675213
ROY_CHAUDHURI_RAJASHRI,675209
DAS_RESHMI,675218
SAHU_RENUKA,675212
JAYAMOHAN_MEENU,675211
SAHOO_JYOTIRANJAN,675217
MAJUMDER_ANUBHAB,675210
BHARTI_CHANDAN,675208
GUPTA_DEEPIKA,675207
DATTA_PRASAD_MADURAI_RAMESH,674064
ADDEPALLI_SRAVANTI,674063
LAXMI_K,674070
MAULIK_SUGOTO,674069
RAJATH_S,674065
JOSHI_RATHIN_K,674067
GANDRETI_SANTHOSH_B,674072
MAHESHVARE_DEEPA_M,674071
MISHRA_DEEPA,674099
BARMAN_PUBALI,674103
DUDDU_ATCHUTA_SRINIVAS,674400
KUMAR_JAMUN_N,674403
PRIYADARSHANI_SUCHI,674395
NAGABHUSHAN_S_N,674411
SHRIVASTAVA_ANSHUL,674412
PREMIKA_T_S,674406
SAHU_APOORVA,674640
GOSWAMI_SHUBHAM_KUMAR,674637
ANANDAN_MEGALA,674638
CHANDRA_AITICHYA,674639
GUPTA_SAURABH_KUMAR,675200
THAKUR_ANCHAL_SINGH,675203
KUSHWAHA_VISHAL,675206
PROSAD_ASISH,675205
JOJI_JINU,675201
BARUAH_DHRUBJYOTI,675202
MITTAL_SOUMYA,675204
SHARMA_SAMRIDH,675199
RAJ_SUBIN,688274
KUMAR_VISHNU,688271
PRADHAN_DILLIP_KUMAR,688269
VARGHESE_KIRAN_GEORGE,688267
SESHADRI_LAKSHMINARAYANAN,688261
MATHEWS_DHANYA_R,688268
JOSHI_RAKSHITHA_ULHAS,688266
RASHEED_ABDUR,690538
BABALAD_SHILPA,679721
SACHIN_K_S,680305
ASHWIN_K,680311
GUIN_SOUMYAJIT,680307
AHUJA_KARTIKA,680310
JOHN_JOSY,680285
GUPTA_SAARTHAK,680288
GUPTA_RAVI,680319
BISWAS_MEHEK,680315
DUBE_ANOOP_KUMAR,680321
UPADHYAYA_DEEPTI_B,680679
BADOLA_MAYANK,680676
ANANTHAN_M,680673
NAGRARE_SAMIKSHA_RAJKUMAR,680682
JAIN_PARAS,679300
MOHANTY_REEMA,679716
SRUTHI_C_S,679713
PHANENDRA_KUMAR_ATTADA,679715
MAJHI_JYOTI_RANJAN,679714
GUPTA_NITIN,680290
SINGH_UPKAR,680291
KADAMBARI_SAI_KIRAN,680289
KOTTAPALLI_ADITYA,675216
MASIWAL_RAJAT,675198
DUBE_ANOOP_KUMAR,699627
RASIPURAM_SOWMYA,326962
RAMAN_RAMAKRISHNAN,326970
BALACHANDRA_KUMARASWAMY,326976
ASWAL_ABHILASHA,351262
KASHI_RAJANIKANTH_N,351263
KONDAMADUGULA_SITA,351268
DARA_V_KRISHNA_SASHANK,351271
SHANKARANARAYANAN_HARI_BHASKAR,358402
KUMAR_D,358403
GOPAN_GOPIKA_K,326963
ORAON_NEHA,326972
JOSEPH_GRACY,326975
MANJUNATH_K_E,327003
ANIL_KUMAR_V,349673
SHARMA_ANNAPURNA,349825
RAKSHA_P_S,349829
BHATTACHARYA_DEBANJALI,349830
CHANDRABABU_ANUSHKA,391327
A_PARTHIBAN,397172
PRABHAKAR_ANJANA,397174
REDDY_RANI_VANGIMALLA,397177
VENGALIL_SUNIL_KUMAR,396293
SINGH_ABHISHEK,396294
GAONKAR_PRADNYA_TUKARAM,396295
KUMARI_PRITI,396297
HANBAL_RAJESH_DINESH,396298
THOMAS_CHINCHU,397175
RAMAMURTHY_CHINMAYE,397176
V_P_ABIDHA,508455
S_M_SHYAM,508456
ANAND_DEEPTI_J,508458
MATILAL_OINDRILA,508461
UPRETI_ARVIND,508464
K_N_NIKHILA,508465
JASWAL_MANPREET_KAUR,510262
MANDAL_AVIJIT,510263
DIWAN_CHAITALI,511525
GANESAN_NITHYA,511526
CHAKKA_SAI_PRADEEP,511961
SHAIK_MOHAMMED_WASEEM,593537
KULKARNI_APURVA,593540
VENKATESAN_KARTHIKA,593533
P_SURESH_VARSHA,593534
R_AMMU,593535
DESHMUKH_JAYATI,593536
B_S_AJAY,593539
AUSTIN_DEEPA,595169
NIRANJAN_RANJANI,595922
KALAKANTI_ARUN_KUMAR,595923
R_YASHWANTH,595924
G_GOWDA_BINDU,690390
VRIND_TUSHAR,690391
IDDALAGI_PAVAN,690395
D_R_VASANTHI,690396
KARISHMA,690397
K_ASHRAF_AMEENA,690398
N_P_SHARVARI,690400
MEVALDAS_LADWANI_VANDANA,690401
SHRIVASTAVA_SWAPNIL,691835
SHRIVASTAVA_SWAPNIL,691836
V_P_SANJAY,691837
V_P_SANJAY,691838
THOTTOLIL_RAHISHA,691839
JHA_NEETA,691840
MURUGESAN_KUMAR,691844
RAVINDRA_HARSHITHA,691845
AGARWAL_SNIGDHA,691846
PRADEEP_S,641598
RAKHI_S,616976
PRADIMA_BRITTO_J,619222
KRISHNA_PRASAD_S_J,619240
DIVYA_M_N,641597
KIMMI_KUMARI,619221
SURESH_KUMAR_S,619784
SUSHMA_B,626864
PRAMOD_SUNAGAR,626865
LAVANYA_VIKRAM,627996
RAVEENDRAKUMAR_T_H,642119
SOHINI_GUPTA,616977
HUDHAIFA_MOHAMMED_ABDULWAHAB,619239
NITHYA_B_N,619244
JENY_VARGHESE,619780
JENY_VARGHESE,619783
SHOBHA_P_JEEVANDRA,627997
DEEPAH_K,694175
ROOPA_K_R,703442
RAJENDRA_P,703852
DIVYAPRABHA_K_N,681838
ROOPESH_R,546660
JAWED_SANIYA,502433
SUTAR_NIKHIL,553959
PAVITHRA_H_M,619053
SOWJANYA_M,619520
ANANDA_KUMAR_S_R,681840
GAYATRI_T,625258
ANAGHA_K_KOWSHIK,610588
ASHWINI_H_R,629261
MANTESH_BASAPPA_KHOT,618584
VISHNU_PRASAD_C,686842
DILEEPKUMAR_V_G,611967
DEEPTHI_RAO_M,625257
SHILPA_B,629056
SUBODH_MONDAL,681839
MEDHA_MOHAN_HEGDE,722041
SUNITA_KUMARI,686841
AZRA_NASREEN,461878
RANGANATH_D,462295
SREE_VIDYA_R_C,462304
RAMAVENKATESWARAN_N,462313
SHOBHA_N_S,462318
DIVYA_TL,516320
KRISHNAN_R,516379
ROOPA_T_S,461634
BHAGYASHRI_R_HANJI,461943
NETHRAVATHI_K_A,461976
RAJANI_KATIYAR,462110
JAYANTHI_PN,462141
HEMALATHA_J_N,462225
M_SHIVASWAMY,462231
SHASHIKUMARA_S_R,462233
PRAVEEN_KUMAR_K,462236
N_SATISH_KUMAR,462258
SANDEEP_S_R,462274
V_S_KIRTHIKA_DEVI,462287
SHOBHA_N_S,462305
VIDYA_PATIL,462417
VIDYA_PATIL,462420
RAJESWARI_M,462536
DEEPIKA_K,516321
JAYASIMHA_S_R,516383
SUDHA_M,516386
MAMATHA_P_K,529088
VIDYA_PATIL,529091
DR_MAMTHA_V,461719
JYOTI_NEELI,461904
DILIP_R,462027
SUJATA_D_BADIGER,462041
MANJUNATH_MANAGULI,462178
ROOPA_J,462226
J_HARSHA,462241
YADURAJ,462266
TABITHA_JANUMALA,462267
SANDHYA_S,462268
MANUJAKSHI_B_C,462280
SHASHIDHAR_T_M,462288
RANGANI_G,462332
BHARATHI_GURURAJ,462334
NAGENDRA_KUMAR,462371
NAYANA_R_SHENOY,462390
NAGENDRA_KUMAR_M,462394
DEEPTHI_MURTHY_T_S,462443
NAGARAJA_P,462445
JYOTHI_R,462451
AKSHATHA_M_D,462537
TANUSREE_CHAUDHURI,462538
SMITA_KAVADIKERI,462541
JAYASHRI_BABURAO_MADALGI,516375
SHAILA_H_KOPPAD,516381
KALYAN_N,461788
KALYAN_N,461811
RAVIKUMAR_J,461914
SINDHU_D_V,461934
AMULYASHREE_S,461946
ASHWINI_GADAG,461967
AJAY_K_M,461970
JYOTI_SHETTY,462057
CHETHANA_G,462123
MOHANA,462152
PRAVEENA_T,462153
VASUDEVA_G,462173
ARUNKUMAR_P_CHAVAN,462221
RAJASREE_P_M,462223
SUBRAHMANYA_V_BHAT_P,462227
SAHANA_B,462230
HARSHA,462234
SINDHU_D,462240
D_KAVITHA,462257
RASHMI_R_DESHPANDE,462263
LEENA_CHANDRASHEKHAR,462269
SUMATHI_M_S,462282
MAHALAKSHMI,462286
VASUDHA_N,462292
RESMA_K_S,462293
SESHA_P_KALYUR,462294
SAMARA_MUBEEN,462296
PRAKASH_HADIMANI,462298
SHWETHA_K,462311
GOWRAMMA_G_S,462316
PRERANA_CHAITHRA,462331
AMARESH_C,462360
AKSHATHA_PRASANNA,462368
AKSHATHA_PRASANNA,462369
SUSHMA_J,462391
SUJATHA_A,462423
SUMA_N,462441
NIVYA_MUCHIKEL,462453
AKSHATHA_PRASANNA,462539
PADMAVATHI_P,462547
NIRMALA_JODALLI,529086
SUMA_N,529087
Y_SAILAJA,529090
KESHAV_M,515977
GIRISH_KUMAR_R,515979
RAGHAVENDRA_DEVADAS,515980
GIRISH_KUMAR_R_1RV13PMN06_UNDER_THE,515981
NAVEEN_PRAKASH_NORONHA,515982
H_PAVITHRA,515987
KAVITHA_J,515995
SOWMYA_K_S,515996
MAHANTESH_M_MATH,516006
SUMA_B,516171
ASHA_K,516173
PRAPULLA_S_B,516174
AMITH_SHEKHAR_C,516176
SHRUTHI_P,516259
NAGARAJU_P,516260
NARENDRA_KUMAR,516323
AKSHATHA_PRASANNA,516376
KOTHAI_ANDAL_C,516377
SUNITHAR,516378
SHUBHA_B_BARAVANI,516380
POOJA_R,516382
JYOTHI_R,516387
CHHAVI_GUPTA,516625
BINU_D,517398
V_MURALIDHARAN,525854
D_RADHA,529081
BHAVYA_R,529082
MOHAMMED_ASIF_KATTIMANI,529084
SAGAR_BM,529085
RADHIKA_M_G,529092
CHALAPATHIRAJU_KANUMURI,598157
SWETHA_V,598158
MANAS_M_N,598164
MAMATHA_S_K,598165
MADHU_C_S,598166
SHAMBULINGA_M,598171
USHA_PADMA,598346
SUNITHA_R,598757
JYOTHI_R,598758
KOTAIL_ANDAL,598759
SHUBHA_B_BARAVANI,598760
SUJAN_CHAKRABORTHY,597725
JINKA_RANGANAYAKULU,597727
R_KARTHIKEYAN,597735
VIVEKANAND_S_GOGI,597736
MELEET_MERIN,597788
JAGADEESH_BAGALI,597789
VANISHREE_K,597790
SHWETHA,597791
VANISHREE_K,597792
MELEET_MERIN,597793
VEENA_GADAD,598159
M_S_SRIVIDYA,598160
SNEHA_M,598161
SMRITI_SRIVASTAVA,598162
NALINI_SAMPATH,598163
BHAVANA_V,598167
R_V_KAVITHA,598168
T_KARTHIKAYINI,598172
SURESHA_C,598640
NANDITHA_KRISHNA,599440
NANDITHA_KRISHNA,599441
SUDHA_R_KARBARI,622253
ANITHA_N,629399
