Patent_ID,Field_ID
PAT_00001,POLYMER_TECHNOLOGY
PAT_00002,ELECTRONICS
PAT_00003,POLYMER_TECHNOLOGY
PAT_00004,COMPUTER_SCIENCE
PAT_00005,POLYMER_TECHNOLOGY
PAT_00006,POLYMER_TECHNOLOGY
PAT_00007,CHEMICAL
PAT_00008,ELECTRICAL
PAT_00009,CHEMICAL
PAT_00010,MECHANICAL_ENGINEERING
PAT_00011,PHYSICS
PAT_00012,CHEMICAL
PAT_00013,CHEMICAL
PAT_00014,CHEMICAL
PAT_00015,ELECTRONICS
PAT_00016,ELECTRONICS
PAT_00017,POLYMER_TECHNOLOGY
PAT_00018,CHEMICAL
PAT_00019,CHEMICAL
PAT_00020,CHEMICAL
PAT_00021,MECHANICAL_ENGINEERING
PAT_00022,COMMUNICATION
PAT_00023,BIOCHEMISTRY
PAT_00024,CHEMICAL
PAT_00025,CHEMICAL
PAT_00026,CHEMICAL
PAT_00027,CHEMICAL
PAT_00028,ELECTRONICS
PAT_00029,ELECTRONICS
PAT_00030,BIOMEDICAL_ENGINEERING
PAT_00031,BIOTECHNOLOGY
PAT_00032,MECHANICAL_ENGINEERING
PAT_00033,CHEMICAL
PAT_00034,MECHANICAL_ENGINEERING
PAT_00035,ELECTRONICS
PAT_00036,CHEMICAL
PAT_00037,POLYMER_TECHNOLOGY
PAT_00038,ELECTRICAL
PAT_00039,MECHANICAL_ENGINEERING
PAT_00040,CHEMICAL
PAT_00041,CHEMICAL
PAT_00042,POLYMER_TECHNOLOGY
PAT_00043,ELECTRONICS
PAT_00044,MECHANICAL_ENGINEERING
PAT_00045,PHYSICS
PAT_00046,BIOMEDICAL_ENGINEERING
PAT_00047,ELECTRONICS
PAT_00048,POLYMER_TECHNOLOGY
PAT_00049,CHEMICAL
PAT_00050,CHEMICAL
PAT_00051,BIOCHEMISTRY
PAT_00052,MECHANICAL_ENGINEERING
PAT_00053,POLYMER_TECHNOLOGY
PAT_00054,POLYMER_TECHNOLOGY
PAT_00055,CHEMICAL
PAT_00056,ELECTRONICS
PAT_00057,BIOMEDICAL_ENGINEERING
PAT_00058,CHEMICAL
PAT_00059,ELECTRONICS
PAT_00060,BIOMEDICAL_ENGINEERING
PAT_00061,MECHANICAL_ENGINEERING
PAT_00062,BIOCHEMISTRY
PAT_00063,MECHANICAL_ENGINEERING
PAT_00064,CHEMICAL
PAT_00065,ELECTRICAL
PAT_00066,COMMUNICATION
PAT_00067,ELECTRICAL
PAT_00068,BIOCHEMISTRY
PAT_00069,CHEMICAL
PAT_00070,MECHANICAL_ENGINEERING
PAT_00071,ELECTRICAL
PAT_00072,MECHANICAL_ENGINEERING
PAT_00073,ELECTRONICS
PAT_00074,CHEMICAL
PAT_00075,POLYMER_TECHNOLOGY
PAT_00076,ELECTRICAL
PAT_00077,CHEMICAL
PAT_00078,MECHANICAL_ENGINEERING
PAT_00079,BIOTECHNOLOGY
PAT_00080,ELECTRONICS
PAT_00081,ELECTRONICS
PAT_00082,COMPUTER_SCIENCE
PAT_00083,MECHANICAL_ENGINEERING
PAT_00084,BIOMEDICAL_ENGINEERING
PAT_00085,ELECTRICAL
PAT_00086,POLYMER_TECHNOLOGY
PAT_00087,MECHANICAL_ENGINEERING
PAT_00088,COMPUTER_SCIENCE
PAT_00089,BIOTECHNOLOGY
PAT_00090,POLYMER_TECHNOLOGY
PAT_00091,POLYMER_TECHNOLOGY
PAT_00092,MECHANICAL_ENGINEERING
PAT_00093,COMMUNICATION
PAT_00094,POLYMER_TECHNOLOGY
PAT_00095,PHYSICS
PAT_00096,CHEMICAL
PAT_00097,CHEMICAL
PAT_00098,MECHANICAL_ENGINEERING
PAT_00099,POLYMER_TECHNOLOGY
PAT_00100,CHEMICAL
PAT_00101,CHEMICAL
PAT_00102,MECHANICAL_ENGINEERING
PAT_00103,ELECTRICAL
PAT_00104,ELECTRICAL
PAT_00105,BIOMEDICAL_ENGINEERING
PAT_00106,BIOMEDICAL_ENGINEERING
PAT_00107,CHEMICAL
PAT_00108,BIOCHEMISTRY
PAT_00109,CHEMICAL
PAT_00110,COMPUTER_SCIENCE
PAT_00111,COMPUTER_SCIENCE
PAT_00112,POLYMER_TECHNOLOGY
PAT_00113,BIOMEDICAL_ENGINEERING
PAT_00114,COMMUNICATION
PAT_00115,PHYSICS
PAT_00116,ELECTRONICS
PAT_00117,MECHANICAL_ENGINEERING
PAT_00118,MECHANICAL_ENGINEERING
PAT_00119,ELECTRONICS
PAT_00120,ELECTRICAL
PAT_00121,MECHANICAL_ENGINEERING
PAT_00122,PHYSICS
PAT_00123,PHYSICS
PAT_00124,ELECTRONICS
PAT_00125,CIVIL
PAT_00126,BIOTECHNOLOGY
PAT_00127,PHYSICS
PAT_00128,CHEMICAL
PAT_00129,PHYSICS
PAT_00130,CHEMICAL
PAT_00131,ELECTRONICS
PAT_00132,ELECTRONICS
PAT_00133,ELECTRICAL
PAT_00134,ELECTRONICS
PAT_00135,ELECTRONICS
PAT_00136,ELECTRONICS
PAT_00137,ELECTRONICS
PAT_00138,BIOMEDICAL_ENGINEERING
PAT_00139,ELECTRICAL
PAT_00140,ELECTRICAL
PAT_00141,ELECTRICAL
PAT_00142,COMPUTER_SCIENCE
PAT_00143,CHEMICAL
PAT_00144,POLYMER_TECHNOLOGY
PAT_00145,POLYMER_TECHNOLOGY
PAT_00146,ELECTRONICS
PAT_00147,ELECTRICAL
PAT_00148,ELECTRONICS
PAT_00149,CIVIL
PAT_00150,PHYSICS
PAT_00151,CHEMICAL
PAT_00152,ELECTRICAL
PAT_00153,CHEMICAL
PAT_00154,BIOTECHNOLOGY
PAT_00155,COMMUNICATION
PAT_00156,MECHANICAL_ENGINEERING
PAT_00157,MECHANICAL_ENGINEERING
PAT_00158,MECHANICAL_ENGINEERING
PAT_00159,COMMUNICATION
PAT_00160,CHEMICAL
PAT_00161,ELECTRONICS
PAT_00162,ELECTRICAL
PAT_00163,MECHANICAL_ENGINEERING
PAT_00164,COMMUNICATION
PAT_00165,BIOTECHNOLOGY
PAT_00166,POLYMER_TECHNOLOGY
PAT_00167,POLYMER_TECHNOLOGY
PAT_00168,ELECTRONICS
PAT_00169,ELECTRONICS
PAT_00170,ELECTRONICS
PAT_00171,CHEMICAL
PAT_00172,MECHANICAL_ENGINEERING
PAT_00173,ELECTRONICS
PAT_00174,ELECTRONICS
PAT_00175,BIOMEDICAL_ENGINEERING
PAT_00176,CHEMICAL
PAT_00177,COMPUTER_SCIENCE
PAT_00178,ELECTRONICS
PAT_00179,PHYSICS
PAT_00180,PHYSICS
PAT_00181,COMMUNICATION
PAT_00182,BIOMEDICAL_ENGINEERING
PAT_00183,MECHANICAL_ENGINEERING
PAT_00184,PHYSICS
PAT_00185,ELECTRICAL
PAT_00186,BIOTECHNOLOGY
PAT_00187,COMPUTER_SCIENCE
PAT_00188,POLYMER_TECHNOLOGY
PAT_00189,MECHANICAL_ENGINEERING
PAT_00190,BIOCHEMISTRY
PAT_00191,BIOMEDICAL_ENGINEERING
PAT_00192,ELECTRONICS
PAT_00193,BIOMEDICAL_ENGINEERING
PAT_00194,MECHANICAL_ENGINEERING
PAT_00195,BIOMEDICAL_ENGINEERING
PAT_00196,BIOMEDICAL_ENGINEERING
PAT_00197,MECHANICAL_ENGINEERING
PAT_00198,PHYSICS
PAT_00199,POLYMER_TECHNOLOGY
PAT_00200,ELECTRONICS
PAT_00201,CHEMICAL
PAT_00202,PHYSICS
PAT_00203,BIOMEDICAL_ENGINEERING
PAT_00204,ELECTRONICS
PAT_00205,CHEMICAL
PAT_00206,PHYSICS
PAT_00207,CHEMICAL
PAT_00208,MECHANICAL_ENGINEERING
PAT_00209,MECHANICAL_ENGINEERING
PAT_00210,FOOD
PAT_00211,CHEMICAL
PAT_00212,COMPUTER_SCIENCE
PAT_00213,PHYSICS
PAT_00214,ELECTRONICS
PAT_00215,BIOMEDICAL_ENGINEERING
PAT_00216,BIOMEDICAL_ENGINEERING
PAT_00217,CHEMICAL
PAT_00218,MECHANICAL_ENGINEERING
PAT_00219,BIOMEDICAL_ENGINEERING
PAT_00220,BIOTECHNOLOGY
PAT_00221,BIOMEDICAL_ENGINEERING
PAT_00222,BIOMEDICAL_ENGINEERING
PAT_00223,MECHANICAL_ENGINEERING
PAT_00224,CHEMICAL
PAT_00225,ELECTRONICS
PAT_00226,COMPUTER_SCIENCE
PAT_00227,BIOTECHNOLOGY
PAT_00228,BIOTECHNOLOGY
PAT_00229,CHEMICAL
PAT_00230,ELECTRONICS
PAT_00231,ELECTRONICS
PAT_00232,POLYMER_TECHNOLOGY
PAT_00233,ELECTRICAL
PAT_00234,TEXTILE
PAT_00235,METALLURGY
PAT_00236,ELECTRONICS
PAT_00237,MECHANICAL_ENGINEERING
PAT_00238,POLYMER_TECHNOLOGY
PAT_00239,MECHANICAL_ENGINEERING
PAT_00240,CHEMICAL
PAT_00241,MECHANICAL_ENGINEERING
PAT_00242,COMMUNICATION
PAT_00243,MECHANICAL_ENGINEERING
PAT_00244,COMPUTER_SCIENCE
PAT_00245,BIOCHEMISTRY
PAT_00246,MECHANICAL_ENGINEERING
PAT_00247,ELECTRONICS
PAT_00248,ELECTRICAL
PAT_00249,BIOMEDICAL_ENGINEERING
PAT_00250,COMMUNICATION
PAT_00251,ELECTRICAL
PAT_00252,CHEMICAL
PAT_00253,MECHANICAL_ENGINEERING
PAT_00254,POLYMER_TECHNOLOGY
PAT_00255,CHEMICAL
PAT_00256,ELECTRICAL
PAT_00257,METALLURGY
PAT_00258,COMPUTER_SCIENCE
PAT_00259,MECHANICAL_ENGINEERING
PAT_00260,PHYSICS
PAT_00261,PHYSICS
PAT_00262,COMPUTER_SCIENCE
PAT_00263,BIOMEDICAL_ENGINEERING
PAT_00264,ELECTRICAL
PAT_00265,ELECTRONICS
PAT_00266,BIOTECHNOLOGY
PAT_00267,PHYSICS
PAT_00268,PHYSICS
PAT_00269,PHYSICS
PAT_00270,ELECTRICAL
PAT_00271,BIOMEDICAL_ENGINEERING
PAT_00272,ELECTRONICS
PAT_00273,BIOMEDICAL_ENGINEERING
PAT_00274,PHYSICS
PAT_00275,ELECTRONICS
PAT_00276,BIOTECHNOLOGY
PAT_00277,PHYSICS
PAT_00278,BIOMEDICAL_ENGINEERING
PAT_00279,BIOMEDICAL_ENGINEERING
PAT_00280,BIOMEDICAL_ENGINEERING
PAT_00281,PHYSICS
PAT_00282,BIOMEDICAL_ENGINEERING
PAT_00283,BIOMEDICAL_ENGINEERING
PAT_00284,BIOTECHNOLOGY
PAT_00285,BIOMEDICAL_ENGINEERING
PAT_00286,CHEMICAL
PAT_00287,PHYSICS
PAT_00288,CHEMICAL
PAT_00289,BIOCHEMISTRY
PAT_00290,PHYSICS
PAT_00291,PHYSICS
PAT_00292,CHEMICAL
PAT_00293,BIOMEDICAL_ENGINEERING
PAT_00294,ELECTRONICS
PAT_00295,COMPUTER_SCIENCE
PAT_00296,ELECTRONICS
PAT_00297,ELECTRONICS
PAT_00298,METALLURGY
PAT_00299,CHEMICAL
PAT_00300,ELECTRONICS
PAT_00301,ELECTRONICS
PAT_00302,ELECTRONICS
PAT_00303,MECHANICAL_ENGINEERING
PAT_00304,MECHANICAL_ENGINEERING
PAT_00305,PHYSICS
PAT_00306,BIOMEDICAL_ENGINEERING
PAT_00307,COMPUTER_SCIENCE
PAT_00308,BIOMEDICAL_ENGINEERING
PAT_00309,COMMUNICATION
PAT_00310,MECHANICAL_ENGINEERING
PAT_00311,MECHANICAL_ENGINEERING
PAT_00312,BIOTECHNOLOGY
PAT_00313,ELECTRICAL
PAT_00314,ELECTRICAL
PAT_00315,ELECTRONICS
PAT_00316,FOOD
PAT_00317,MECHANICAL_ENGINEERING
PAT_00318,ELECTRICAL
PAT_00319,COMPUTER_SCIENCE
PAT_00320,PHYSICS
PAT_00321,FOOD
PAT_00322,BIOMEDICAL_ENGINEERING
PAT_00323,BIOTECHNOLOGY
PAT_00324,CHEMICAL
PAT_00325,MECHANICAL_ENGINEERING
PAT_00326,ELECTRONICS
PAT_00327,CHEMICAL
PAT_00328,FOOD
PAT_00329,BIOMEDICAL_ENGINEERING
PAT_00330,MECHANICAL_ENGINEERING
PAT_00331,COMPUTER_SCIENCE
PAT_00332,ELECTRICAL
PAT_00333,BIOTECHNOLOGY
PAT_00334,BIOMEDICAL_ENGINEERING
PAT_00335,ELECTRONICS
PAT_00336,ELECTRONICS
PAT_00337,METALLURGY
PAT_00338,ELECTRONICS
PAT_00339,PHYSICS
PAT_00340,CHEMICAL
PAT_00341,ELECTRONICS
PAT_00342,ELECTRICAL
PAT_00343,CHEMICAL
PAT_00344,BIOTECHNOLOGY
PAT_00345,CHEMICAL
PAT_00346,PHYSICS
PAT_00347,ELECTRICAL
PAT_00348,ELECTRICAL
PAT_00349,BIOTECHNOLOGY
PAT_00350,POLYMER_TECHNOLOGY
PAT_00351,CHEMICAL
PAT_00352,ELECTRONICS
PAT_00353,MECHANICAL_ENGINEERING
PAT_00354,MECHANICAL_ENGINEERING
PAT_00355,ELECTRONICS
PAT_00356,COMPUTER_SCIENCE
PAT_00357,CHEMICAL
PAT_00358,BIOMEDICAL_ENGINEERING
PAT_00359,BIOCHEMISTRY
PAT_00360,CHEMICAL
PAT_00361,MECHANICAL_ENGINEERING
PAT_00362,ELECTRONICS
PAT_00363,COMMUNICATION
PAT_00364,MECHANICAL_ENGINEERING
PAT_00365,MECHANICAL_ENGINEERING
PAT_00366,MECHANICAL_ENGINEERING
PAT_00367,MECHANICAL_ENGINEERING
PAT_00368,ELECTRICAL
PAT_00369,BIOTECHNOLOGY
PAT_00370,PHYSICS
PAT_00371,COMPUTER_SCIENCE
PAT_00372,ELECTRONICS
PAT_00373,BIOMEDICAL_ENGINEERING
PAT_00374,CHEMICAL
PAT_00375,CHEMICAL
PAT_00376,ELECTRONICS
PAT_00377,ELECTRONICS
PAT_00378,ELECTRONICS
PAT_00379,BIOMEDICAL_ENGINEERING
PAT_00380,CHEMICAL
PAT_00381,COMPUTER_SCIENCE
PAT_00382,COMPUTER_SCIENCE
PAT_00383,ELECTRONICS
PAT_00384,MECHANICAL_ENGINEERING
PAT_00385,ELECTRONICS
PAT_00386,ELECTRONICS
PAT_00387,ELECTRONICS
PAT_00388,MECHANICAL_ENGINEERING
PAT_00389,METALLURGY
PAT_00390,ELECTRONICS
PAT_00391,MECHANICAL_ENGINEERING
PAT_00392,ELECTRONICS
PAT_00393,ELECTRICAL
PAT_00394,CHEMICAL
PAT_00395,CHEMICAL
PAT_00396,CHEMICAL
PAT_00397,CHEMICAL
PAT_00398,ELECTRICAL
PAT_00399,CHEMICAL
PAT_00400,CHEMICAL
PAT_00401,BIOMEDICAL_ENGINEERING
PAT_00402,PHYSICS
PAT_00403,MECHANICAL_ENGINEERING
PAT_00404,CHEMICAL
PAT_00405,ELECTRICAL
PAT_00406,CIVIL
PAT_00407,ELECTRICAL
PAT_00408,ELECTRONICS
PAT_00409,ELECTRONICS
PAT_00410,PHYSICS
PAT_00411,UNKNOWN
PAT_00412,FOOD
PAT_00413,COMMUNICATION
PAT_00414,ELECTRONICS
PAT_00415,COMPUTER_SCIENCE
PAT_00416,COMMUNICATION
PAT_00417,COMPUTER_SCIENCE
PAT_00418,COMMUNICATION
PAT_00419,ELECTRONICS
PAT_00420,ELECTRONICS
PAT_00421,COMPUTER_SCIENCE
PAT_00422,ELECTRONICS
PAT_00423,COMMUNICATION
PAT_00424,PHYSICS
PAT_00425,ELECTRICAL
PAT_00426,PHYSICS
PAT_00427,BIOMEDICAL_ENGINEERING
PAT_00428,COMPUTER_SCIENCE
PAT_00429,ELECTRICAL
PAT_00430,BIOMEDICAL_ENGINEERING
PAT_00431,ELECTRONICS
PAT_00432,MECHANICAL_ENGINEERING
PAT_00433,COMPUTER_SCIENCE
PAT_00434,COMMUNICATION
PAT_00435,PHYSICS
PAT_00436,ELECTRONICS
PAT_00437,MECHANICAL_ENGINEERING
PAT_00438,ELECTRICAL
PAT_00439,CHEMICAL
PAT_00440,ELECTRICAL
PAT_00441,CHEMICAL
PAT_00442,ELECTRONICS
PAT_00443,MECHANICAL_ENGINEERING
PAT_00444,CHEMICAL
PAT_00445,MECHANICAL_ENGINEERING
PAT_00446,COMPUTER_SCIENCE
PAT_00447,COMMUNICATION
PAT_00448,CHEMICAL
PAT_00449,CHEMICAL
PAT_00450,TEXTILE
PAT_00451,BIOMEDICAL_ENGINEERING
PAT_00452,BIOMEDICAL_ENGINEERING
PAT_00453,CHEMICAL
PAT_00454,BIOCHEMISTRY
PAT_00455,PHYSICS
PAT_00456,MECHANICAL_ENGINEERING
PAT_00457,COMPUTER_SCIENCE
PAT_00458,MECHANICAL_ENGINEERING
PAT_00459,COMMUNICATION
PAT_00460,ELECTRONICS
PAT_00461,COMPUTER_SCIENCE
PAT_00462,COMPUTER_SCIENCE
PAT_00463,BIOTECHNOLOGY
PAT_00464,ELECTRONICS
PAT_00465,FOOD
PAT_00466,FOOD
PAT_00467,COMPUTER_SCIENCE
PAT_00468,BIOMEDICAL_ENGINEERING
PAT_00469,COMPUTER_SCIENCE
PAT_00470,COMPUTER_SCIENCE
PAT_00471,COMPUTER_SCIENCE
PAT_00472,ELECTRONICS
PAT_00473,COMPUTER_SCIENCE
PAT_00474,BIOMEDICAL_ENGINEERING
PAT_00475,COMPUTER_SCIENCE
PAT_00476,COMMUNICATION
PAT_00477,PHYSICS
PAT_00478,MECHANICAL_ENGINEERING
PAT_00479,MECHANICAL_ENGINEERING
PAT_00480,METALLURGY
PAT_00481,MECHANICAL_ENGINEERING
PAT_00482,COMPUTER_SCIENCE
PAT_00483,CHEMICAL
PAT_00484,BIOMEDICAL_ENGINEERING
PAT_00485,CHEMICAL
PAT_00486,TEXTILE
PAT_00487,BIOMEDICAL_ENGINEERING
PAT_00488,BIOMEDICAL_ENGINEERING
PAT_00489,CHEMICAL
PAT_00490,BIOMEDICAL_ENGINEERING
PAT_00491,MECHANICAL_ENGINEERING
PAT_00492,BIOMEDICAL_ENGINEERING
PAT_00493,BIOMEDICAL_ENGINEERING
PAT_00494,MECHANICAL_ENGINEERING
PAT_00495,MECHANICAL_ENGINEERING
PAT_00496,COMPUTER_SCIENCE
PAT_00497,CHEMICAL
PAT_00498,CHEMICAL
PAT_00499,BIOTECHNOLOGY
PAT_00500,CHEMICAL
PAT_00501,BIOMEDICAL_ENGINEERING
PAT_00502,COMMUNICATION
PAT_00503,CHEMICAL
PAT_00504,PHYSICS
PAT_00505,ELECTRONICS
PAT_00506,CHEMICAL
PAT_00507,CHEMICAL
PAT_00508,COMPUTER_SCIENCE
PAT_00509,BIOMEDICAL_ENGINEERING
PAT_00510,ELECTRICAL
PAT_00511,ELECTRICAL
PAT_00512,COMPUTER_SCIENCE
PAT_00513,CHEMICAL
PAT_00514,CHEMICAL
PAT_00515,ELECTRONICS
PAT_00516,CHEMICAL
PAT_00517,CHEMICAL
PAT_00518,POLYMER_TECHNOLOGY
PAT_00519,COMPUTER_SCIENCE
PAT_00520,PHYSICS
PAT_00521,BIOMEDICAL_ENGINEERING
PAT_00522,MECHANICAL_ENGINEERING
PAT_00523,PHYSICS
PAT_00524,CHEMICAL
PAT_00525,ELECTRONICS
PAT_00526,PHYSICS
PAT_00527,ELECTRONICS
PAT_00528,COMPUTER_SCIENCE
PAT_00529,ELECTRONICS
PAT_00530,BIOTECHNOLOGY
PAT_00531,ELECTRONICS
PAT_00532,ELECTRONICS
PAT_00533,BIOMEDICAL_ENGINEERING
PAT_00534,MECHANICAL_ENGINEERING
PAT_00535,MECHANICAL_ENGINEERING
PAT_00536,CIVIL
PAT_00537,MECHANICAL_ENGINEERING
PAT_00538,ELECTRONICS
PAT_00539,ELECTRICAL
PAT_00540,POLYMER_TECHNOLOGY
PAT_00541,PHYSICS
PAT_00542,BIOMEDICAL_ENGINEERING
PAT_00543,CHEMICAL
PAT_00544,COMPUTER_SCIENCE
PAT_00545,ELECTRONICS
PAT_00546,MECHANICAL_ENGINEERING
PAT_00547,POLYMER_TECHNOLOGY
PAT_00548,COMMUNICATION
PAT_00549,BIOTECHNOLOGY
PAT_00550,POLYMER_TECHNOLOGY
PAT_00551,POLYMER_TECHNOLOGY
PAT_00552,MECHANICAL_ENGINEERING
PAT_00553,MECHANICAL_ENGINEERING
PAT_00554,ELECTRICAL
PAT_00555,MECHANICAL_ENGINEERING
PAT_00556,MECHANICAL_ENGINEERING
PAT_00557,PHYSICS
PAT_00558,POLYMER_TECHNOLOGY
PAT_00559,COMPUTER_SCIENCE
PAT_00560,ELECTRONICS
PAT_00561,BIOMEDICAL_ENGINEERING
PAT_00562,BIOMEDICAL_ENGINEERING
PAT_00563,CHEMICAL
PAT_00564,MECHANICAL_ENGINEERING
PAT_00565,CHEMICAL
PAT_00566,CHEMICAL
PAT_00567,ELECTRICAL
PAT_00568,MECHANICAL_ENGINEERING
PAT_00569,METALLURGY
PAT_00570,POLYMER_TECHNOLOGY
PAT_00571,COMPUTER_SCIENCE
PAT_00572,COMPUTER_SCIENCE
PAT_00573,CIVIL
PAT_00574,MECHANICAL_ENGINEERING
PAT_00575,CHEMICAL
PAT_00576,ELECTRONICS
PAT_00577,BIOTECHNOLOGY
PAT_00578,POLYMER_TECHNOLOGY
PAT_00579,COMMUNICATION
PAT_00580,BIOCHEMISTRY
PAT_00581,POLYMER_TECHNOLOGY
PAT_00582,POLYMER_TECHNOLOGY
PAT_00583,CHEMICAL
PAT_00584,MECHANICAL_ENGINEERING
PAT_00585,CHEMICAL
PAT_00586,POLYMER_TECHNOLOGY
PAT_00587,CHEMICAL
PAT_00588,BIOMEDICAL_ENGINEERING
PAT_00589,BIOCHEMISTRY
PAT_00590,POLYMER_TECHNOLOGY
PAT_00591,ELECTRONICS
PAT_00592,ELECTRONICS
PAT_00593,BIOTECHNOLOGY
PAT_00594,CHEMICAL
PAT_00595,CHEMICAL
PAT_00596,ELECTRICAL
PAT_00597,BIOCHEMISTRY
PAT_00598,BIOMEDICAL_ENGINEERING
PAT_00599,MECHANICAL_ENGINEERING
PAT_00600,CHEMICAL
PAT_00601,COMMUNICATION
PAT_00602,ELECTRONICS
PAT_00603,BIOMEDICAL_ENGINEERING
PAT_00604,TEXTILE
PAT_00605,ELECTRICAL
PAT_00606,PHYSICS
PAT_00607,BIOMEDICAL_ENGINEERING
PAT_00608,COMPUTER_SCIENCE
PAT_00609,COMPUTER_SCIENCE
PAT_00610,PHYSICS
PAT_00611,MECHANICAL_ENGINEERING
PAT_00612,POLYMER_TECHNOLOGY
PAT_00613,CHEMICAL
PAT_00614,ELECTRICAL
PAT_00615,BIOMEDICAL_ENGINEERING
PAT_00616,ELECTRONICS
PAT_00617,MECHANICAL_ENGINEERING
PAT_00618,COMMUNICATION
PAT_00619,ELECTRICAL
PAT_00620,BIOMEDICAL_ENGINEERING
PAT_00621,BIOCHEMISTRY
PAT_00622,PHYSICS
PAT_00623,MECHANICAL_ENGINEERING
PAT_00624,ELECTRONICS
PAT_00625,BIOTECHNOLOGY
PAT_00626,CHEMICAL
PAT_00627,BIOMEDICAL_ENGINEERING
PAT_00628,MECHANICAL_ENGINEERING
PAT_00629,POLYMER_TECHNOLOGY
PAT_00630,BIOTECHNOLOGY
PAT_00631,POLYMER_TECHNOLOGY
PAT_00632,BIOTECHNOLOGY
PAT_00633,MECHANICAL_ENGINEERING
PAT_00634,MECHANICAL_ENGINEERING
PAT_00635,MECHANICAL_ENGINEERING
PAT_00636,ELECTRONICS
PAT_00637,ELECTRONICS
PAT_00638,ELECTRONICS
PAT_00639,COMPUTER_SCIENCE
PAT_00640,BIOMEDICAL_ENGINEERING
PAT_00641,MECHANICAL_ENGINEERING
PAT_00642,COMMUNICATION
PAT_00643,COMPUTER_SCIENCE
PAT_00644,ELECTRONICS
PAT_00645,BIOMEDICAL_ENGINEERING
PAT_00646,MECHANICAL_ENGINEERING
PAT_00647,POLYMER_TECHNOLOGY
PAT_00648,ELECTRONICS
PAT_00649,CHEMICAL
PAT_00650,MECHANICAL_ENGINEERING
PAT_00651,BIOMEDICAL_ENGINEERING
PAT_00652,BIOMEDICAL_ENGINEERING
PAT_00653,CHEMICAL
PAT_00654,COMMUNICATION
PAT_00655,MECHANICAL_ENGINEERING
PAT_00656,MECHANICAL_ENGINEERING
PAT_00657,MECHANICAL_ENGINEERING
PAT_00658,ELECTRONICS
PAT_00659,CIVIL
PAT_00660,BIOTECHNOLOGY
PAT_00661,COMMUNICATION
PAT_00662,POLYMER_TECHNOLOGY
PAT_00663,CHEMICAL
PAT_00664,MECHANICAL_ENGINEERING
PAT_00665,ELECTRONICS
PAT_00666,PHYSICS
PAT_00667,CHEMICAL
PAT_00668,ELECTRICAL
PAT_00669,ELECTRICAL
PAT_00670,ELECTRONICS
PAT_00671,METALLURGY
PAT_00672,ELECTRONICS
PAT_00673,ELECTRONICS
PAT_00674,COMPUTER_SCIENCE
PAT_00675,ELECTRICAL
PAT_00676,MECHANICAL_ENGINEERING
PAT_00677,POLYMER_TECHNOLOGY
PAT_00678,POLYMER_TECHNOLOGY
PAT_00679,COMPUTER_SCIENCE
PAT_00680,PHYSICS
PAT_00681,BIOTECHNOLOGY
PAT_00682,BIOTECHNOLOGY
PAT_00683,BIOCHEMISTRY
PAT_00684,ELECTRONICS
PAT_00685,MECHANICAL_ENGINEERING
PAT_00686,COMMUNICATION
PAT_00687,MECHANICAL_ENGINEERING
PAT_00688,BIOCHEMISTRY
PAT_00689,BIOCHEMISTRY
PAT_00690,MECHANICAL_ENGINEERING
PAT_00691,COMMUNICATION
PAT_00692,ELECTRONICS
PAT_00693,POLYMER_TECHNOLOGY
PAT_00694,CHEMICAL
PAT_00695,COMMUNICATION
PAT_00696,ELECTRICAL
PAT_00697,BIOMEDICAL_ENGINEERING
PAT_00698,ELECTRONICS
PAT_00699,BIOMEDICAL_ENGINEERING
PAT_00700,MECHANICAL_ENGINEERING
PAT_00701,MECHANICAL_ENGINEERING
PAT_00702,COMMUNICATION
PAT_00703,CHEMICAL
PAT_00704,BIOCHEMISTRY
PAT_00705,BIOMEDICAL_ENGINEERING
PAT_00706,PHYSICS
PAT_00707,CHEMICAL
PAT_00708,CHEMICAL
PAT_00709,BIOMEDICAL_ENGINEERING
PAT_00710,BIOTECHNOLOGY
PAT_00711,PHYSICS
PAT_00712,PHYSICS
PAT_00713,COMPUTER_SCIENCE
PAT_00714,PHYSICS
PAT_00715,MECHANICAL_ENGINEERING
PAT_00716,ELECTRONICS
PAT_00717,ELECTRICAL
PAT_00718,CHEMICAL
PAT_00719,ELECTRICAL
PAT_00720,ELECTRONICS
PAT_00721,ELECTRONICS
PAT_00722,ELECTRONICS
PAT_00723,PHYSICS
PAT_00724,ELECTRONICS
PAT_00725,ELECTRONICS
PAT_00726,ELECTRONICS
PAT_00727,POLYMER_TECHNOLOGY
PAT_00728,POLYMER_TECHNOLOGY
PAT_00729,ELECTRONICS
PAT_00730,BIOMEDICAL_ENGINEERING
PAT_00731,PHYSICS
PAT_00732,BIOMEDICAL_ENGINEERING
PAT_00733,BIOCHEMISTRY
PAT_00734,BIOTECHNOLOGY
PAT_00735,BIOMEDICAL_ENGINEERING
PAT_00736,CHEMICAL
PAT_00737,BIOCHEMISTRY
PAT_00738,COMMUNICATION
PAT_00739,BIOMEDICAL_ENGINEERING
PAT_00740,MECHANICAL_ENGINEERING
PAT_00741,ELECTRICAL
PAT_00742,CHEMICAL
PAT_00743,CHEMICAL
PAT_00744,CHEMICAL
PAT_00745,PHYSICS
PAT_00746,BIOMEDICAL_ENGINEERING
PAT_00747,CHEMICAL
PAT_00748,CHEMICAL
PAT_00749,CHEMICAL
PAT_00750,ELECTRICAL
PAT_00751,CHEMICAL
PAT_00752,ELECTRICAL
PAT_00753,COMPUTER_SCIENCE
PAT_00754,BIOTECHNOLOGY
PAT_00755,BIOCHEMISTRY
PAT_00756,COMMUNICATION
PAT_00757,MECHANICAL_ENGINEERING
PAT_00758,CHEMICAL
PAT_00759,ELECTRONICS
PAT_00760,CHEMICAL
PAT_00761,BIOCHEMISTRY
PAT_00762,ELECTRONICS
PAT_00763,COMPUTER_SCIENCE
PAT_00764,BIOMEDICAL_ENGINEERING
PAT_00765,BIOTECHNOLOGY
PAT_00766,CHEMICAL
PAT_00767,MECHANICAL_ENGINEERING
PAT_00768,COMPUTER_SCIENCE
PAT_00769,MECHANICAL_ENGINEERING
PAT_00770,COMMUNICATION
PAT_00771,COMMUNICATION
PAT_00772,CHEMICAL
PAT_00773,ELECTRONICS
PAT_00774,PHYSICS
PAT_00775,BIOMEDICAL_ENGINEERING
PAT_00776,COMMUNICATION
PAT_00777,COMPUTER_SCIENCE
PAT_00778,MECHANICAL_ENGINEERING
PAT_00779,COMMUNICATION
PAT_00780,ELECTRONICS
PAT_00781,COMMUNICATION
PAT_00782,COMPUTER_SCIENCE
PAT_00783,ELECTRONICS
PAT_00784,COMPUTER_SCIENCE
PAT_00785,MECHANICAL_ENGINEERING
PAT_00786,ELECTRICAL
PAT_00787,ELECTRONICS
PAT_00788,ELECTRONICS
PAT_00789,COMMUNICATION
PAT_00790,ELECTRONICS
PAT_00791,ELECTRONICS
PAT_00792,MECHANICAL_ENGINEERING
PAT_00793,COMPUTER_SCIENCE
PAT_00794,COMMUNICATION
PAT_00795,CHEMICAL
PAT_00796,MECHANICAL_ENGINEERING
PAT_00797,BIOMEDICAL_ENGINEERING
PAT_00798,COMMUNICATION
PAT_00799,COMPUTER_SCIENCE
PAT_00800,COMMUNICATION
PAT_00801,BIOMEDICAL_ENGINEERING
PAT_00802,BIOMEDICAL_ENGINEERING
PAT_00803,COMPUTER_SCIENCE
PAT_00804,COMPUTER_SCIENCE
PAT_00805,COMMUNICATION
PAT_00806,COMPUTER_SCIENCE
PAT_00807,PHYSICS
PAT_00808,BIOMEDICAL_ENGINEERING
PAT_00809,COMPUTER_SCIENCE
PAT_00810,CHEMICAL
PAT_00811,BIOMEDICAL_ENGINEERING
PAT_00812,BIOMEDICAL_ENGINEERING
PAT_00813,COMPUTER_SCIENCE
PAT_00814,COMPUTER_SCIENCE
PAT_00815,FOOD
PAT_00816,COMMUNICATION
PAT_00817,COMMUNICATION
PAT_00818,MECHANICAL_ENGINEERING
PAT_00819,COMPUTER_SCIENCE
PAT_00820,ELECTRICAL
PAT_00821,CHEMICAL
PAT_00822,COMPUTER_SCIENCE
PAT_00823,BIOMEDICAL_ENGINEERING
PAT_00824,ELECTRICAL
PAT_00825,COMMUNICATION
PAT_00826,ELECTRONICS
PAT_00827,ELECTRONICS
PAT_00828,COMMUNICATION
PAT_00829,COMPUTER_SCIENCE
PAT_00830,BIOMEDICAL_ENGINEERING
PAT_00831,BIOMEDICAL_ENGINEERING
PAT_00832,COMPUTER_SCIENCE
PAT_00833,COMPUTER_SCIENCE
PAT_00834,ELECTRONICS
PAT_00835,COMPUTER_SCIENCE
PAT_00836,MECHANICAL_ENGINEERING
PAT_00837,MECHANICAL_ENGINEERING
PAT_00838,METALLURGY
PAT_00839,COMPUTER_SCIENCE
PAT_00840,BIOMEDICAL_ENGINEERING
PAT_00841,MECHANICAL_ENGINEERING
PAT_00842,COMMUNICATION
PAT_00843,ELECTRICAL
PAT_00844,BIOCHEMISTRY
PAT_00845,COMPUTER_SCIENCE
PAT_00846,BIOMEDICAL_ENGINEERING
PAT_00847,COMPUTER_SCIENCE
PAT_00848,COMPUTER_SCIENCE
PAT_00849,ELECTRONICS
PAT_00850,BIOTECHNOLOGY
PAT_00851,MECHANICAL_ENGINEERING
PAT_00852,COMPUTER_SCIENCE
PAT_00853,COMPUTER_SCIENCE
PAT_00854,CHEMICAL
PAT_00855,ELECTRICAL
PAT_00856,COMPUTER_SCIENCE
PAT_00857,COMPUTER_SCIENCE
PAT_00858,PHYSICS
PAT_00859,ELECTRONICS
PAT_00860,COMMUNICATION
PAT_00861,CHEMICAL
PAT_00862,CIVIL
PAT_00863,ELECTRICAL
PAT_00864,ELECTRONICS
PAT_00865,PHYSICS
PAT_00866,COMPUTER_SCIENCE
PAT_00867,COMPUTER_SCIENCE
PAT_00868,COMMUNICATION
PAT_00869,COMMUNICATION
PAT_00870,MECHANICAL_ENGINEERING
PAT_00871,MECHANICAL_ENGINEERING
PAT_00872,ELECTRONICS
PAT_00873,BIOMEDICAL_ENGINEERING
PAT_00874,COMPUTER_SCIENCE
PAT_00875,COMPUTER_SCIENCE
PAT_00876,ELECTRONICS
PAT_00877,COMMUNICATION
PAT_00878,COMPUTER_SCIENCE
PAT_00879,MECHANICAL_ENGINEERING
PAT_00880,PHYSICS
PAT_00881,BIOMEDICAL_ENGINEERING
PAT_00882,MECHANICAL_ENGINEERING
PAT_00883,MECHANICAL_ENGINEERING
PAT_00884,MECHANICAL_ENGINEERING
PAT_00885,COMPUTER_SCIENCE
PAT_00886,PHYSICS
PAT_00887,MECHANICAL_ENGINEERING
PAT_00888,ELECTRICAL
PAT_00889,TEXTILE
PAT_00890,MECHANICAL_ENGINEERING
PAT_00891,ELECTRONICS
PAT_00892,CHEMICAL
PAT_00893,PHYSICS
PAT_00894,PHYSICS
PAT_00895,MECHANICAL_ENGINEERING
PAT_00896,ELECTRONICS
PAT_00897,MECHANICAL_ENGINEERING
PAT_00898,ELECTRONICS
PAT_00899,ELECTRICAL
PAT_00900,ELECTRICAL
PAT_00901,FOOD
PAT_00902,COMPUTER_SCIENCE
PAT_00903,COMPUTER_SCIENCE
PAT_00904,COMPUTER_SCIENCE
PAT_00905,PHYSICS
PAT_00906,COMPUTER_SCIENCE
PAT_00907,ELECTRICAL
PAT_00908,BIOMEDICAL_ENGINEERING
PAT_00909,CHEMICAL
PAT_00910,ELECTRONICS
PAT_00911,COMPUTER_SCIENCE
PAT_00912,COMPUTER_SCIENCE
PAT_00913,COMPUTER_SCIENCE
PAT_00914,BIOMEDICAL_ENGINEERING
PAT_00915,ELECTRONICS
PAT_00916,PHYSICS
PAT_00917,ELECTRONICS
PAT_00918,COMPUTER_SCIENCE
PAT_00919,TEXTILE
PAT_00920,ELECTRICAL
PAT_00921,CHEMICAL
PAT_00922,BIOCHEMISTRY
PAT_00923,PHYSICS
PAT_00924,CHEMICAL
PAT_00925,CHEMICAL
PAT_00926,CHEMICAL
PAT_00927,CHEMICAL
PAT_00928,PHYSICS
PAT_00929,ELECTRONICS
PAT_00930,CHEMICAL
PAT_00931,COMPUTER_SCIENCE
PAT_00932,BIOMEDICAL_ENGINEERING
PAT_00933,COMMUNICATION
PAT_00934,CIVIL
PAT_00935,ELECTRONICS
PAT_00936,MECHANICAL_ENGINEERING
PAT_00937,BIOMEDICAL_ENGINEERING
PAT_00938,COMMUNICATION
PAT_00939,COMPUTER_SCIENCE
PAT_00940,COMMUNICATION
PAT_00941,ELECTRONICS
PAT_00942,FOOD
PAT_00943,COMPUTER_SCIENCE
PAT_00944,ELECTRONICS
PAT_00945,COMMUNICATION
PAT_00946,PHYSICS
PAT_00947,ELECTRICAL
PAT_00948,COMMUNICATION
PAT_00949,ELECTRONICS
PAT_00950,CHEMICAL
PAT_00951,CHEMICAL
PAT_00952,COMPUTER_SCIENCE
PAT_00953,COMPUTER_SCIENCE
PAT_00954,COMPUTER_SCIENCE
PAT_00955,POLYMER_TECHNOLOGY
PAT_00956,BIOMEDICAL_ENGINEERING
PAT_00957,POLYMER_TECHNOLOGY
PAT_00958,MECHANICAL_ENGINEERING
PAT_00959,COMPUTER_SCIENCE
PAT_00960,ELECTRICAL
PAT_00961,ELECTRONICS
PAT_00962,COMPUTER_SCIENCE
PAT_00963,PHYSICS
PAT_00964,BIOMEDICAL_ENGINEERING
PAT_00965,CHEMICAL
PAT_00966,MECHANICAL_ENGINEERING
PAT_00967,MECHANICAL_ENGINEERING
PAT_00968,METALLURGY
PAT_00969,MECHANICAL_ENGINEERING
PAT_00970,BIOMEDICAL_ENGINEERING
PAT_00971,PHYSICS
PAT_00972,BIOTECHNOLOGY
PAT_00973,CHEMICAL
PAT_00974,PHYSICS
PAT_00975,COMPUTER_SCIENCE
PAT_00976,ELECTRONICS
PAT_00977,BIOMEDICAL_ENGINEERING
PAT_00978,ELECTRONICS
PAT_00979,BIOMEDICAL_ENGINEERING
PAT_00980,COMPUTER_SCIENCE
PAT_00981,PHYSICS
PAT_00982,PHYSICS
PAT_00983,MECHANICAL_ENGINEERING
PAT_00984,MECHANICAL_ENGINEERING
PAT_00985,MECHANICAL_ENGINEERING
PAT_00986,COMMUNICATION
PAT_00987,BIOMEDICAL_ENGINEERING
PAT_00988,ELECTRONICS
PAT_00989,COMPUTER_SCIENCE
PAT_00990,PHYSICS
PAT_00991,COMMUNICATION
PAT_00992,BIOCHEMISTRY
PAT_00993,CHEMICAL
PAT_00994,COMPUTER_SCIENCE
PAT_00995,COMPUTER_SCIENCE
PAT_00996,BIOMEDICAL_ENGINEERING
PAT_00997,COMPUTER_SCIENCE
PAT_00998,MECHANICAL_ENGINEERING
PAT_00999,COMPUTER_SCIENCE
PAT_01000,MECHANICAL_ENGINEERING
PAT_01001,ELECTRONICS
PAT_01002,MECHANICAL_ENGINEERING
PAT_01003,COMPUTER_SCIENCE
PAT_01004,BIOMEDICAL_ENGINEERING
PAT_01005,MECHANICAL_ENGINEERING
PAT_01006,MECHANICAL_ENGINEERING
PAT_01007,BIOMEDICAL_ENGINEERING
PAT_01008,COMPUTER_SCIENCE
PAT_01009,COMPUTER_SCIENCE
PAT_01010,MECHANICAL_ENGINEERING
PAT_01011,COMPUTER_SCIENCE
PAT_01012,PHYSICS
PAT_01013,COMPUTER_SCIENCE
PAT_01014,BIOMEDICAL_ENGINEERING
PAT_01015,COMPUTER_SCIENCE
PAT_01016,ELECTRONICS
PAT_01017,COMPUTER_SCIENCE
PAT_01018,ELECTRONICS
PAT_01019,BIOMEDICAL_ENGINEERING
PAT_01020,BIOMEDICAL_ENGINEERING
PAT_01021,COMPUTER_SCIENCE
PAT_01022,COMMUNICATION
PAT_01023,BIOMEDICAL_ENGINEERING
PAT_01024,ELECTRONICS
PAT_01025,CHEMICAL
PAT_01026,MECHANICAL_ENGINEERING
PAT_01027,COMPUTER_SCIENCE
PAT_01028,BIOMEDICAL_ENGINEERING
PAT_01029,MECHANICAL_ENGINEERING
PAT_01030,CHEMICAL
PAT_01031,MECHANICAL_ENGINEERING
PAT_01032,MECHANICAL_ENGINEERING
PAT_01033,MECHANICAL_ENGINEERING
PAT_01034,ELECTRONICS
PAT_01035,MECHANICAL_ENGINEERING
PAT_01036,MECHANICAL_ENGINEERING
PAT_01037,MECHANICAL_ENGINEERING
PAT_01038,ELECTRONICS
PAT_01039,BIOMEDICAL_ENGINEERING
PAT_01040,COMPUTER_SCIENCE
PAT_01041,CHEMICAL
PAT_01042,COMMUNICATION
PAT_01043,PHYSICS
PAT_01044,COMPUTER_SCIENCE
PAT_01045,BIOMEDICAL_ENGINEERING
PAT_01046,CIVIL
PAT_01047,BIOMEDICAL_ENGINEERING
PAT_01048,ELECTRONICS
PAT_01049,ELECTRONICS
PAT_01050,COMPUTER_SCIENCE
PAT_01051,COMMUNICATION
PAT_01052,COMPUTER_SCIENCE
PAT_01053,CHEMICAL
PAT_01054,CHEMICAL
PAT_01055,ELECTRONICS
PAT_01056,PHYSICS
PAT_01057,CHEMICAL
PAT_01058,COMPUTER_SCIENCE
PAT_01059,MECHANICAL_ENGINEERING
PAT_01060,MECHANICAL_ENGINEERING
PAT_01061,BIOCHEMISTRY
PAT_01062,BIOTECHNOLOGY
PAT_01063,PHYSICS
PAT_01064,PHYSICS
PAT_01065,COMPUTER_SCIENCE
PAT_01066,COMPUTER_SCIENCE
PAT_01067,COMPUTER_SCIENCE
PAT_01068,CHEMICAL
PAT_01069,ELECTRONICS
PAT_01070,BIOMEDICAL_ENGINEERING
PAT_01071,COMPUTER_SCIENCE
PAT_01072,MECHANICAL_ENGINEERING
PAT_01073,BIOMEDICAL_ENGINEERING
PAT_01074,ELECTRONICS
PAT_01075,ELECTRICAL
PAT_01076,ELECTRICAL
PAT_01077,ELECTRONICS
PAT_01078,COMPUTER_SCIENCE
PAT_01079,COMMUNICATION
PAT_01080,COMMUNICATION
PAT_01081,COMPUTER_SCIENCE
PAT_01082,BIOMEDICAL_ENGINEERING
PAT_01083,COMPUTER_SCIENCE
PAT_01084,POLYMER_TECHNOLOGY
PAT_01085,CHEMICAL
PAT_01086,COMPUTER_SCIENCE
PAT_01087,CHEMICAL
PAT_01088,MECHANICAL_ENGINEERING
PAT_01089,MECHANICAL_ENGINEERING
PAT_01090,COMPUTER_SCIENCE
PAT_01091,MECHANICAL_ENGINEERING
PAT_01092,MECHANICAL_ENGINEERING
PAT_01093,COMPUTER_SCIENCE
PAT_01094,ELECTRONICS
PAT_01095,MECHANICAL_ENGINEERING
PAT_01096,MECHANICAL_ENGINEERING
PAT_01097,COMPUTER_SCIENCE
PAT_01098,MECHANICAL_ENGINEERING
PAT_01099,BIOMEDICAL_ENGINEERING
PAT_01100,COMPUTER_SCIENCE
PAT_01101,MECHANICAL_ENGINEERING
PAT_01102,PHYSICS
PAT_01103,ELECTRICAL
PAT_01104,COMMUNICATION
PAT_01105,ELECTRICAL
PAT_01106,BIOTECHNOLOGY
PAT_01107,MECHANICAL_ENGINEERING
PAT_01108,COMPUTER_SCIENCE
PAT_01109,BIOMEDICAL_ENGINEERING
PAT_01110,COMPUTER_SCIENCE
PAT_01111,TEXTILE
PAT_01112,MECHANICAL_ENGINEERING
PAT_01113,MECHANICAL_ENGINEERING
PAT_01114,BIOMEDICAL_ENGINEERING
PAT_01115,BIOMEDICAL_ENGINEERING
PAT_01116,COMPUTER_SCIENCE
PAT_01117,ELECTRONICS
PAT_01118,BIOMEDICAL_ENGINEERING
PAT_01119,BIOMEDICAL_ENGINEERING
PAT_01120,BIOMEDICAL_ENGINEERING
PAT_01121,PHYSICS
PAT_01122,BIOMEDICAL_ENGINEERING
PAT_01123,COMPUTER_SCIENCE
PAT_01124,ELECTRONICS
PAT_01125,COMPUTER_SCIENCE
PAT_01126,COMMUNICATION
PAT_01127,COMPUTER_SCIENCE
PAT_01128,BIOMEDICAL_ENGINEERING
PAT_01129,COMPUTER_SCIENCE
PAT_01130,BIOMEDICAL_ENGINEERING
PAT_01131,COMPUTER_SCIENCE
PAT_01132,COMPUTER_SCIENCE
PAT_01133,BIOMEDICAL_ENGINEERING
PAT_01134,COMPUTER_SCIENCE
PAT_01135,COMPUTER_SCIENCE
PAT_01136,BIOMEDICAL_ENGINEERING
PAT_01137,MECHANICAL_ENGINEERING
PAT_01138,TEXTILE
PAT_01139,PHYSICS
PAT_01140,ELECTRICAL
PAT_01141,PHYSICS
PAT_01142,MECHANICAL_ENGINEERING
PAT_01143,ELECTRONICS
PAT_01144,CIVIL
PAT_01145,COMMUNICATION
PAT_01146,BIOTECHNOLOGY
PAT_01147,BIOMEDICAL_ENGINEERING
PAT_01148,BIOMEDICAL_ENGINEERING
PAT_01149,ELECTRONICS
PAT_01150,BIOMEDICAL_ENGINEERING
PAT_01151,PHYSICS
PAT_01152,COMPUTER_SCIENCE
PAT_01153,COMPUTER_SCIENCE
PAT_01154,BIOMEDICAL_ENGINEERING
PAT_01155,COMPUTER_SCIENCE
PAT_01156,BIOCHEMISTRY
PAT_01157,COMPUTER_SCIENCE
PAT_01158,COMPUTER_SCIENCE
PAT_01159,COMPUTER_SCIENCE
PAT_01160,MECHANICAL_ENGINEERING
PAT_01161,MECHANICAL_ENGINEERING
PAT_01162,PHYSICS
PAT_01163,PHYSICS
PAT_01164,CHEMICAL
PAT_01165,MECHANICAL_ENGINEERING
PAT_01166,ELECTRICAL
PAT_01167,ELECTRICAL
PAT_01168,ELECTRONICS
PAT_01169,MECHANICAL_ENGINEERING
PAT_01170,PHYSICS
PAT_01171,BIOTECHNOLOGY
PAT_01172,FOOD
PAT_01173,PHYSICS
PAT_01174,FOOD
PAT_01175,CHEMICAL
PAT_01176,CHEMICAL
PAT_01177,POLYMER_TECHNOLOGY
PAT_01178,BIOMEDICAL_ENGINEERING
PAT_01179,BIOMEDICAL_ENGINEERING
PAT_01180,CHEMICAL
PAT_01181,CHEMICAL
PAT_01182,ELECTRICAL
PAT_01183,BIOMEDICAL_ENGINEERING
PAT_01184,COMPUTER_SCIENCE
PAT_01185,ELECTRONICS
PAT_01186,MECHANICAL_ENGINEERING
PAT_01187,BIOMEDICAL_ENGINEERING
PAT_01188,COMPUTER_SCIENCE
PAT_01189,BIOMEDICAL_ENGINEERING
PAT_01190,COMPUTER_SCIENCE
PAT_01191,ELECTRONICS
PAT_01192,ELECTRONICS
PAT_01193,COMPUTER_SCIENCE
PAT_01194,BIOMEDICAL_ENGINEERING
PAT_01195,COMPUTER_SCIENCE
PAT_01196,ELECTRONICS
PAT_01197,COMPUTER_SCIENCE
PAT_01198,CHEMICAL
PAT_01199,BIOTECHNOLOGY
PAT_01200,CHEMICAL
PAT_01201,ELECTRONICS
PAT_01202,PHYSICS
PAT_01203,COMPUTER_SCIENCE
PAT_01204,PHYSICS
PAT_01205,ELECTRICAL
PAT_01206,ELECTRICAL
PAT_01207,CIVIL
PAT_01208,CHEMICAL
PAT_01209,COMPUTER_SCIENCE
PAT_01210,BIOMEDICAL_ENGINEERING
PAT_01211,BIOCHEMISTRY
PAT_01212,BIOMEDICAL_ENGINEERING
PAT_01213,COMPUTER_SCIENCE
PAT_01214,PHYSICS
PAT_01215,CHEMICAL
PAT_01216,COMPUTER_SCIENCE
PAT_01217,MECHANICAL_ENGINEERING
PAT_01218,MECHANICAL_ENGINEERING
PAT_01219,CHEMICAL
PAT_01220,COMPUTER_SCIENCE
PAT_01221,ELECTRICAL
PAT_01222,ELECTRONICS
PAT_01223,MECHANICAL_ENGINEERING
PAT_01224,MECHANICAL_ENGINEERING
PAT_01225,MECHANICAL_ENGINEERING
PAT_01226,COMPUTER_SCIENCE
PAT_01227,MECHANICAL_ENGINEERING
PAT_01228,COMPUTER_SCIENCE
PAT_01229,CHEMICAL
PAT_01230,COMPUTER_SCIENCE
PAT_01231,ELECTRICAL
PAT_01232,ELECTRICAL
PAT_01233,CHEMICAL
PAT_01234,COMPUTER_SCIENCE
PAT_01235,BIOMEDICAL_ENGINEERING
PAT_01236,MECHANICAL_ENGINEERING
PAT_01237,COMPUTER_SCIENCE
PAT_01238,COMPUTER_SCIENCE
PAT_01239,COMPUTER_SCIENCE
PAT_01240,ELECTRICAL
PAT_01241,CHEMICAL
PAT_01242,CHEMICAL
PAT_01243,ELECTRONICS
PAT_01244,PHYSICS
PAT_01245,BIOMEDICAL_ENGINEERING
PAT_01246,BIOMEDICAL_ENGINEERING
PAT_01247,MECHANICAL_ENGINEERING
PAT_01248,ELECTRONICS
PAT_01249,BIOMEDICAL_ENGINEERING
PAT_01250,MECHANICAL_ENGINEERING
PAT_01251,BIOMEDICAL_ENGINEERING
PAT_01252,PHYSICS
PAT_01253,BIOMEDICAL_ENGINEERING
PAT_01254,BIOTECHNOLOGY
PAT_01255,ELECTRONICS
PAT_01256,COMPUTER_SCIENCE
PAT_01257,MECHANICAL_ENGINEERING
PAT_01258,MECHANICAL_ENGINEERING
PAT_01259,ELECTRONICS
PAT_01260,CHEMICAL
PAT_01261,COMPUTER_SCIENCE
PAT_01262,COMPUTER_SCIENCE
PAT_01263,COMPUTER_SCIENCE
PAT_01264,ELECTRICAL
PAT_01265,BIOMEDICAL_ENGINEERING
PAT_01266,PHYSICS
PAT_01267,BIOMEDICAL_ENGINEERING
PAT_01268,COMPUTER_SCIENCE
PAT_01269,MECHANICAL_ENGINEERING
PAT_01270,BIOTECHNOLOGY
PAT_01271,MECHANICAL_ENGINEERING
PAT_01272,MECHANICAL_ENGINEERING
PAT_01273,ELECTRONICS
PAT_01274,COMPUTER_SCIENCE
PAT_01275,COMPUTER_SCIENCE
PAT_01276,ELECTRONICS
PAT_01277,COMPUTER_SCIENCE
PAT_01278,MECHANICAL_ENGINEERING
PAT_01279,MECHANICAL_ENGINEERING
PAT_01280,COMPUTER_SCIENCE
PAT_01281,ELECTRONICS
PAT_01282,BIOMEDICAL_ENGINEERING
PAT_01283,MECHANICAL_ENGINEERING
PAT_01284,PHYSICS
PAT_01285,ELECTRICAL
PAT_01286,MECHANICAL_ENGINEERING
PAT_01287,ELECTRONICS
PAT_01288,CHEMICAL
PAT_01289,ELECTRONICS
PAT_01290,MECHANICAL_ENGINEERING
PAT_01291,COMPUTER_SCIENCE
PAT_01292,ELECTRICAL
PAT_01293,PHYSICS
PAT_01294,COMPUTER_SCIENCE
PAT_01295,POLYMER_TECHNOLOGY
PAT_01296,CHEMICAL
PAT_01297,BIOTECHNOLOGY
PAT_01298,CHEMICAL
PAT_01299,ELECTRICAL
PAT_01300,MECHANICAL_ENGINEERING
PAT_01301,COMPUTER_SCIENCE
PAT_01302,COMPUTER_SCIENCE
PAT_01303,COMPUTER_SCIENCE
PAT_01304,MECHANICAL_ENGINEERING
PAT_01305,MECHANICAL_ENGINEERING
PAT_01306,MECHANICAL_ENGINEERING
PAT_01307,MECHANICAL_ENGINEERING
PAT_01308,COMPUTER_SCIENCE
PAT_01309,MECHANICAL_ENGINEERING
PAT_01310,CIVIL
PAT_01311,ELECTRICAL
PAT_01312,COMPUTER_SCIENCE
PAT_01313,BIOMEDICAL_ENGINEERING
PAT_01314,BIOMEDICAL_ENGINEERING
PAT_01315,BIOMEDICAL_ENGINEERING
PAT_01316,BIOMEDICAL_ENGINEERING
PAT_01317,COMPUTER_SCIENCE
PAT_01318,BIOMEDICAL_ENGINEERING
PAT_01319,ELECTRICAL
PAT_01320,COMPUTER_SCIENCE
PAT_01321,ELECTRONICS
PAT_01322,BIOMEDICAL_ENGINEERING
PAT_01323,ELECTRICAL
PAT_01324,ELECTRONICS
PAT_01325,CHEMICAL
PAT_01326,ELECTRONICS
PAT_01327,COMMUNICATION
PAT_01328,BIOMEDICAL_ENGINEERING
PAT_01329,PHYSICS
PAT_01330,CHEMICAL
PAT_01331,ELECTRICAL
PAT_01332,COMPUTER_SCIENCE
PAT_01333,MECHANICAL_ENGINEERING
PAT_01334,BIOMEDICAL_ENGINEERING
PAT_01335,CHEMICAL
PAT_01336,BIOTECHNOLOGY
PAT_01337,COMMUNICATION
PAT_01338,COMMUNICATION
PAT_01339,COMPUTER_SCIENCE
PAT_01340,COMMUNICATION
PAT_01341,COMPUTER_SCIENCE
PAT_01342,COMPUTER_SCIENCE
PAT_01343,COMMUNICATION
PAT_01344,MECHANICAL_ENGINEERING
PAT_01345,COMPUTER_SCIENCE
PAT_01346,MECHANICAL_ENGINEERING
PAT_01347,COMPUTER_SCIENCE
PAT_01348,COMPUTER_SCIENCE
PAT_01349,COMPUTER_SCIENCE
PAT_01350,BIOMEDICAL_ENGINEERING
PAT_01351,ELECTRICAL
PAT_01352,ELECTRICAL
PAT_01353,BIOMEDICAL_ENGINEERING
PAT_01354,COMPUTER_SCIENCE
PAT_01355,BIOMEDICAL_ENGINEERING
PAT_01356,ELECTRICAL
PAT_01357,ELECTRICAL
PAT_01358,ELECTRICAL
PAT_01359,ELECTRICAL
PAT_01360,MECHANICAL_ENGINEERING
PAT_01361,COMPUTER_SCIENCE
PAT_01362,BIOMEDICAL_ENGINEERING
PAT_01363,CHEMICAL
PAT_01364,ELECTRONICS
PAT_01365,ELECTRONICS
PAT_01366,MECHANICAL_ENGINEERING
PAT_01367,COMPUTER_SCIENCE
PAT_01368,BIOMEDICAL_ENGINEERING
PAT_01369,ELECTRICAL
PAT_01370,PHYSICS
PAT_01371,COMPUTER_SCIENCE
PAT_01372,CHEMICAL
PAT_01373,MECHANICAL_ENGINEERING
PAT_01374,BIOMEDICAL_ENGINEERING
PAT_01375,ELECTRICAL
PAT_01376,COMMUNICATION
PAT_01377,BIOCHEMISTRY
PAT_01378,COMMUNICATION
PAT_01379,ELECTRICAL
PAT_01380,COMMUNICATION
PAT_01381,COMPUTER_SCIENCE
PAT_01382,ELECTRICAL
PAT_01383,MECHANICAL_ENGINEERING
PAT_01384,BIOMEDICAL_ENGINEERING
PAT_01385,CHEMICAL
PAT_01386,PHYSICS
PAT_01387,MECHANICAL_ENGINEERING
PAT_01388,COMPUTER_SCIENCE
PAT_01389,CHEMICAL
PAT_01390,COMPUTER_SCIENCE
PAT_01391,CHEMICAL
PAT_01392,COMPUTER_SCIENCE
PAT_01393,BIOMEDICAL_ENGINEERING
PAT_01394,ELECTRONICS
PAT_01395,BIOMEDICAL_ENGINEERING
PAT_01396,ELECTRONICS
PAT_01397,COMPUTER_SCIENCE
PAT_01398,COMPUTER_SCIENCE
PAT_01399,BIOMEDICAL_ENGINEERING
PAT_01400,CIVIL
PAT_01401,COMPUTER_SCIENCE
PAT_01402,COMPUTER_SCIENCE
PAT_01403,ELECTRONICS
PAT_01404,MECHANICAL_ENGINEERING
PAT_01405,ELECTRICAL
PAT_01406,PHYSICS
PAT_01407,COMPUTER_SCIENCE
PAT_01408,CHEMICAL
PAT_01409,MECHANICAL_ENGINEERING
PAT_01410,MECHANICAL_ENGINEERING
PAT_01411,ELECTRICAL
PAT_01412,MECHANICAL_ENGINEERING
PAT_01413,BIOMEDICAL_ENGINEERING
PAT_01414,COMPUTER_SCIENCE
PAT_01415,MECHANICAL_ENGINEERING
PAT_01416,MECHANICAL_ENGINEERING
PAT_01417,ELECTRONICS
PAT_01418,COMPUTER_SCIENCE
PAT_01419,COMPUTER_SCIENCE
PAT_01420,MECHANICAL_ENGINEERING
PAT_01421,MECHANICAL_ENGINEERING
PAT_01422,ELECTRONICS
PAT_01423,BIOMEDICAL_ENGINEERING
PAT_01424,COMPUTER_SCIENCE
PAT_01425,BIOCHEMISTRY
PAT_01426,BIOMEDICAL_ENGINEERING
PAT_01427,PHYSICS
PAT_01428,ELECTRONICS
PAT_01429,PHYSICS
PAT_01430,BIOMEDICAL_ENGINEERING
PAT_01431,BIOMEDICAL_ENGINEERING
PAT_01432,ELECTRICAL
PAT_01433,BIOMEDICAL_ENGINEERING
PAT_01434,ELECTRONICS
PAT_01435,BIOMEDICAL_ENGINEERING
PAT_01436,ELECTRONICS
PAT_01437,MECHANICAL_ENGINEERING
PAT_01438,TEXTILE
PAT_01439,COMPUTER_SCIENCE
PAT_01440,CHEMICAL
PAT_01441,CHEMICAL
PAT_01442,POLYMER_TECHNOLOGY
PAT_01443,CHEMICAL
PAT_01444,CHEMICAL
PAT_01445,BIOMEDICAL_ENGINEERING
PAT_01446,BIOMEDICAL_ENGINEERING
PAT_01447,BIOTECHNOLOGY
PAT_01448,BIOMEDICAL_ENGINEERING
PAT_01449,MECHANICAL_ENGINEERING
PAT_01450,ELECTRONICS
PAT_01451,COMPUTER_SCIENCE
PAT_01452,BIOMEDICAL_ENGINEERING
PAT_01453,ELECTRICAL
PAT_01454,PHYSICS
PAT_01455,MECHANICAL_ENGINEERING
PAT_01456,MECHANICAL_ENGINEERING
PAT_01457,MECHANICAL_ENGINEERING
PAT_01458,BIOMEDICAL_ENGINEERING
PAT_01459,COMPUTER_SCIENCE
PAT_01460,ELECTRICAL
PAT_01461,ELECTRICAL
PAT_01462,MECHANICAL_ENGINEERING
PAT_01463,COMPUTER_SCIENCE
PAT_01464,COMPUTER_SCIENCE
PAT_01465,ELECTRONICS
PAT_01466,COMPUTER_SCIENCE
PAT_01467,MECHANICAL_ENGINEERING
PAT_01468,ELECTRONICS
PAT_01469,BIOMEDICAL_ENGINEERING
PAT_01470,ELECTRONICS
PAT_01471,BIOMEDICAL_ENGINEERING
PAT_01472,COMPUTER_SCIENCE
PAT_01473,CIVIL
PAT_01474,COMPUTER_SCIENCE
PAT_01475,ELECTRONICS
PAT_01476,COMMUNICATION
PAT_01477,MECHANICAL_ENGINEERING
PAT_01478,MECHANICAL_ENGINEERING
PAT_01479,CHEMICAL
PAT_01480,COMPUTER_SCIENCE
PAT_01481,BIOMEDICAL_ENGINEERING
PAT_01482,ELECTRICAL
PAT_01483,ELECTRICAL
PAT_01484,COMPUTER_SCIENCE
PAT_01485,UNKNOWN
PAT_01486,ELECTRONICS
PAT_01487,PHYSICS
PAT_01488,COMPUTER_SCIENCE
PAT_01489,COMPUTER_SCIENCE
PAT_01490,ELECTRICAL
PAT_01491,METALLURGY
PAT_01492,BIOMEDICAL_ENGINEERING
PAT_01493,ELECTRONICS
PAT_01494,COMMUNICATION
PAT_01495,POLYMER_TECHNOLOGY
PAT_01496,BIOMEDICAL_ENGINEERING
PAT_01497,COMPUTER_SCIENCE
PAT_01498,ELECTRONICS
PAT_01499,COMPUTER_SCIENCE
PAT_01500,PHYSICS
PAT_01501,PHYSICS
PAT_01502,COMPUTER_SCIENCE
PAT_01503,COMPUTER_SCIENCE
PAT_01504,COMPUTER_SCIENCE
PAT_01505,MECHANICAL_ENGINEERING
PAT_01506,POLYMER_TECHNOLOGY
PAT_01507,ELECTRONICS
PAT_01508,BIOMEDICAL_ENGINEERING
PAT_01509,COMPUTER_SCIENCE
PAT_01510,COMPUTER_SCIENCE
PAT_01511,BIOMEDICAL_ENGINEERING
PAT_01512,COMPUTER_SCIENCE
PAT_01513,ELECTRICAL
PAT_01514,BIOMEDICAL_ENGINEERING
PAT_01515,MECHANICAL_ENGINEERING
PAT_01516,BIOMEDICAL_ENGINEERING
PAT_01517,COMPUTER_SCIENCE
PAT_01518,MECHANICAL_ENGINEERING
PAT_01519,COMMUNICATION
PAT_01520,TEXTILE
PAT_01521,ELECTRONICS
PAT_01522,MECHANICAL_ENGINEERING
PAT_01523,MECHANICAL_ENGINEERING
PAT_01524,COMPUTER_SCIENCE
PAT_01525,CHEMICAL
PAT_01526,BIOMEDICAL_ENGINEERING
PAT_01527,COMMUNICATION
PAT_01528,ELECTRONICS
PAT_01529,PHYSICS
PAT_01530,COMPUTER_SCIENCE
PAT_01531,BIOMEDICAL_ENGINEERING
PAT_01532,BIOMEDICAL_ENGINEERING
PAT_01533,MECHANICAL_ENGINEERING
PAT_01534,ELECTRICAL
PAT_01535,PHYSICS
PAT_01536,MECHANICAL_ENGINEERING
PAT_01537,COMMUNICATION
PAT_01538,MECHANICAL_ENGINEERING
PAT_01539,COMPUTER_SCIENCE
PAT_01540,ELECTRONICS
PAT_01541,BIOCHEMISTRY
PAT_01542,ELECTRONICS
PAT_01543,BIOMEDICAL_ENGINEERING
PAT_01544,COMPUTER_SCIENCE
PAT_01545,COMPUTER_SCIENCE
PAT_01546,MECHANICAL_ENGINEERING
PAT_01547,MECHANICAL_ENGINEERING
PAT_01548,COMPUTER_SCIENCE
PAT_01549,TEXTILE
PAT_01550,MECHANICAL_ENGINEERING
PAT_01551,COMPUTER_SCIENCE
PAT_01552,COMMUNICATION
PAT_01553,COMPUTER_SCIENCE
PAT_01554,TEXTILE
PAT_01555,COMPUTER_SCIENCE
PAT_01556,COMPUTER_SCIENCE
PAT_01557,COMPUTER_SCIENCE
PAT_01558,COMPUTER_SCIENCE
PAT_01559,COMPUTER_SCIENCE
PAT_01560,CHEMICAL
PAT_01561,ELECTRONICS
PAT_01562,BIOMEDICAL_ENGINEERING
PAT_01563,ELECTRONICS
PAT_01564,ELECTRONICS
PAT_01565,CIVIL
PAT_01566,MECHANICAL_ENGINEERING
PAT_01567,ELECTRONICS
PAT_01568,MECHANICAL_ENGINEERING
PAT_01569,COMPUTER_SCIENCE
PAT_01570,MECHANICAL_ENGINEERING
PAT_01571,COMMUNICATION
PAT_01572,MECHANICAL_ENGINEERING
PAT_01573,COMMUNICATION
PAT_01574,COMPUTER_SCIENCE
PAT_01575,CIVIL
PAT_01576,ELECTRONICS
PAT_01577,ELECTRICAL
PAT_01578,ELECTRONICS
PAT_01579,PHYSICS
PAT_01580,MECHANICAL_ENGINEERING
PAT_01581,COMPUTER_SCIENCE
PAT_01582,BIOCHEMISTRY
PAT_01583,COMPUTER_SCIENCE
PAT_01584,MECHANICAL_ENGINEERING
PAT_01585,BIOMEDICAL_ENGINEERING
PAT_01586,ELECTRICAL
PAT_01587,MECHANICAL_ENGINEERING
PAT_01588,PHYSICS
PAT_01589,MECHANICAL_ENGINEERING
PAT_01590,COMPUTER_SCIENCE
PAT_01591,BIOMEDICAL_ENGINEERING
PAT_01592,FOOD
PAT_01593,TEXTILE
PAT_01594,PHYSICS
PAT_01595,COMMUNICATION
PAT_01596,MECHANICAL_ENGINEERING
PAT_01597,COMPUTER_SCIENCE
PAT_01598,COMMUNICATION
PAT_01599,FOOD
PAT_01600,BIOMEDICAL_ENGINEERING
PAT_01601,MECHANICAL_ENGINEERING
PAT_01602,ELECTRONICS
PAT_01603,BIOTECHNOLOGY
PAT_01604,MECHANICAL_ENGINEERING
PAT_01605,BIOMEDICAL_ENGINEERING
PAT_01606,CHEMICAL
PAT_01607,CIVIL
PAT_01608,COMMUNICATION
PAT_01609,CHEMICAL
PAT_01610,COMPUTER_SCIENCE
PAT_01611,COMMUNICATION
PAT_01612,MECHANICAL_ENGINEERING
PAT_01613,COMPUTER_SCIENCE
PAT_01614,BIOMEDICAL_ENGINEERING
PAT_01615,MECHANICAL_ENGINEERING
PAT_01616,ELECTRONICS
PAT_01617,ELECTRICAL
PAT_01618,CIVIL
PAT_01619,CIVIL
PAT_01620,CIVIL
PAT_01621,COMMUNICATION
PAT_01622,COMMUNICATION
PAT_01623,COMPUTER_SCIENCE
PAT_01624,BIOMEDICAL_ENGINEERING
PAT_01625,BIOMEDICAL_ENGINEERING
PAT_01626,COMPUTER_SCIENCE
PAT_01627,COMPUTER_SCIENCE
PAT_01628,MECHANICAL_ENGINEERING
PAT_01629,COMPUTER_SCIENCE
PAT_01630,COMPUTER_SCIENCE
PAT_01631,COMPUTER_SCIENCE
PAT_01632,BIOTECHNOLOGY
PAT_01633,MECHANICAL_ENGINEERING
PAT_01634,COMPUTER_SCIENCE
PAT_01635,ELECTRONICS
PAT_01636,COMPUTER_SCIENCE
PAT_01637,ELECTRONICS
PAT_01638,COMMUNICATION
PAT_01639,COMPUTER_SCIENCE
PAT_01640,CHEMICAL
PAT_01641,CHEMICAL
PAT_01642,CHEMICAL
PAT_01643,PHYSICS
PAT_01644,ELECTRONICS
PAT_01645,ELECTRONICS
PAT_01646,CHEMICAL
PAT_01647,ELECTRONICS
PAT_01648,ELECTRONICS
PAT_01649,MECHANICAL_ENGINEERING
PAT_01650,COMPUTER_SCIENCE
PAT_01651,BIOMEDICAL_ENGINEERING
PAT_01652,FOOD
PAT_01653,BIOTECHNOLOGY
PAT_01654,COMPUTER_SCIENCE
PAT_01655,ELECTRONICS
PAT_01656,COMMUNICATION
PAT_01657,CHEMICAL
PAT_01658,MECHANICAL_ENGINEERING
PAT_01659,ELECTRONICS
PAT_01660,MECHANICAL_ENGINEERING
PAT_01661,MECHANICAL_ENGINEERING
PAT_01662,BIOMEDICAL_ENGINEERING
PAT_01663,COMMUNICATION
PAT_01664,ELECTRONICS
PAT_01665,BIOMEDICAL_ENGINEERING
PAT_01666,MECHANICAL_ENGINEERING
PAT_01667,COMMUNICATION
PAT_01668,COMMUNICATION
PAT_01669,MECHANICAL_ENGINEERING
PAT_01670,ELECTRICAL
PAT_01671,CHEMICAL
PAT_01672,COMMUNICATION
PAT_01673,ELECTRONICS
PAT_01674,ELECTRICAL
PAT_01675,BIOMEDICAL_ENGINEERING
PAT_01676,ELECTRONICS
PAT_01677,COMPUTER_SCIENCE
PAT_01678,COMPUTER_SCIENCE
PAT_01679,CHEMICAL
PAT_01680,COMPUTER_SCIENCE
PAT_01681,COMPUTER_SCIENCE
PAT_01682,CHEMICAL
PAT_01683,COMMUNICATION
PAT_01684,BIOMEDICAL_ENGINEERING
PAT_01685,BIOMEDICAL_ENGINEERING
PAT_01686,MECHANICAL_ENGINEERING
PAT_01687,COMPUTER_SCIENCE
PAT_01688,MECHANICAL_ENGINEERING
PAT_01689,BIOMEDICAL_ENGINEERING
PAT_01690,COMPUTER_SCIENCE
PAT_01691,ELECTRICAL
PAT_01692,ELECTRONICS
PAT_01693,BIOMEDICAL_ENGINEERING
PAT_01694,COMPUTER_SCIENCE
PAT_01695,CHEMICAL
PAT_01696,CHEMICAL
PAT_01697,ELECTRONICS
PAT_01698,CHEMICAL
PAT_01699,ELECTRONICS
PAT_01700,COMPUTER_SCIENCE
PAT_01701,UNKNOWN
PAT_01702,COMPUTER_SCIENCE
PAT_01703,COMPUTER_SCIENCE
PAT_01704,BIOMEDICAL_ENGINEERING
PAT_01705,BIOMEDICAL_ENGINEERING
PAT_01706,MECHANICAL_ENGINEERING
PAT_01707,FOOD
PAT_01708,COMPUTER_SCIENCE
PAT_01709,BIOMEDICAL_ENGINEERING
PAT_01710,PHYSICS
PAT_01711,ELECTRONICS
PAT_01712,PHYSICS
PAT_01713,MECHANICAL_ENGINEERING
PAT_01714,COMPUTER_SCIENCE
PAT_01715,BIOMEDICAL_ENGINEERING
PAT_01716,COMPUTER_SCIENCE
PAT_01717,ELECTRONICS
PAT_01718,MECHANICAL_ENGINEERING
PAT_01719,MECHANICAL_ENGINEERING
PAT_01720,MECHANICAL_ENGINEERING
PAT_01721,COMPUTER_SCIENCE
PAT_01722,BIOTECHNOLOGY
PAT_01723,MECHANICAL_ENGINEERING
PAT_01724,BIOTECHNOLOGY
PAT_01725,COMPUTER_SCIENCE
PAT_01726,BIOMEDICAL_ENGINEERING
PAT_01727,BIOMEDICAL_ENGINEERING
PAT_01728,BIOMEDICAL_ENGINEERING
PAT_01729,CHEMICAL
PAT_01730,ELECTRONICS
PAT_01731,ELECTRONICS
PAT_01732,CHEMICAL
PAT_01733,BIOMEDICAL_ENGINEERING
PAT_01734,ELECTRICAL
PAT_01735,PHYSICS
PAT_01736,BIOMEDICAL_ENGINEERING
PAT_01737,MECHANICAL_ENGINEERING
PAT_01738,CHEMICAL
PAT_01739,ELECTRONICS
PAT_01740,CIVIL
PAT_01741,PHYSICS
PAT_01742,CHEMICAL
PAT_01743,ELECTRONICS
PAT_01744,BIOMEDICAL_ENGINEERING
PAT_01745,BIOMEDICAL_ENGINEERING
PAT_01746,COMMUNICATION
PAT_01747,BIOMEDICAL_ENGINEERING
PAT_01748,ELECTRONICS
PAT_01749,ELECTRONICS
PAT_01750,CHEMICAL
PAT_01751,ELECTRONICS
PAT_01752,MECHANICAL_ENGINEERING
PAT_01753,BIOTECHNOLOGY
PAT_01754,PHYSICS
PAT_01755,MECHANICAL_ENGINEERING
PAT_01756,MECHANICAL_ENGINEERING
PAT_01757,COMPUTER_SCIENCE
PAT_01758,BIOTECHNOLOGY
PAT_01759,BIOCHEMISTRY
PAT_01760,CHEMICAL
PAT_01761,ELECTRONICS
PAT_01762,ELECTRONICS
PAT_01763,COMPUTER_SCIENCE
PAT_01764,COMPUTER_SCIENCE
PAT_01765,COMPUTER_SCIENCE
PAT_01766,ELECTRONICS
PAT_01767,COMMUNICATION
PAT_01768,COMMUNICATION
PAT_01769,PHYSICS
PAT_01770,PHYSICS
PAT_01771,ELECTRONICS
PAT_01772,COMPUTER_SCIENCE
PAT_01773,PHYSICS
PAT_01774,ELECTRICAL
PAT_01775,CHEMICAL
PAT_01776,COMPUTER_SCIENCE
PAT_01777,COMPUTER_SCIENCE
PAT_01778,PHYSICS
PAT_01779,BIOMEDICAL_ENGINEERING
PAT_01780,COMPUTER_SCIENCE
PAT_01781,BIOMEDICAL_ENGINEERING
PAT_01782,ELECTRONICS
PAT_01783,PHYSICS
PAT_01784,ELECTRONICS
PAT_01785,ELECTRONICS
PAT_01786,PHYSICS
PAT_01787,ELECTRONICS
PAT_01788,ELECTRONICS
PAT_01789,COMPUTER_SCIENCE
PAT_01790,MECHANICAL_ENGINEERING
PAT_01791,CIVIL
PAT_01792,BIOMEDICAL_ENGINEERING
PAT_01793,BIOMEDICAL_ENGINEERING
PAT_01794,ELECTRONICS
PAT_01795,ELECTRICAL
PAT_01796,MECHANICAL_ENGINEERING
PAT_01797,COMPUTER_SCIENCE
PAT_01798,MECHANICAL_ENGINEERING
PAT_01799,BIOMEDICAL_ENGINEERING
PAT_01800,ELECTRONICS
PAT_01801,PHYSICS
PAT_01802,BIOMEDICAL_ENGINEERING
PAT_01803,BIOMEDICAL_ENGINEERING
PAT_01804,BIOTECHNOLOGY
PAT_01805,MECHANICAL_ENGINEERING
PAT_01806,CHEMICAL
PAT_01807,POLYMER_TECHNOLOGY
PAT_01808,ELECTRONICS
PAT_01809,COMMUNICATION
PAT_01810,BIOCHEMISTRY
PAT_01811,FOOD
PAT_01812,ELECTRONICS
PAT_01813,COMPUTER_SCIENCE
PAT_01814,COMMUNICATION
PAT_01815,COMPUTER_SCIENCE
PAT_01816,COMMUNICATION
PAT_01817,COMPUTER_SCIENCE
PAT_01818,ELECTRICAL
PAT_01819,MECHANICAL_ENGINEERING
PAT_01820,BIOMEDICAL_ENGINEERING
PAT_01821,PHYSICS
PAT_01822,ELECTRICAL
PAT_01823,ELECTRICAL
PAT_01824,ELECTRONICS
PAT_01825,PHYSICS
PAT_01826,MECHANICAL_ENGINEERING
PAT_01827,BIOMEDICAL_ENGINEERING
PAT_01828,ELECTRONICS
PAT_01829,BIOMEDICAL_ENGINEERING
PAT_01830,PHYSICS
PAT_01831,CHEMICAL
PAT_01832,COMPUTER_SCIENCE
PAT_01833,BIOTECHNOLOGY
PAT_01834,ELECTRICAL
PAT_01835,MECHANICAL_ENGINEERING
PAT_01836,MECHANICAL_ENGINEERING
PAT_01837,PHYSICS
PAT_01838,MECHANICAL_ENGINEERING
PAT_01839,MECHANICAL_ENGINEERING
PAT_01840,BIOMEDICAL_ENGINEERING
PAT_01841,COMMUNICATION
PAT_01842,COMPUTER_SCIENCE
PAT_01843,ELECTRONICS
PAT_01844,MECHANICAL_ENGINEERING
PAT_01845,ELECTRONICS
PAT_01846,BIOMEDICAL_ENGINEERING
PAT_01847,CHEMICAL
PAT_01848,MECHANICAL_ENGINEERING
PAT_01849,COMPUTER_SCIENCE
PAT_01850,COMPUTER_SCIENCE
PAT_01851,BIOMEDICAL_ENGINEERING
PAT_01852,BIOMEDICAL_ENGINEERING
PAT_01853,METALLURGY
PAT_01854,POLYMER_TECHNOLOGY
PAT_01855,ELECTRONICS
PAT_01856,BIOMEDICAL_ENGINEERING
PAT_01857,PHYSICS
PAT_01858,BIOMEDICAL_ENGINEERING
PAT_01859,CHEMICAL
PAT_01860,PHYSICS
PAT_01861,COMPUTER_SCIENCE
PAT_01862,ELECTRONICS
PAT_01863,ELECTRONICS
PAT_01864,MECHANICAL_ENGINEERING
PAT_01865,CHEMICAL
PAT_01866,PHYSICS
PAT_01867,PHYSICS
PAT_01868,CIVIL
PAT_01869,COMPUTER_SCIENCE
PAT_01870,BIOMEDICAL_ENGINEERING
PAT_01871,COMPUTER_SCIENCE
PAT_01872,ELECTRONICS
PAT_01873,COMMUNICATION
PAT_01874,BIOMEDICAL_ENGINEERING
PAT_01875,POLYMER_TECHNOLOGY
PAT_01876,BIOMEDICAL_ENGINEERING
PAT_01877,COMPUTER_SCIENCE
PAT_01878,COMPUTER_SCIENCE
PAT_01879,COMPUTER_SCIENCE
PAT_01880,COMPUTER_SCIENCE
PAT_01881,CIVIL
PAT_01882,PHYSICS
PAT_01883,MECHANICAL_ENGINEERING
PAT_01884,COMPUTER_SCIENCE
PAT_01885,COMPUTER_SCIENCE
PAT_01886,ELECTRONICS
PAT_01887,ELECTRONICS
PAT_01888,MECHANICAL_ENGINEERING
PAT_01889,COMPUTER_SCIENCE
PAT_01890,ELECTRONICS
PAT_01891,COMPUTER_SCIENCE
PAT_01892,ELECTRONICS
PAT_01893,COMPUTER_SCIENCE
PAT_01894,MECHANICAL_ENGINEERING
PAT_01895,ELECTRONICS
PAT_01896,BIOMEDICAL_ENGINEERING
PAT_01897,COMPUTER_SCIENCE
PAT_01898,FOOD
PAT_01899,COMPUTER_SCIENCE
PAT_01900,BIOMEDICAL_ENGINEERING
PAT_01901,PHYSICS
PAT_01902,COMMUNICATION
PAT_01903,COMMUNICATION
PAT_01904,BIOMEDICAL_ENGINEERING
PAT_01905,BIOMEDICAL_ENGINEERING
PAT_01906,PHYSICS
PAT_01907,PHYSICS
PAT_01908,MECHANICAL_ENGINEERING
PAT_01909,PHYSICS
PAT_01910,BIOMEDICAL_ENGINEERING
PAT_01911,COMPUTER_SCIENCE
PAT_01912,COMPUTER_SCIENCE
PAT_01913,COMPUTER_SCIENCE
PAT_01914,TEXTILE
PAT_01915,COMPUTER_SCIENCE
PAT_01916,COMMUNICATION
PAT_01917,BIOMEDICAL_ENGINEERING
PAT_01918,BIOMEDICAL_ENGINEERING
PAT_01919,BIOMEDICAL_ENGINEERING
PAT_01920,COMMUNICATION
PAT_01921,ELECTRONICS
PAT_01922,COMPUTER_SCIENCE
PAT_01923,ELECTRONICS
PAT_01924,COMPUTER_SCIENCE
PAT_01925,COMPUTER_SCIENCE
PAT_01926,COMMUNICATION
PAT_01927,ELECTRONICS
PAT_01928,COMPUTER_SCIENCE
PAT_01929,COMMUNICATION
PAT_01930,COMPUTER_SCIENCE
PAT_01931,ELECTRONICS
PAT_01932,COMPUTER_SCIENCE
PAT_01933,ELECTRICAL
PAT_01934,FOOD
PAT_01935,PHYSICS
PAT_01936,BIOMEDICAL_ENGINEERING
PAT_01937,COMPUTER_SCIENCE
PAT_01938,ELECTRONICS
PAT_01939,MECHANICAL_ENGINEERING
PAT_01940,MECHANICAL_ENGINEERING
PAT_01941,COMPUTER_SCIENCE
PAT_01942,COMPUTER_SCIENCE
PAT_01943,COMPUTER_SCIENCE
PAT_01944,PHYSICS
PAT_01945,ELECTRONICS
PAT_01946,COMPUTER_SCIENCE
PAT_01947,COMPUTER_SCIENCE
PAT_01948,ELECTRONICS
PAT_01949,COMPUTER_SCIENCE
PAT_01950,COMMUNICATION
PAT_01951,COMPUTER_SCIENCE
PAT_01952,COMPUTER_SCIENCE
PAT_01953,ELECTRONICS
PAT_01954,MECHANICAL_ENGINEERING
PAT_01955,COMPUTER_SCIENCE
PAT_01956,ELECTRONICS
PAT_01957,BIOMEDICAL_ENGINEERING
PAT_01958,COMPUTER_SCIENCE
PAT_01959,MECHANICAL_ENGINEERING
PAT_01960,MECHANICAL_ENGINEERING
PAT_01961,ELECTRICAL
PAT_01962,ELECTRICAL
PAT_01963,ELECTRICAL
PAT_01964,MECHANICAL_ENGINEERING
PAT_01965,COMPUTER_SCIENCE
PAT_01966,BIOMEDICAL_ENGINEERING
PAT_01967,ELECTRICAL
PAT_01968,MECHANICAL_ENGINEERING
PAT_01969,BIOMEDICAL_ENGINEERING
PAT_01970,CHEMICAL
PAT_01971,BIOMEDICAL_ENGINEERING
PAT_01972,COMPUTER_SCIENCE
PAT_01973,MECHANICAL_ENGINEERING
PAT_01974,COMPUTER_SCIENCE
PAT_01975,ELECTRONICS
PAT_01976,CHEMICAL
PAT_01977,COMPUTER_SCIENCE
PAT_01978,ELECTRONICS
PAT_01979,BIOMEDICAL_ENGINEERING
PAT_01980,ELECTRICAL
PAT_01981,MECHANICAL_ENGINEERING
PAT_01982,ELECTRICAL
PAT_01983,FOOD
PAT_01984,PHYSICS
PAT_01985,COMPUTER_SCIENCE
PAT_01986,BIOTECHNOLOGY
PAT_01987,POLYMER_TECHNOLOGY
PAT_01988,BIOMEDICAL_ENGINEERING
PAT_01989,CHEMICAL
PAT_01990,COMMUNICATION
PAT_01991,MECHANICAL_ENGINEERING
PAT_01992,MECHANICAL_ENGINEERING
PAT_01993,ELECTRONICS
PAT_01994,MECHANICAL_ENGINEERING
PAT_01995,COMPUTER_SCIENCE
PAT_01996,CHEMICAL
PAT_01997,MECHANICAL_ENGINEERING
PAT_01998,BIOCHEMISTRY
PAT_01999,ELECTRONICS
PAT_02000,CHEMICAL
PAT_02001,COMPUTER_SCIENCE
PAT_02002,BIOMEDICAL_ENGINEERING
PAT_02003,BIOTECHNOLOGY
PAT_02004,MECHANICAL_ENGINEERING
PAT_02005,COMPUTER_SCIENCE
PAT_02006,ELECTRONICS
PAT_02007,ELECTRICAL
PAT_02008,ELECTRICAL
PAT_02009,CHEMICAL
PAT_02010,COMPUTER_SCIENCE
PAT_02011,COMPUTER_SCIENCE
PAT_02012,BIOMEDICAL_ENGINEERING
PAT_02013,COMPUTER_SCIENCE
PAT_02014,BIOMEDICAL_ENGINEERING
PAT_02015,COMPUTER_SCIENCE
PAT_02016,MECHANICAL_ENGINEERING
PAT_02017,PHYSICS
PAT_02018,COMPUTER_SCIENCE
PAT_02019,COMPUTER_SCIENCE
PAT_02020,PHYSICS
PAT_02021,MECHANICAL_ENGINEERING
PAT_02022,MECHANICAL_ENGINEERING
PAT_02023,MECHANICAL_ENGINEERING
PAT_02024,MECHANICAL_ENGINEERING
PAT_02025,MECHANICAL_ENGINEERING
PAT_02026,MECHANICAL_ENGINEERING
PAT_02027,MECHANICAL_ENGINEERING
PAT_02028,ELECTRONICS
PAT_02029,CHEMICAL
PAT_02030,COMPUTER_SCIENCE
PAT_02031,ELECTRONICS
PAT_02032,BIOTECHNOLOGY
PAT_02033,BIOMEDICAL_ENGINEERING
PAT_02034,PHYSICS
PAT_02035,MECHANICAL_ENGINEERING
PAT_02036,CHEMICAL
PAT_02037,ELECTRICAL
PAT_02038,BIOMEDICAL_ENGINEERING
PAT_02039,MECHANICAL_ENGINEERING
PAT_02040,CHEMICAL
PAT_02041,BIOMEDICAL_ENGINEERING
PAT_02042,BIOMEDICAL_ENGINEERING
PAT_02043,BIOMEDICAL_ENGINEERING
PAT_02044,BIOMEDICAL_ENGINEERING
PAT_02045,BIOMEDICAL_ENGINEERING
PAT_02046,COMPUTER_SCIENCE
PAT_02047,ELECTRONICS
PAT_02048,MECHANICAL_ENGINEERING
PAT_02049,MECHANICAL_ENGINEERING
PAT_02050,MECHANICAL_ENGINEERING
PAT_02051,ELECTRONICS
PAT_02052,COMPUTER_SCIENCE
PAT_02053,BIOMEDICAL_ENGINEERING
PAT_02054,ELECTRONICS
PAT_02055,BIOMEDICAL_ENGINEERING
PAT_02056,BIOMEDICAL_ENGINEERING
PAT_02057,BIOMEDICAL_ENGINEERING
PAT_02058,ELECTRICAL
PAT_02059,ELECTRONICS
PAT_02060,COMPUTER_SCIENCE
PAT_02061,ELECTRICAL
PAT_02062,BIOMEDICAL_ENGINEERING
PAT_02063,COMMUNICATION
PAT_02064,CHEMICAL
PAT_02065,BIOMEDICAL_ENGINEERING
PAT_02066,ELECTRONICS
PAT_02067,COMPUTER_SCIENCE
PAT_02068,ELECTRONICS
PAT_02069,BIOMEDICAL_ENGINEERING
PAT_02070,BIOTECHNOLOGY
PAT_02071,ELECTRICAL
PAT_02072,MECHANICAL_ENGINEERING
PAT_02073,BIOMEDICAL_ENGINEERING
PAT_02074,BIOMEDICAL_ENGINEERING
PAT_02075,COMPUTER_SCIENCE
PAT_02076,PHYSICS
PAT_02077,COMPUTER_SCIENCE
PAT_02078,ELECTRONICS
PAT_02079,CHEMICAL
PAT_02080,CHEMICAL
PAT_02081,POLYMER_TECHNOLOGY
PAT_02082,COMPUTER_SCIENCE
PAT_02083,CHEMICAL
PAT_02084,BIOMEDICAL_ENGINEERING
PAT_02085,CHEMICAL
PAT_02086,MECHANICAL_ENGINEERING
PAT_02087,CIVIL
PAT_02088,CHEMICAL
PAT_02089,BIOMEDICAL_ENGINEERING
PAT_02090,BIOMEDICAL_ENGINEERING
PAT_02091,COMPUTER_SCIENCE
PAT_02092,CHEMICAL
PAT_02093,BIOTECHNOLOGY
PAT_02094,FOOD
PAT_02095,CHEMICAL
PAT_02096,CHEMICAL
PAT_02097,BIOMEDICAL_ENGINEERING
PAT_02098,ELECTRONICS
PAT_02099,ELECTRICAL
PAT_02100,METALLURGY
PAT_02101,BIOCHEMISTRY
PAT_02102,ELECTRICAL
PAT_02103,BIOMEDICAL_ENGINEERING
PAT_02104,COMMUNICATION
PAT_02105,COMPUTER_SCIENCE
PAT_02106,COMMUNICATION
PAT_02107,ELECTRONICS
PAT_02108,CHEMICAL
PAT_02109,COMPUTER_SCIENCE
PAT_02110,BIOMEDICAL_ENGINEERING
PAT_02111,CHEMICAL
PAT_02112,ELECTRONICS
PAT_02113,FOOD
PAT_02114,CHEMICAL
PAT_02115,MECHANICAL_ENGINEERING
PAT_02116,CHEMICAL
PAT_02117,BIOTECHNOLOGY
PAT_02118,BIOMEDICAL_ENGINEERING
PAT_02119,CHEMICAL
PAT_02120,CHEMICAL
PAT_02121,MECHANICAL_ENGINEERING
PAT_02122,CHEMICAL
PAT_02123,CHEMICAL
PAT_02124,BIOMEDICAL_ENGINEERING
PAT_02125,BIOMEDICAL_ENGINEERING
PAT_02126,CHEMICAL
PAT_02127,CHEMICAL
PAT_02128,CHEMICAL
PAT_02129,CHEMICAL
PAT_02130,BIOCHEMISTRY
PAT_02131,BIOTECHNOLOGY
PAT_02132,CHEMICAL
PAT_02133,CHEMICAL
PAT_02134,CHEMICAL
PAT_02135,COMPUTER_SCIENCE
PAT_02136,CHEMICAL
PAT_02137,CHEMICAL
PAT_02138,CHEMICAL
PAT_02139,CHEMICAL
PAT_02140,MECHANICAL_ENGINEERING
PAT_02141,COMPUTER_SCIENCE
PAT_02142,ELECTRICAL
PAT_02143,MECHANICAL_ENGINEERING
PAT_02144,CHEMICAL
PAT_02145,CHEMICAL
PAT_02146,MECHANICAL_ENGINEERING
PAT_02147,BIOMEDICAL_ENGINEERING
PAT_02148,BIOTECHNOLOGY
PAT_02149,MECHANICAL_ENGINEERING
PAT_02150,COMPUTER_SCIENCE
PAT_02151,CHEMICAL
PAT_02152,CHEMICAL
PAT_02153,CHEMICAL
PAT_02154,ELECTRONICS
PAT_02155,MECHANICAL_ENGINEERING
PAT_02156,COMPUTER_SCIENCE
PAT_02157,CHEMICAL
PAT_02158,COMPUTER_SCIENCE
PAT_02159,COMPUTER_SCIENCE
PAT_02160,COMMUNICATION
PAT_02161,COMPUTER_SCIENCE
PAT_02162,BIOMEDICAL_ENGINEERING
PAT_02163,CHEMICAL
PAT_02164,BIOTECHNOLOGY
PAT_02165,BIOTECHNOLOGY
PAT_02166,CHEMICAL
PAT_02167,BIOMEDICAL_ENGINEERING
PAT_02168,ELECTRONICS
PAT_02169,BIOMEDICAL_ENGINEERING
PAT_02170,BIOMEDICAL_ENGINEERING
PAT_02171,PHYSICS
PAT_02172,MECHANICAL_ENGINEERING
