Department_ID,Thesis_ID
MATERIALS_ENGINEERING,426407
MECHANICAL_ENGINEERING,429335
ELECTRICAL_ENGINEERING,426390
PRODUCT_DESIGN_AND_MANUFACTURING,426519
CIVIL_ENGINEERING,428618
ELECTRONIC_SYSTEMS_ENGINEERING,428623
MECHANICAL_ENGINEERING,429507
AEROSPACE_ENGINEERING,428628
MECHANICAL_ENGINEERING,428633
AEROSPACE_ENGINEERING,426620
PRODUCT_DESIGN_AND_MANUFACTURING,430144
ELECTRONICS_AND_COMMUNICATION_ENGINEERING,427122
AEROSPACE_ENGINEERING,427119
MATERIALS_ENGINEERING,427118
NANO_SCIENCE_AND_ENGINEERING,427123
ELECTRICAL_ENGINEERING,427114
CIVIL_ENGINEERING,427113
CHEMICAL_ENGINEERING,426528
AEROSPACE_ENGINEERING,426646
MATERIALS_ENGINEERING,426638
MATERIALS_ENGINEERING,426675
ELECTRONICS_AND_COMMUNICATION_ENGINEERING,430152
ELECTRONICS_AND_COMMUNICATION_ENGINEERING,426597
NANO_SCIENCE_AND_ENGINEERING,444775
DATA_SCIENCE,426592
ELECTRICAL_ENGINEERING,426590
ELECTRICAL_ENGINEERING,426731
CIVIL_ENGINEERING,428405
ELECTRICAL_ENGINEERING,428407
ELECTRICAL_ENGINEERING,428408
MATERIALS_ENGINEERING,428404
NANO_SCIENCE_AND_ENGINEERING,428398
ELECTRICAL_ENGINEERING,428399
MATERIALS_ENGINEERING,428388
AEROSPACE_ENGINEERING,428386
CIVIL_ENGINEERING,428402
NANO_SCIENCE_AND_ENGINEERING,426766
CIVIL_ENGINEERING,430602
MATERIALS_ENGINEERING,426763
CIVIL_ENGINEERING,428376
ELECTRONICS_AND_COMMUNICATION_ENGINEERING,428374
ELECTRICAL_ENGINEERING,428371
CIVIL_ENGINEERING,426465
AEROSPACE_ENGINEERING,427199
ELECTRONIC_SYSTEMS_ENGINEERING,429663
ELECTRONICS_AND_COMMUNICATION_ENGINEERING,426756
ELECTRONICS_AND_COMMUNICATION_ENGINEERING,426635
MECHANICAL_ENGINEERING,426754
ELECTRICAL_ENGINEERING,428656
AEROSPACE_ENGINEERING,430433
BIOSYSTEMS_AND_BIOMEDICAL_ENGINEERING,430438
ELECTRONICS_AND_COMMUNICATION_ENGINEERING,430432
AEROSPACE_ENGINEERING,425647
NANO_SCIENCE_AND_ENGINEERING,430437
CIVIL_ENGINEERING,430426
AEROSPACE_ENGINEERING,430429
ELECTRICAL_ENGINEERING,425794
MATERIALS_ENGINEERING,429958
MATERIALS_ENGINEERING,429965
MANAGEMENT_STUDIES,431378
MATERIALS_ENGINEERING,429960
AEROSPACE_ENGINEERING,431380
AEROSPACE_ENGINEERING,429962
MATERIALS_ENGINEERING,429199
EARTH_SCIENCES,425983
INSTRUMENTATION_AND_APPLIED_PHYSICS,426170
ELECTRONIC_SYSTEMS_ENGINEERING,430042
ELECTRONIC_SYSTEMS_ENGINEERING,430659
NANO_SCIENCE_AND_ENGINEERING,427207
NANO_SCIENCE_AND_ENGINEERING,431361
ELECTRONIC_SYSTEMS_ENGINEERING,430657
ELECTRICAL_ENGINEERING,430653
MECHANICAL_ENGINEERING,447243
ENERGY_RESEARCH,447245
MATERIALS_ENGINEERING,428816
AEROSPACE_ENGINEERING,447244
MANAGEMENT_STUDIES,431363
MECHANICAL_ENGINEERING,428874
CIVIL_ENGINEERING,428983
MATERIALS_ENGINEERING,434407
AEROSPACE_ENGINEERING,434419
AEROSPACE_ENGINEERING,434388
AEROSPACE_ENGINEERING,434381
BIOSYSTEMS_AND_BIOMEDICAL_ENGINEERING,433991
ELECTRICAL_ENGINEERING,434015
NANO_SCIENCE_AND_ENGINEERING,434020
AEROSPACE_ENGINEERING,429711
INSTRUMENTATION_AND_APPLIED_PHYSICS,426369
CHEMICAL_ENGINEERING,429329
ELECTRONICS_AND_COMMUNICATION_ENGINEERING,433694
ENERGY_RESEARCH,433717
COMPUTER_SCIENCE_AND_AUTOMATION,433697
CHEMICAL_ENGINEERING,433690
AEROSPACE_ENGINEERING,433709
AEROSPACE_ENGINEERING,433729
MATERIALS_ENGINEERING,431728
ELECTRICAL_ENGINEERING,431730
ENERGY_RESEARCH,433686
ENERGY_RESEARCH,433680
MATERIALS_ENGINEERING,433685
CIVIL_ENGINEERING,426353
MATERIALS_ENGINEERING,426403
MATERIALS_ENGINEERING,426388
MATERIALS_ENGINEERING,426398
AEROSPACE_ENGINEERING,426500
NANO_SCIENCE_AND_ENGINEERING,426492
NANO_SCIENCE_AND_ENGINEERING,426515
MATERIALS_ENGINEERING,426518
BIOSYSTEMS_AND_BIOMEDICAL_ENGINEERING,426520
MATERIALS_ENGINEERING,429561
COMPUTER_SCIENCE_AND_AUTOMATION,428639
ELECTRONIC_SYSTEMS_ENGINEERING,426478
COMPUTER_SCIENCE_AND_AUTOMATION,426472
ELECTRONIC_SYSTEMS_ENGINEERING,426480
NANO_SCIENCE_AND_ENGINEERING,426547
CIVIL_ENGINEERING,426558
ENERGY_RESEARCH,426557
DATA_SCIENCE,426479
COMPUTER_SCIENCE_AND_AUTOMATION,426487
COMPUTER_SCIENCE_AND_AUTOMATION,426584
AEROSPACE_ENGINEERING,426525
ELECTRICAL_ENGINEERING,426522
CHEMICAL_ENGINEERING,426538
CIVIL_ENGINEERING,426539
ENERGY_RESEARCH,426580
COMPUTER_SCIENCE_AND_AUTOMATION,426569
MATERIALS_ENGINEERING,426570
COMPUTER_SCIENCE_AND_AUTOMATION,426583
ELECTRICAL_ENGINEERING,426672
CIVIL_ENGINEERING,428346
COMPUTER_SCIENCE_AND_AUTOMATION,428347
AEROSPACE_ENGINEERING,426643
COMPUTER_SCIENCE_AND_AUTOMATION,426451
MATERIALS_ENGINEERING,426601
MATERIALS_ENGINEERING,426605
ELECTRICAL_ENGINEERING,426586
NANO_SCIENCE_AND_ENGINEERING,426498
ELECTRONICS_AND_COMMUNICATION_ENGINEERING,426506
MATERIALS_ENGINEERING,426476
MATERIALS_ENGINEERING,428358
ELECTRICAL_ENGINEERING,426649
MECHANICAL_ENGINEERING,428355
ELECTRONICS_AND_COMMUNICATION_ENGINEERING,426652
MATERIALS_ENGINEERING,426732
MATERIALS_ENGINEERING,426734
COMPUTER_SCIENCE_AND_AUTOMATION,428413
MECHANICAL_ENGINEERING,426751
MECHANICAL_ENGINEERING,428364
CIVIL_ENGINEERING,426708
ELECTRONICS_AND_COMMUNICATION_ENGINEERING,426724
ELECTRONICS_AND_COMMUNICATION_ENGINEERING,426725
ENERGY_RESEARCH,426730
CIVIL_ENGINEERING,426727
CHEMICAL_ENGINEERING,428397
MATERIALS_ENGINEERING,426711
ELECTRICAL_ENGINEERING,426713
CIVIL_ENGINEERING,428396
NANO_SCIENCE_AND_ENGINEERING,449993
COMPUTER_SCIENCE_AND_AUTOMATION,449995
MATERIALS_ENGINEERING,426440
MECHANICAL_ENGINEERING,426449
ELECTRONICS_AND_COMMUNICATION_ENGINEERING,426417
ELECTRONIC_SYSTEMS_ENGINEERING,426415
AEROSPACE_ENGINEERING,426441
COMPUTER_SCIENCE_AND_AUTOMATION,426460
NANO_SCIENCE_AND_ENGINEERING,428653
MATERIALS_ENGINEERING,428654
CHEMICAL_ENGINEERING,427758
NANO_SCIENCE_AND_ENGINEERING,425652
MATERIALS_ENGINEERING,427772
MATERIALS_ENGINEERING,427782
COMPUTER_SCIENCE_AND_AUTOMATION,427783
MATERIALS_ENGINEERING,427773
ELECTRONICS_AND_COMMUNICATION_ENGINEERING,429867
COMPUTER_SCIENCE_AND_AUTOMATION,425793
ELECTRONICS_AND_COMMUNICATION_ENGINEERING,427805
NANO_SCIENCE_AND_ENGINEERING,429955
PRODUCT_DESIGN_AND_MANUFACTURING,425747
SUPERCOMPUTING,425739
DATA_SCIENCE,427789
AEROSPACE_ENGINEERING,427784
CHEMICAL_ENGINEERING,429183
ELECTRICAL_ENGINEERING,429188
BIOSYSTEMS_AND_BIOMEDICAL_ENGINEERING,425827
MECHANICAL_ENGINEERING,425986
ENERGY_RESEARCH,425991
MATERIALS_ENGINEERING,426022
ENERGY_RESEARCH,429209
MATERIALS_ENGINEERING,426026
AEROSPACE_ENGINEERING,426128
AEROSPACE_ENGINEERING,426125
ELECTRICAL_ENGINEERING,426105
MECHANICAL_ENGINEERING,426110
NANO_SCIENCE_AND_ENGINEERING,426126
NANO_SCIENCE_AND_ENGINEERING,426060
NANO_SCIENCE_AND_ENGINEERING,426132
CHEMICAL_ENGINEERING,426186
COMPUTER_SCIENCE_AND_AUTOMATION,426127
EARTH_SCIENCES,430031
MECHANICAL_ENGINEERING,426129
NANO_SCIENCE_AND_ENGINEERING,426163
ELECTRONICS_AND_COMMUNICATION_ENGINEERING,430039
PHYSICS,426220
CIVIL_ENGINEERING,430037
AEROSPACE_ENGINEERING,426197
MATERIALS_ENGINEERING,426218
COMPUTER_SCIENCE_AND_AUTOMATION,428803
CIVIL_ENGINEERING,428805
MANAGEMENT_STUDIES,428811
BIOSYSTEMS_AND_BIOMEDICAL_ENGINEERING,428832
ELECTRONIC_SYSTEMS_ENGINEERING,428851
CHEMICAL_ENGINEERING,447379
AEROSPACE_ENGINEERING,429739
MATERIALS_ENGINEERING,428981
CIVIL_ENGINEERING,434430
NANO_SCIENCE_AND_ENGINEERING,434422
ELECTRONICS_AND_COMMUNICATION_ENGINEERING,434432
PRODUCT_DESIGN_AND_MANUFACTURING,434427
ELECTRONICS_AND_COMMUNICATION_ENGINEERING,434421
NANO_SCIENCE_AND_ENGINEERING,434417
MATERIALS_ENGINEERING,434441
ELECTRICAL_ENGINEERING,433997
ELECTRONICS_AND_COMMUNICATION_ENGINEERING,434000
MATERIALS_ENGINEERING,434565
MATERIALS_ENGINEERING,428840
ELECTRICAL_ENGINEERING,426363
ELECTRONICS_AND_COMMUNICATION_ENGINEERING,426356
MATERIALS_ENGINEERING,426319
MECHANICAL_ENGINEERING,426320
DATA_SCIENCE,433696
BIOSYSTEMS_AND_BIOMEDICAL_ENGINEERING,426402
NANO_SCIENCE_AND_ENGINEERING,426384
ELECTRICAL_ENGINEERING,429332
ELECTRONICS_AND_COMMUNICATION_ENGINEERING,428605
MATERIALS_ENGINEERING,428608
ELECTRONIC_SYSTEMS_ENGINEERING,428597
MATERIALS_ENGINEERING,428600
NANO_SCIENCE_AND_ENGINEERING,428634
MATERIALS_ENGINEERING,428640
ELECTRONICS_AND_COMMUNICATION_ENGINEERING,429539
ELECTRICAL_ENGINEERING,426477
ELECTRONIC_SYSTEMS_ENGINEERING,426551
ELECTRONICS_AND_COMMUNICATION_ENGINEERING,426488
AEROSPACE_ENGINEERING,431367
ELECTRONIC_SYSTEMS_ENGINEERING,431354
MATERIALS_ENGINEERING,431338
ENERGY_RESEARCH,427110
CHEMICAL_ENGINEERING,426333
ELECTRONICS_AND_COMMUNICATION_ENGINEERING,426344
ELECTRICAL_ENGINEERING,426532
MECHANICAL_ENGINEERING,426581
MATERIALS_ENGINEERING,444754
ELECTRICAL_ENGINEERING,426541
ELECTRONICS_AND_COMMUNICATION_ENGINEERING,426544
ELECTRICAL_ENGINEERING,428352
MECHANICAL_ENGINEERING,430148
ELECTRICAL_ENGINEERING,430150
CIVIL_ENGINEERING,430149
AEROSPACE_ENGINEERING,455135
CHEMICAL_ENGINEERING,431369
CHEMICAL_ENGINEERING,426695
CIVIL_ENGINEERING,428401
CIVIL_ENGINEERING,426776
NANO_SCIENCE_AND_ENGINEERING,426770
ELECTRONIC_SYSTEMS_ENGINEERING,427130
ELECTRONICS_AND_COMMUNICATION_ENGINEERING,427127
ELECTRONICS_AND_COMMUNICATION_ENGINEERING,427131
COMPUTER_SCIENCE_AND_AUTOMATION,427126
ELECTRONICS_AND_COMMUNICATION_ENGINEERING,427132
MATERIALS_ENGINEERING,431347
NANO_SCIENCE_AND_ENGINEERING,449973
MATERIALS_ENGINEERING,429354
CIVIL_ENGINEERING,429344
BIOSYSTEMS_AND_BIOMEDICAL_ENGINEERING,429348
ELECTRICAL_ENGINEERING,430145
ELECTRONIC_SYSTEMS_ENGINEERING,428647
COMPUTER_SCIENCE_AND_AUTOMATION,430419
ELECTRICAL_ENGINEERING,429864
ELECTRONIC_SYSTEMS_ENGINEERING,429862
ELECTRONIC_SYSTEMS_ENGINEERING,429860
CIVIL_ENGINEERING,429851
CIVIL_ENGINEERING,429855
ELECTRONIC_SYSTEMS_ENGINEERING,429868
NEUROSCIENCE,430427
COMPUTER_SCIENCE_AND_AUTOMATION,430425
NANO_SCIENCE_AND_ENGINEERING,430420
CIVIL_ENGINEERING,429873
ELECTRONIC_SYSTEMS_ENGINEERING,429877
CIVIL_ENGINEERING,429878
CHEMICAL_ENGINEERING,430428
AEROSPACE_ENGINEERING,429847
MATERIALS_ENGINEERING,429852
CIVIL_ENGINEERING,429861
ENERGY_RESEARCH,429870
ELECTRONICS_AND_COMMUNICATION_ENGINEERING,429856
MECHANICAL_ENGINEERING,429869
AEROSPACE_ENGINEERING,427799
MECHANICAL_ENGINEERING,427797
AEROSPACE_ENGINEERING,425726
ELECTRONICS_AND_COMMUNICATION_ENGINEERING,427795
ELECTRONICS_AND_COMMUNICATION_ENGINEERING,427793
BIOSYSTEMS_AND_BIOMEDICAL_ENGINEERING,425779
ELECTRONICS_AND_COMMUNICATION_ENGINEERING,427791
ELECTRONICS_AND_COMMUNICATION_ENGINEERING,429832
CHEMICAL_ENGINEERING,429822
ENERGY_RESEARCH,431383
ELECTRONICS_AND_COMMUNICATION_ENGINEERING,431366
ELECTRONICS_AND_COMMUNICATION_ENGINEERING,431352
BIOSYSTEMS_AND_BIOMEDICAL_ENGINEERING,431381
MATERIALS_ENGINEERING,429963
ELECTRONICS_AND_COMMUNICATION_ENGINEERING,429206
MECHANICAL_ENGINEERING,426012
PRODUCT_DESIGN_AND_MANUFACTURING,429217
CHEMICAL_ENGINEERING,429216
CIVIL_ENGINEERING,429203
ELECTRICAL_ENGINEERING,426066
MATERIALS_ENGINEERING,430024
DATA_SCIENCE,430017
ELECTRONIC_SYSTEMS_ENGINEERING,430033
INSTRUMENTATION_AND_APPLIED_PHYSICS,426166
CIVIL_ENGINEERING,426195
ELECTRONIC_SYSTEMS_ENGINEERING,430040
AEROSPACE_ENGINEERING,427133
ELECTRONICS_AND_COMMUNICATION_ENGINEERING,427124
BIOSYSTEMS_AND_BIOMEDICAL_ENGINEERING,428802
MATERIALS_ENGINEERING,428806
CHEMICAL_ENGINEERING,427141
MATERIALS_ENGINEERING,429703
MATERIALS_ENGINEERING,428833
ELECTRONICS_AND_COMMUNICATION_ENGINEERING,428815
MATERIALS_ENGINEERING,428831
CHEMICAL_ENGINEERING,428810
MATERIALS_ENGINEERING,428853
ELECTRONIC_SYSTEMS_ENGINEERING,428847
MATERIALS_ENGINEERING,428845
MATERIALS_ENGINEERING,429742
ELECTRONICS_AND_COMMUNICATION_ENGINEERING,429762
MATERIALS_ENGINEERING,576534
ENERGY_RESEARCH,428960
COMPUTER_SCIENCE_AND_AUTOMATION,428963
ELECTRONIC_SYSTEMS_ENGINEERING,428971
ENERGY_RESEARCH,428985
AEROSPACE_ENGINEERING,428980
ELECTRONICS_AND_COMMUNICATION_ENGINEERING,428988
CHEMICAL_ENGINEERING,429813
CIVIL_ENGINEERING,434398
ELECTRONIC_SYSTEMS_ENGINEERING,434385
MATERIALS_ENGINEERING,434438
AEROSPACE_ENGINEERING,434006
ELECTRONIC_SYSTEMS_ENGINEERING,433970
CHEMICAL_ENGINEERING,433984
AEROSPACE_ENGINEERING,433998
MATERIALS_ENGINEERING,433981
ELECTRICAL_ENGINEERING,433996
ELECTRONICS_AND_COMMUNICATION_ENGINEERING,433990
MATERIALS_ENGINEERING,434557
MECHANICAL_ENGINEERING,434569
EARTH_SCIENCES,434566
MATERIALS_ENGINEERING,431341
COMPUTER_SCIENCE_AND_AUTOMATION,440459
AEROSPACE_ENGINEERING,440764
AEROSPACE_ENGINEERING,440763
MECHANICAL_ENGINEERING,429710
DATA_SCIENCE,457881
ELECTRICAL_ENGINEERING,507501
AEROSPACE_ENGINEERING,483415
COMPUTER_SCIENCE_AND_AUTOMATION,433713
MATERIALS_ENGINEERING,433715
CIVIL_ENGINEERING,433725
PRODUCT_DESIGN_AND_MANUFACTURING,431394
CIVIL_ENGINEERING,433704
ELECTRONICS_AND_COMMUNICATION_ENGINEERING,433718
MATERIALS_ENGINEERING,433730
ELECTRONICS_AND_COMMUNICATION_ENGINEERING,431630
ENERGY_RESEARCH,455544
MATERIALS_ENGINEERING,455547
ELECTRONICS_AND_COMMUNICATION_ENGINEERING,455545
MATERIALS_ENGINEERING,454896
ELECTRONIC_SYSTEMS_ENGINEERING,454886
ELECTRONIC_SYSTEMS_ENGINEERING,454922
COMPUTER_SCIENCE_AND_AUTOMATION,454921
ELECTRONICS_AND_COMMUNICATION_ENGINEERING,455161
ELECTRONICS_AND_COMMUNICATION_ENGINEERING,455158
MECHANICAL_ENGINEERING,444746
COMPUTER_SCIENCE_AND_AUTOMATION,444735
ELECTRONICS_AND_COMMUNICATION_ENGINEERING,455232
BIOSYSTEMS_AND_BIOMEDICAL_ENGINEERING,455225
MATERIALS_ENGINEERING,455235
MATERIALS_ENGINEERING,455226
CIVIL_ENGINEERING,455207
CIVIL_ENGINEERING,455195
ELECTRONIC_SYSTEMS_ENGINEERING,455123
ELECTRONICS_AND_COMMUNICATION_ENGINEERING,455127
BIOSYSTEMS_AND_BIOMEDICAL_ENGINEERING,455130
AEROSPACE_ENGINEERING,455133
CIVIL_ENGINEERING,455134
PRODUCT_DESIGN_AND_MANUFACTURING,455132
AEROSPACE_ENGINEERING,455136
COMPUTER_SCIENCE_AND_AUTOMATION,455145
ELECTRONIC_SYSTEMS_ENGINEERING,455124
CIVIL_ENGINEERING,455128
CIVIL_ENGINEERING,455146
ELECTRICAL_ENGINEERING,455142
CIVIL_ENGINEERING,455144
ELECTRONICS_AND_COMMUNICATION_ENGINEERING,455143
CIVIL_ENGINEERING,455219
CIVIL_ENGINEERING,455234
ELECTRONIC_SYSTEMS_ENGINEERING,455231
AEROSPACE_ENGINEERING,455233
ELECTRONIC_SYSTEMS_ENGINEERING,455237
ELECTRONICS_AND_COMMUNICATION_ENGINEERING,455310
ELECTRONIC_SYSTEMS_ENGINEERING,455291
BIOSYSTEMS_AND_BIOMEDICAL_ENGINEERING,455279
AEROSPACE_ENGINEERING,455298
AEROSPACE_ENGINEERING,455299
DATA_SCIENCE,455286
MATERIALS_ENGINEERING,455311
ELECTRONIC_SYSTEMS_ENGINEERING,455300
ELECTRICAL_ENGINEERING,455309
AEROSPACE_ENGINEERING,455276
COMPUTER_SCIENCE_AND_AUTOMATION,455274
MATERIALS_ENGINEERING,455308
ELECTRICAL_ENGINEERING,455278
MECHANICAL_ENGINEERING,454889
ELECTRONICS_AND_COMMUNICATION_ENGINEERING,575847
ELECTRONICS_AND_COMMUNICATION_ENGINEERING,454867
DATA_SCIENCE,455184
PRODUCT_DESIGN_AND_MANUFACTURING,455186
ELECTRONICS_AND_COMMUNICATION_ENGINEERING,453927
MATERIALS_ENGINEERING,453923
ELECTRONICS_AND_COMMUNICATION_ENGINEERING,453931
DATA_SCIENCE,453922
ELECTRONIC_SYSTEMS_ENGINEERING,453933
PRODUCT_DESIGN_AND_MANUFACTURING,453925
ELECTRONIC_SYSTEMS_ENGINEERING,453916
ELECTRONIC_SYSTEMS_ENGINEERING,453924
MECHANICAL_ENGINEERING,453935
ELECTRICAL_ENGINEERING,453928
CIVIL_ENGINEERING,453915
DATA_SCIENCE,453920
CHEMICAL_ENGINEERING,453917
MECHANICAL_ENGINEERING,453930
ELECTRICAL_ENGINEERING,453919
COMPUTER_SCIENCE_AND_AUTOMATION,453926
AEROSPACE_ENGINEERING,454108
ELECTRICAL_ENGINEERING,454127
PRODUCT_DESIGN_AND_MANUFACTURING,454097
AEROSPACE_ENGINEERING,454100
AEROSPACE_ENGINEERING,454114
CIVIL_ENGINEERING,454145
MATERIALS_ENGINEERING,454098
BIOSYSTEMS_AND_BIOMEDICAL_ENGINEERING,454144
MATERIALS_ENGINEERING,454155
ENERGY_RESEARCH,454198
ELECTRONICS_AND_COMMUNICATION_ENGINEERING,454161
BIOSYSTEMS_AND_BIOMEDICAL_ENGINEERING,454202
COMPUTER_SCIENCE_AND_AUTOMATION,454160
MATERIALS_ENGINEERING,454183
ELECTRICAL_ENGINEERING,454158
ELECTRONICS_AND_COMMUNICATION_ENGINEERING,454173
CIVIL_ENGINEERING,454189
NANO_SCIENCE_AND_ENGINEERING,454197
ELECTRONICS_AND_COMMUNICATION_ENGINEERING,456058
ELECTRONICS_AND_COMMUNICATION_ENGINEERING,576148
ELECTRICAL_ENGINEERING,456389
ELECTRICAL_ENGINEERING,429790
MECHANICAL_ENGINEERING,440464
ELECTRICAL_ENGINEERING,511692
ELECTRICAL_ENGINEERING,607051
MATERIALS_ENGINEERING,506858
MATERIALS_ENGINEERING,506865
DATA_SCIENCE,507497
ELECTRONICS_AND_COMMUNICATION_ENGINEERING,507495
MATERIALS_ENGINEERING,507504
MATERIALS_ENGINEERING,507506
DATA_SCIENCE,507463
ELECTRONICS_AND_COMMUNICATION_ENGINEERING,507882
DATA_SCIENCE,507496
DATA_SCIENCE,507884
ELECTRONIC_SYSTEMS_ENGINEERING,507881
ELECTRONIC_SYSTEMS_ENGINEERING,507877
ELECTRONIC_SYSTEMS_ENGINEERING,507876
ELECTRONICS_AND_COMMUNICATION_ENGINEERING,507490
CIVIL_ENGINEERING,507498
ELECTRONICS_AND_COMMUNICATION_ENGINEERING,507471
CIVIL_ENGINEERING,507493
MECHANICAL_ENGINEERING,507508
MATERIALS_ENGINEERING,507873
CIVIL_ENGINEERING,483820
AEROSPACE_ENGINEERING,483822
ELECTRONICS_AND_COMMUNICATION_ENGINEERING,511826
WATER_RESEARCH,511934
PRODUCT_DESIGN_AND_MANUFACTURING,572903
MECHANICAL_ENGINEERING,573325
ELECTRONICS_AND_COMMUNICATION_ENGINEERING,573137
PRODUCT_DESIGN_AND_MANUFACTURING,573327
MECHANICAL_ENGINEERING,573329
ELECTRONIC_SYSTEMS_ENGINEERING,573330
CHEMICAL_ENGINEERING,572896
MATERIALS_ENGINEERING,573333
MATERIALS_ENGINEERING,573332
DATA_SCIENCE,573331
PRODUCT_DESIGN_AND_MANUFACTURING,575096
MECHANICAL_ENGINEERING,579670
AEROSPACE_ENGINEERING,579671
CHEMICAL_ENGINEERING,579226
ELECTRICAL_ENGINEERING,579223
BIOSYSTEMS_AND_BIOMEDICAL_ENGINEERING,575841
COMPUTER_SCIENCE_AND_AUTOMATION,575846
ELECTRONICS_AND_COMMUNICATION_ENGINEERING,644461
ELECTRONICS_AND_COMMUNICATION_ENGINEERING,577947
MATERIALS_ENGINEERING,577952
CIVIL_ENGINEERING,577943
MATERIALS_ENGINEERING,577946
MATERIALS_ENGINEERING,577945
COMPUTER_SCIENCE_AND_AUTOMATION,577948
ELECTRICAL_ENGINEERING,575692
MECHANICAL_ENGINEERING,575681
MATERIALS_ENGINEERING,575683
CHEMICAL_ENGINEERING,575691
CHEMICAL_ENGINEERING,575695
COMPUTER_SCIENCE_AND_AUTOMATION,576007
BIOSYSTEMS_AND_BIOMEDICAL_ENGINEERING,576006
CHEMICAL_ENGINEERING,576009
DATA_SCIENCE,576003
AEROSPACE_ENGINEERING,576150
CIVIL_ENGINEERING,576149
ELECTRONICS_AND_COMMUNICATION_ENGINEERING,576147
ENERGY_RESEARCH,576467
ELECTRONIC_SYSTEMS_ENGINEERING,576465
MATERIALS_ENGINEERING,576469
CIVIL_ENGINEERING,576468
ELECTRONICS_AND_COMMUNICATION_ENGINEERING,576531
COMPUTER_SCIENCE_AND_AUTOMATION,576533
AEROSPACE_ENGINEERING,576628
AEROSPACE_ENGINEERING,576644
ELECTRICAL_ENGINEERING,576643
MECHANICAL_ENGINEERING,576645
MATERIALS_ENGINEERING,576672
ELECTRONICS_AND_COMMUNICATION_ENGINEERING,576727
MECHANICAL_ENGINEERING,576242
MATERIALS_ENGINEERING,576780
ELECTRICAL_ENGINEERING,612572
CIVIL_ENGINEERING,612571
BIOSYSTEMS_AND_BIOMEDICAL_ENGINEERING,612569
ELECTRICAL_ENGINEERING,613202
CHEMICAL_ENGINEERING,613196
ELECTRICAL_ENGINEERING,613191
ELECTRICAL_ENGINEERING,613194
MATERIALS_ENGINEERING,613193
ELECTRONICS_AND_COMMUNICATION_ENGINEERING,613192
CHEMICAL_ENGINEERING,613195
MATERIALS_ENGINEERING,613203
ELECTRICAL_ENGINEERING,613197
CIVIL_ENGINEERING,612901
ELECTRONICS_AND_COMMUNICATION_ENGINEERING,612899
ELECTRONIC_SYSTEMS_ENGINEERING,612903
INSTRUMENTATION_AND_APPLIED_PHYSICS,612888
ELECTRICAL_ENGINEERING,612902
NANO_SCIENCE_AND_ENGINEERING,612895
CIVIL_ENGINEERING,612898
COMPUTER_SCIENCE_AND_AUTOMATION,576764
MATERIALS_ENGINEERING,576775
BIOSYSTEMS_AND_BIOMEDICAL_ENGINEERING,576759
PRODUCT_DESIGN_AND_MANUFACTURING,576765
MATERIALS_ENGINEERING,612478
CIVIL_ENGINEERING,612479
ELECTRONICS_AND_COMMUNICATION_ENGINEERING,613545
INSTRUMENTATION_AND_APPLIED_PHYSICS,613542
CHEMICAL_ENGINEERING,613777
NANO_SCIENCE_AND_ENGINEERING,606448
CHEMICAL_ENGINEERING,613902
ENERGY_RESEARCH,613843
ELECTRICAL_ENGINEERING,507499
MATERIALS_ENGINEERING,614030
DATA_SCIENCE,507872
CYBER_PHYSICAL_SYSTEMS,507879
MATERIALS_ENGINEERING,614032
AEROSPACE_ENGINEERING,614034
MATERIALS_ENGINEERING,507484
CIVIL_ENGINEERING,507875
COMPUTER_SCIENCE_AND_AUTOMATION,507883
CIVIL_ENGINEERING,614027
CIVIL_ENGINEERING,614024
CHEMICAL_ENGINEERING,613770
PRODUCT_DESIGN_AND_MANUFACTURING,613892
BIOSYSTEMS_AND_BIOMEDICAL_ENGINEERING,613543
ELECTRONICS_AND_COMMUNICATION_ENGINEERING,607050
MATERIALS_ENGINEERING,614023
AEROSPACE_ENGINEERING,483821
MATERIALS_ENGINEERING,613384
EARTH_SCIENCES,613386
CIVIL_ENGINEERING,613385
COMPUTER_SCIENCE_AND_AUTOMATION,613389
ELECTRONICS_AND_COMMUNICATION_ENGINEERING,612242
ELECTRONICS_AND_COMMUNICATION_ENGINEERING,612247
CHEMICAL_ENGINEERING,612770
ENERGY_RESEARCH,612774
ELECTRONICS_AND_COMMUNICATION_ENGINEERING,620456
MATERIALS_ENGINEERING,620370
MATERIALS_ENGINEERING,620369
ELECTRICAL_ENGINEERING,620399
ELECTRONICS_AND_COMMUNICATION_ENGINEERING,620458
COMPUTER_SCIENCE_AND_AUTOMATION,620453
MATERIALS_ENGINEERING,620365
PRODUCT_DESIGN_AND_MANUFACTURING,620398
ELECTRONICS_AND_COMMUNICATION_ENGINEERING,620457
ELECTRONIC_SYSTEMS_ENGINEERING,620455
ELECTRONIC_SYSTEMS_ENGINEERING,572890
CIVIL_ENGINEERING,573323
MECHANICAL_ENGINEERING,573328
AEROSPACE_ENGINEERING,573365
DATA_SCIENCE,573364
MECHANICAL_ENGINEERING,572894
ELECTRONICS_AND_COMMUNICATION_ENGINEERING,572901
ELECTRONICS_AND_COMMUNICATION_ENGINEERING,572902
NANO_SCIENCE_AND_ENGINEERING,572895
MECHANICAL_ENGINEERING,573136
AEROSPACE_ENGINEERING,573322
MATERIALS_ENGINEERING,572889
DATA_SCIENCE,573139
COMPUTER_SCIENCE_AND_AUTOMATION,573140
MECHANICAL_ENGINEERING,573321
MECHANICAL_ENGINEERING,573326
EARTH_SCIENCES,572893
ELECTRONICS_AND_COMMUNICATION_ENGINEERING,572885
BIOSYSTEMS_AND_BIOMEDICAL_ENGINEERING,572892
ELECTRICAL_ENGINEERING,572886
CIVIL_ENGINEERING,573324
ELECTRICAL_ENGINEERING,574387
ELECTRICAL_ENGINEERING,574379
AEROSPACE_ENGINEERING,574384
MATERIALS_ENGINEERING,574933
ENERGY_RESEARCH,574931
ELECTRICAL_ENGINEERING,574934
AEROSPACE_ENGINEERING,574953
MECHANICAL_ENGINEERING,574952
CIVIL_ENGINEERING,574984
COMPUTER_SCIENCE_AND_AUTOMATION,575097
CIVIL_ENGINEERING,575098
DATA_SCIENCE,575099
ELECTRONICS_AND_COMMUNICATION_ENGINEERING,575100
BIOSYSTEMS_AND_BIOMEDICAL_ENGINEERING,575144
MATERIALS_ENGINEERING,574389
COMPUTER_SCIENCE_AND_AUTOMATION,574930
MATERIALS_ENGINEERING,574954
MATERIALS_ENGINEERING,574979
AEROSPACE_ENGINEERING,574980
ELECTRONICS_AND_COMMUNICATION_ENGINEERING,575140
MATERIALS_ENGINEERING,574982
MECHANICAL_ENGINEERING,575137
CIVIL_ENGINEERING,575142
MATERIALS_ENGINEERING,612234
NANO_SCIENCE_AND_ENGINEERING,688263
MECHANICAL_ENGINEERING,576629
AEROSPACE_ENGINEERING,576726
EARTH_SCIENCES,613204
DATA_SCIENCE,612887
DATA_SCIENCE,576763
DATA_SCIENCE,613848
EARTH_SCIENCES,613776
ENERGY_RESEARCH,613847
AEROSPACE_ENGINEERING,614025
INSTRUMENTATION_AND_APPLIED_PHYSICS,614028
PRODUCT_DESIGN_AND_MANUFACTURING,614022
BIOSYSTEMS_AND_BIOMEDICAL_ENGINEERING,614031
INSTRUMENTATION_AND_APPLIED_PHYSICS,614026
COMPUTER_SCIENCE_AND_AUTOMATION,612241
ENERGY_RESEARCH,620366
MATERIALS_ENGINEERING,620367
ELECTRONIC_SYSTEMS_ENGINEERING,620397
CHEMICAL_ENGINEERING,620400
MATERIALS_ENGINEERING,671355
MECHANICAL_ENGINEERING,679722
ELECTRICAL_ENGINEERING,679723
ELECTRICAL_ENGINEERING,679735
NANO_SCIENCE_AND_ENGINEERING,680298
ELECTRONICS_AND_COMMUNICATION_ENGINEERING,680301
ELECTRONICS_AND_COMMUNICATION_ENGINEERING,680303
NANO_SCIENCE_AND_ENGINEERING,680300
NANO_SCIENCE_AND_ENGINEERING,680299
ENERGY_RESEARCH,680309
CYBER_PHYSICAL_SYSTEMS,680313
MATERIALS_ENGINEERING,680306
CIVIL_ENGINEERING,680312
ENERGY_RESEARCH,680405
MATERIALS_ENGINEERING,680408
CIVIL_ENGINEERING,680402
CHEMICAL_ENGINEERING,680404
CYBER_PHYSICAL_SYSTEMS,680403
DATA_SCIENCE,680401
ELECTRONICS_AND_COMMUNICATION_ENGINEERING,680666
BIOSYSTEMS_AND_BIOMEDICAL_ENGINEERING,680669
MATERIALS_ENGINEERING,680665
ELECTRICAL_ENGINEERING,680282
ELECTRICAL_ENGINEERING,680284
ELECTRONICS_AND_COMMUNICATION_ENGINEERING,680287
ELECTRICAL_ENGINEERING,680280
NANO_SCIENCE_AND_ENGINEERING,680286
PRODUCT_DESIGN_AND_MANUFACTURING,680316
PRODUCT_DESIGN_AND_MANUFACTURING,680317
PRODUCT_DESIGN_AND_MANUFACTURING,680318
ELECTRICAL_ENGINEERING,680322
COMPUTER_SCIENCE_AND_AUTOMATION,680320
WATER_RESEARCH,680672
ELECTRONIC_SYSTEMS_ENGINEERING,680675
MECHANICAL_ENGINEERING,680671
NANO_SCIENCE_AND_ENGINEERING,680674
COMPUTER_SCIENCE_AND_AUTOMATION,680681
MATERIALS_ENGINEERING,680684
BIOSYSTEMS_AND_BIOMEDICAL_ENGINEERING,680683
AEROSPACE_ENGINEERING,679720
CIVIL_ENGINEERING,679717
AEROSPACE_ENGINEERING,679719
PRODUCT_DESIGN_AND_MANUFACTURING,679718
DATA_SCIENCE,680297
CHEMICAL_ENGINEERING,680292
MATERIALS_ENGINEERING,680296
CYBER_PHYSICAL_SYSTEMS,680294
CIVIL_ENGINEERING,680295
ELECTRICAL_ENGINEERING,680293
ELECTRONIC_SYSTEMS_ENGINEERING,680400
CIVIL_ENGINEERING,672644
CYBER_PHYSICAL_SYSTEMS,672643
AEROSPACE_ENGINEERING,672645
NANO_SCIENCE_AND_ENGINEERING,672647
ELECTRONICS_AND_COMMUNICATION_ENGINEERING,672641
PRODUCT_DESIGN_AND_MANUFACTURING,672648
DATA_SCIENCE,672639
NANO_SCIENCE_AND_ENGINEERING,672642
COMPUTER_SCIENCE_AND_AUTOMATION,672628
MECHANICAL_ENGINEERING,672627
ELECTRONIC_SYSTEMS_ENGINEERING,672631
ELECTRONIC_SYSTEMS_ENGINEERING,672635
NANO_SCIENCE_AND_ENGINEERING,672629
ELECTRONICS_AND_COMMUNICATION_ENGINEERING,672634
CIVIL_ENGINEERING,672636
ELECTRONIC_SYSTEMS_ENGINEERING,672630
NANO_SCIENCE_AND_ENGINEERING,672637
MECHANICAL_ENGINEERING,672633
AEROSPACE_ENGINEERING,672632
MATERIALS_ENGINEERING,672655
MATERIALS_ENGINEERING,672657
COMPUTER_SCIENCE_AND_AUTOMATION,674055
AEROSPACE_ENGINEERING,674056
MATERIALS_ENGINEERING,674060
MATERIALS_ENGINEERING,674061
MATERIALS_ENGINEERING,674059
DATA_SCIENCE,674062
MATERIALS_ENGINEERING,674660
MATERIALS_ENGINEERING,674659
ELECTRONICS_AND_COMMUNICATION_ENGINEERING,675179
PRODUCT_DESIGN_AND_MANUFACTURING,675176
WATER_RESEARCH,675189
PRODUCT_DESIGN_AND_MANUFACTURING,675192
ELECTRONICS_AND_COMMUNICATION_ENGINEERING,675191
ELECTRICAL_ENGINEERING,675197
ENERGY_RESEARCH,675190
MECHANICAL_ENGINEERING,675195
CIVIL_ENGINEERING,675194
CHEMICAL_ENGINEERING,675193
MECHANICAL_ENGINEERING,675196
ELECTRONICS_AND_COMMUNICATION_ENGINEERING,675222
MATERIALS_ENGINEERING,675223
COMPUTER_SCIENCE_AND_AUTOMATION,675224
ENERGY_RESEARCH,675219
NANO_SCIENCE_AND_ENGINEERING,675225
NANO_SCIENCE_AND_ENGINEERING,675221
AEROSPACE_ENGINEERING,675220
ELECTRICAL_ENGINEERING,674080
MECHANICAL_ENGINEERING,674076
PRODUCT_DESIGN_AND_MANUFACTURING,674077
NANO_SCIENCE_AND_ENGINEERING,674075
CIVIL_ENGINEERING,674394
ELECTRONIC_SYSTEMS_ENGINEERING,674646
ENERGY_RESEARCH,674647
AEROSPACE_ENGINEERING,674649
ELECTRICAL_ENGINEERING,674648
DATA_SCIENCE,674650
ENERGY_RESEARCH,674642
NANO_SCIENCE_AND_ENGINEERING,674641
ENERGY_RESEARCH,674643
EARTH_SCIENCES,674644
MATERIALS_ENGINEERING,675184
CYBER_PHYSICAL_SYSTEMS,675186
ELECTRONICS_AND_COMMUNICATION_ENGINEERING,675185
MATERIALS_ENGINEERING,675182
COMPUTER_SCIENCE_AND_AUTOMATION,675187
CIVIL_ENGINEERING,675188
ELECTRONICS_AND_COMMUNICATION_ENGINEERING,675183
BIOSYSTEMS_AND_BIOMEDICAL_ENGINEERING,675181
AEROSPACE_ENGINEERING,675180
CIVIL_ENGINEERING,675214
DATA_SCIENCE,675213
ELECTRONIC_SYSTEMS_ENGINEERING,675209
ENERGY_RESEARCH,675218
AEROSPACE_ENGINEERING,675212
ELECTRICAL_ENGINEERING,675211
NANO_SCIENCE_AND_ENGINEERING,675217
PRODUCT_DESIGN_AND_MANUFACTURING,675210
CIVIL_ENGINEERING,675208
MECHANICAL_ENGINEERING,675207
MECHANICAL_ENGINEERING,674064
DATA_SCIENCE,674063
ELECTRONICS_AND_COMMUNICATION_ENGINEERING,674070
ELECTRICAL_ENGINEERING,674069
PRODUCT_DESIGN_AND_MANUFACTURING,674065
ELECTRONIC_SYSTEMS_ENGINEERING,674067
ELECTRICAL_ENGINEERING,674072
DATA_SCIENCE,674071
MATERIALS_ENGINEERING,674099
MATERIALS_ENGINEERING,674103
BIOSYSTEMS_AND_BIOMEDICAL_ENGINEERING,674400
CIVIL_ENGINEERING,674403
ENERGY_RESEARCH,674395
ELECTRONICS_AND_COMMUNICATION_ENGINEERING,674411
MECHANICAL_ENGINEERING,674412
AEROSPACE_ENGINEERING,674406
ELECTRICAL_ENGINEERING,674640
DATA_SCIENCE,674637
AEROSPACE_ENGINEERING,674638
CIVIL_ENGINEERING,674639
MATERIALS_ENGINEERING,675200
ENERGY_RESEARCH,675203
CYBER_PHYSICAL_SYSTEMS,675206
ELECTRONICS_AND_COMMUNICATION_ENGINEERING,675205
MATERIALS_ENGINEERING,675201
MECHANICAL_ENGINEERING,675202
CHEMICAL_ENGINEERING,675204
NANO_SCIENCE_AND_ENGINEERING,675199
PRODUCT_DESIGN_AND_MANUFACTURING,688274
NANO_SCIENCE_AND_ENGINEERING,688271
NANO_SCIENCE_AND_ENGINEERING,688269
PRODUCT_DESIGN_AND_MANUFACTURING,688267
MECHANICAL_ENGINEERING,688261
DATA_SCIENCE,688268
MECHANICAL_ENGINEERING,688266
MECHANICAL_ENGINEERING,690538
COMPUTER_SCIENCE_AND_AUTOMATION,679721
ENERGY_RESEARCH,680305
ENERGY_RESEARCH,680311
COMPUTER_SCIENCE_AND_AUTOMATION,680307
AEROSPACE_ENGINEERING,680310
AEROSPACE_ENGINEERING,680285
AEROSPACE_ENGINEERING,680288
AEROSPACE_ENGINEERING,680319
CIVIL_ENGINEERING,680315
AEROSPACE_ENGINEERING,680321
CIVIL_ENGINEERING,680679
PRODUCT_DESIGN_AND_MANUFACTURING,680676
MECHANICAL_ENGINEERING,680673
AEROSPACE_ENGINEERING,680682
BIOSYSTEMS_AND_BIOMEDICAL_ENGINEERING,679300
ENERGY_RESEARCH,679716
BIOSYSTEMS_AND_BIOMEDICAL_ENGINEERING,679713
AEROSPACE_ENGINEERING,679715
AEROSPACE_ENGINEERING,679714
MECHANICAL_ENGINEERING,680290
COMPUTER_SCIENCE_AND_AUTOMATION,680291
ELECTRONICS_AND_COMMUNICATION_ENGINEERING,680289
EARTH_SCIENCES,675216
EARTH_SCIENCES,675198
AEROSPACE_ENGINEERING,699627
COMPUTER_SCIENCE_AND_ENGINEERING,326962
COMPUTER_SCIENCE_AND_ENGINEERING,326970
ELECTRONIC_SYSTEMS_ENGINEERING,326976
COMPUTER_SCIENCE_AND_ENGINEERING,351262
COMPUTER_SCIENCE_AND_ENGINEERING,351263
ELECTRONIC_SYSTEMS_ENGINEERING,351268
COMPUTER_SCIENCE_AND_ENGINEERING,351271
SOFTWARE_ENGINEERING,358402
DATA_SCIENCE,358403
NETWORKING_AND_SIGNAL_PROCESSING,326963
NETWORKING_AND_SIGNAL_PROCESSING,326972
SOFTWARE_ENGINEERING,326975
COMPUTER_SCIENCE_AND_ENGINEERING,327003
NETWORKING_AND_SIGNAL_PROCESSING,349673
DATA_SCIENCE,349825
DATA_SCIENCE,349829
NETWORKING_AND_SIGNAL_PROCESSING,349830
DATA_SCIENCE,391327
NETWORKING_AND_SIGNAL_PROCESSING,397172
NETWORKING_AND_SIGNAL_PROCESSING,397174
DATA_SCIENCE,397177
NETWORKING_AND_SIGNAL_PROCESSING,396293
SOFTWARE_ENGINEERING,396294
NETWORKING_AND_SIGNAL_PROCESSING,396295
DATA_SCIENCE,396297
INFORMATION_TECHNOLOGY,396298
DATA_SCIENCE,397175
ELECTRONIC_SYSTEMS_ENGINEERING,397176
COMPUTER_SCIENCE_AND_ENGINEERING,508455
COMPUTER_SCIENCE_AND_ENGINEERING,508456
INFORMATION_TECHNOLOGY,508458
INFORMATION_TECHNOLOGY,508461
INFORMATION_TECHNOLOGY,508464
SOFTWARE_ENGINEERING,508465
ELECTRONIC_SYSTEMS_ENGINEERING,510262
SOFTWARE_ENGINEERING,510263
DATA_SCIENCE,511525
SOFTWARE_ENGINEERING,511526
NETWORKING_AND_SIGNAL_PROCESSING,511961
ELECTRONIC_SYSTEMS_ENGINEERING,593537
DATA_SCIENCE,593540
SOFTWARE_ENGINEERING,593533
SOFTWARE_ENGINEERING,593534
NETWORKING_AND_SIGNAL_PROCESSING,593535
DATA_SCIENCE,593536
ELECTRONIC_SYSTEMS_ENGINEERING,593539
INFORMATION_TECHNOLOGY,595169
COMPUTER_SCIENCE_AND_ENGINEERING,595922
COMPUTER_SCIENCE_AND_ENGINEERING,595923
MATHEMATICS,595924
ELECTRONIC_SYSTEMS_ENGINEERING,690390
NETWORKING_AND_SIGNAL_PROCESSING,690391
NETWORKING_AND_SIGNAL_PROCESSING,690395
ELECTRONIC_SYSTEMS_ENGINEERING,690396
DATA_SCIENCE,690397
COMPUTER_SCIENCE_AND_ENGINEERING,690398
NETWORKING_AND_SIGNAL_PROCESSING,690400
COMPUTER_SCIENCE_AND_ENGINEERING,690401
COMPUTER_SCIENCE_AND_ENGINEERING,691835
ELECTRONIC_SYSTEMS_ENGINEERING,691836
INFORMATION_TECHNOLOGY,691837
INFORMATION_TECHNOLOGY,691838
DATA_SCIENCE,691839
NETWORKING_AND_SIGNAL_PROCESSING,691840
COMPUTER_SCIENCE_AND_ENGINEERING,691844
DATA_SCIENCE,691845
NETWORKING_AND_SIGNAL_PROCESSING,691846
COMPUTER_SCIENCE_AND_ENGINEERING,681838
ELECTRONICS_AND_COMMUNICATION_ENGINEERING,546660
PHARMACEUTICAL_SCIENCES,502433
PHARMACEUTICAL_SCIENCES,553959
PHARMACEUTICAL_SCIENCES,619053
PHARMACEUTICAL_SCIENCES,619520
PHARMACEUTICAL_SCIENCES,681840
COMPUTER_SCIENCE_AND_ENGINEERING,625258
ELECTRONICS_AND_COMMUNICATION_ENGINEERING,610588
ELECTRONICS_AND_COMMUNICATION_ENGINEERING,629261
MECHANICAL_ENGINEERING,618584
MANAGEMENT_STUDIES,686842
PHARMACEUTICAL_SCIENCES,611967
PHARMACEUTICAL_SCIENCES,625257
PHARMACEUTICAL_SCIENCES,629056
PHARMACEUTICAL_SCIENCES,681839
PHARMACEUTICAL_SCIENCES,722041
MECHANICAL_ENGINEERING,686841
