Institution_ID,Grant_ID
PES_UNIVERSITY,GRANT_00001
INDIAN_INSTITUTE_OF_SCIENCE_BANGALORE,GRANT_00002
INDIAN_INSTITUTE_OF_SCIENCE_BANGALORE,GRANT_00003
INDIAN_INSTITUTE_OF_SCIENCE_BANGALORE,GRANT_00004
INDIAN_INSTITUTE_OF_SCIENCE_BANGALORE,GRANT_00005
INDIAN_INSTITUTE_OF_SCIENCE_BANGALORE,GRANT_00006
INTERNATIONAL_INSTITUTE_OF_INFORMATION_TECHNOLOGY_BANGALORE,GRANT_00007
INDIAN_INSTITUTE_OF_SCIENCE_BANGALORE,GRANT_00008
INDIAN_INSTITUTE_OF_SCIENCE_BANGALORE,GRANT_00009
INDIAN_INSTITUTE_OF_SCIENCE_BANGALORE,GRANT_00010
INDIAN_INSTITUTE_OF_SCIENCE_BANGALORE,GRANT_00011
INDIAN_INSTITUTE_OF_SCIENCE_BANGALORE,GRANT_00012
INDIAN_INSTITUTE_OF_SCIENCE_BANGALORE,GRANT_00013
INDIAN_INSTITUTE_OF_SCIENCE_BANGALORE,GRANT_00014
INDIAN_INSTITUTE_OF_SCIENCE_BANGALORE,GRANT_00015
INDIAN_INSTITUTE_OF_SCIENCE_BANGALORE,GRANT_00016
INTERNATIONAL_INSTITUTE_OF_INFORMATION_TECHNOLOGY_BANGALORE,GRANT_00017
INDIAN_INSTITUTE_OF_SCIENCE_BANGALORE,GRANT_00018
INDIAN_INSTITUTE_OF_SCIENCE_BANGALORE,GRANT_00019
INTERNATIONAL_INSTITUTE_OF_INFORMATION_TECHNOLOGY_BANGALORE,GRANT_00020
INDIAN_INSTITUTE_OF_SCIENCE_BANGALORE,GRANT_00021
INDIAN_INSTITUTE_OF_SCIENCE_BANGALORE,GRANT_00022
INDIAN_INSTITUTE_OF_SCIENCE_BANGALORE,GRANT_00023
INTERNATIONAL_INSTITUTE_OF_INFORMATION_TECHNOLOGY_BANGALORE,GRANT_00024
INDIAN_INSTITUTE_OF_SCIENCE_BANGALORE,GRANT_00025
INDIAN_INSTITUTE_OF_SCIENCE_BANGALORE,GRANT_00026
INDIAN_INSTITUTE_OF_SCIENCE_BANGALORE,GRANT_00027
INDIAN_INSTITUTE_OF_SCIENCE_BANGALORE,GRANT_00028
BMS_COLLEGE_OF_ENGINEERING,GRANT_00029
INDIAN_INSTITUTE_OF_SCIENCE_BANGALORE,GRANT_00030
INDIAN_INSTITUTE_OF_SCIENCE_BANGALORE,GRANT_00031
INDIAN_INSTITUTE_OF_SCIENCE_BANGALORE,GRANT_00032
R_V_COLLEGE_OF_ENGINEERING,GRANT_00033
INDIAN_INSTITUTE_OF_SCIENCE_BANGALORE,GRANT_00034
INDIAN_INSTITUTE_OF_SCIENCE_BANGALORE,GRANT_00035
INDIAN_INSTITUTE_OF_SCIENCE_BANGALORE,GRANT_00036
INTERNATIONAL_INSTITUTE_OF_INFORMATION_TECHNOLOGY_BANGALORE,GRANT_00037
INDIAN_INSTITUTE_OF_SCIENCE_BANGALORE,GRANT_00038
INDIAN_INSTITUTE_OF_SCIENCE_BANGALORE,GRANT_00039
M_S_RAMAIAH_INSTITUTE_OF_TECHNOLOGY,GRANT_00040
INDIAN_INSTITUTE_OF_SCIENCE_BANGALORE,GRANT_00041
INDIAN_INSTITUTE_OF_SCIENCE_BANGALORE,GRANT_00042
INDIAN_INSTITUTE_OF_SCIENCE_BANGALORE,GRANT_00043
INDIAN_INSTITUTE_OF_SCIENCE_BANGALORE,GRANT_00044
INDIAN_INSTITUTE_OF_SCIENCE_BANGALORE,GRANT_00045
INDIAN_INSTITUTE_OF_SCIENCE_BANGALORE,GRANT_00046
INDIAN_INSTITUTE_OF_SCIENCE_BANGALORE,GRANT_00047
INDIAN_INSTITUTE_OF_SCIENCE_BANGALORE,GRANT_00048
INDIAN_INSTITUTE_OF_SCIENCE_BANGALORE,GRANT_00049
INDIAN_INSTITUTE_OF_SCIENCE_BANGALORE,GRANT_00050
INDIAN_INSTITUTE_OF_SCIENCE_BANGALORE,GRANT_00051
INDIAN_INSTITUTE_OF_SCIENCE_BANGALORE,GRANT_00052
INDIAN_INSTITUTE_OF_SCIENCE_BANGALORE,GRANT_00053
INDIAN_INSTITUTE_OF_SCIENCE_BANGALORE,GRANT_00054
INDIAN_INSTITUTE_OF_SCIENCE_BANGALORE,GRANT_00055
INDIAN_INSTITUTE_OF_SCIENCE_BANGALORE,GRANT_00056
INDIAN_INSTITUTE_OF_SCIENCE_BANGALORE,GRANT_00057
INDIAN_INSTITUTE_OF_SCIENCE_BANGALORE,GRANT_00058
INDIAN_INSTITUTE_OF_SCIENCE_BANGALORE,GRANT_00059
INDIAN_INSTITUTE_OF_SCIENCE_BANGALORE,GRANT_00060
INDIAN_INSTITUTE_OF_SCIENCE_BANGALORE,GRANT_00061
INDIAN_INSTITUTE_OF_SCIENCE_BANGALORE,GRANT_00062
INDIAN_INSTITUTE_OF_SCIENCE_BANGALORE,GRANT_00063
DAYANANDA_SAGAR_COLLEGE_OF_ENGINEERING,GRANT_00064
INDIAN_INSTITUTE_OF_SCIENCE_BANGALORE,GRANT_00065
INDIAN_INSTITUTE_OF_SCIENCE_BANGALORE,GRANT_00066
INDIAN_INSTITUTE_OF_SCIENCE_BANGALORE,GRANT_00067
INDIAN_INSTITUTE_OF_SCIENCE_BANGALORE,GRANT_00068
INDIAN_INSTITUTE_OF_SCIENCE_BANGALORE,GRANT_00069
INDIAN_INSTITUTE_OF_SCIENCE_BANGALORE,GRANT_00070
INDIAN_INSTITUTE_OF_SCIENCE_BANGALORE,GRANT_00071
INDIAN_INSTITUTE_OF_SCIENCE_BANGALORE,GRANT_00072
INDIAN_INSTITUTE_OF_SCIENCE_BANGALORE,GRANT_00073
INDIAN_INSTITUTE_OF_SCIENCE_BANGALORE,GRANT_00074
INDIAN_INSTITUTE_OF_SCIENCE_BANGALORE,GRANT_00075
INDIAN_INSTITUTE_OF_SCIENCE_BANGALORE,GRANT_00076
INDIAN_INSTITUTE_OF_SCIENCE_BANGALORE,GRANT_00077
INDIAN_INSTITUTE_OF_SCIENCE_BANGALORE,GRANT_00078
INDIAN_INSTITUTE_OF_SCIENCE_BANGALORE,GRANT_00079
INDIAN_INSTITUTE_OF_SCIENCE_BANGALORE,GRANT_00080
INDIAN_INSTITUTE_OF_SCIENCE_BANGALORE,GRANT_00081
INDIAN_INSTITUTE_OF_SCIENCE_BANGALORE,GRANT_00082
INDIAN_INSTITUTE_OF_SCIENCE_BANGALORE,GRANT_00083
INDIAN_INSTITUTE_OF_SCIENCE_BANGALORE,GRANT_00084
INDIAN_INSTITUTE_OF_SCIENCE_BANGALORE,GRANT_00085
INDIAN_INSTITUTE_OF_SCIENCE_BANGALORE,GRANT_00086
INDIAN_INSTITUTE_OF_SCIENCE_BANGALORE,GRANT_00087
INDIAN_INSTITUTE_OF_SCIENCE_BANGALORE,GRANT_00088
INDIAN_INSTITUTE_OF_SCIENCE_BANGALORE,GRANT_00089
INDIAN_INSTITUTE_OF_SCIENCE_BANGALORE,GRANT_00090
INDIAN_INSTITUTE_OF_SCIENCE_BANGALORE,GRANT_00091
INDIAN_INSTITUTE_OF_SCIENCE_BANGALORE,GRANT_00092
INDIAN_INSTITUTE_OF_SCIENCE_BANGALORE,GRANT_00093
INDIAN_INSTITUTE_OF_SCIENCE_BANGALORE,GRANT_00094
INTERNATIONAL_INSTITUTE_OF_INFORMATION_TECHNOLOGY_BANGALORE,GRANT_00095
INDIAN_INSTITUTE_OF_SCIENCE_BANGALORE,GRANT_00096
INDIAN_INSTITUTE_OF_SCIENCE_BANGALORE,GRANT_00097
INDIAN_INSTITUTE_OF_SCIENCE_BANGALORE,GRANT_00098
INDIAN_INSTITUTE_OF_SCIENCE_BANGALORE,GRANT_00099
INDIAN_INSTITUTE_OF_SCIENCE_BANGALORE,GRANT_00100
INDIAN_INSTITUTE_OF_SCIENCE_BANGALORE,GRANT_00101
INDIAN_INSTITUTE_OF_SCIENCE_BANGALORE,GRANT_00102
INDIAN_INSTITUTE_OF_SCIENCE_BANGALORE,GRANT_00103
INDIAN_INSTITUTE_OF_SCIENCE_BANGALORE,GRANT_00104
INDIAN_INSTITUTE_OF_SCIENCE_BANGALORE,GRANT_00105
INDIAN_INSTITUTE_OF_SCIENCE_BANGALORE,GRANT_00106
INDIAN_INSTITUTE_OF_SCIENCE_BANGALORE,GRANT_00107
INDIAN_INSTITUTE_OF_SCIENCE_BANGALORE,GRANT_00108
INDIAN_INSTITUTE_OF_SCIENCE_BANGALORE,GRANT_00109
INDIAN_INSTITUTE_OF_SCIENCE_BANGALORE,GRANT_00110
INDIAN_INSTITUTE_OF_SCIENCE_BANGALORE,GRANT_00111
INDIAN_INSTITUTE_OF_SCIENCE_BANGALORE,GRANT_00112
INDIAN_INSTITUTE_OF_SCIENCE_BANGALORE,GRANT_00113
INDIAN_INSTITUTE_OF_SCIENCE_BANGALORE,GRANT_00114
INDIAN_INSTITUTE_OF_SCIENCE_BANGALORE,GRANT_00115
INDIAN_INSTITUTE_OF_SCIENCE_BANGALORE,GRANT_00116
INTERNATIONAL_INSTITUTE_OF_INFORMATION_TECHNOLOGY_BANGALORE,GRANT_00117
BMS_COLLEGE_OF_ENGINEERING,GRANT_00118
M_S_RAMAIAH_INSTITUTE_OF_TECHNOLOGY,GRANT_00119
M_S_RAMAIAH_INSTITUTE_OF_TECHNOLOGY,GRANT_00120
M_S_RAMAIAH_INSTITUTE_OF_TECHNOLOGY,GRANT_00121
M_S_RAMAIAH_INSTITUTE_OF_TECHNOLOGY,GRANT_00122
M_S_RAMAIAH_INSTITUTE_OF_TECHNOLOGY,GRANT_00123
M_S_RAMAIAH_INSTITUTE_OF_TECHNOLOGY,GRANT_00124
M_S_RAMAIAH_INSTITUTE_OF_TECHNOLOGY,GRANT_00125
M_S_RAMAIAH_INSTITUTE_OF_TECHNOLOGY,GRANT_00126
M_S_RAMAIAH_INSTITUTE_OF_TECHNOLOGY,GRANT_00127
M_S_RAMAIAH_INSTITUTE_OF_TECHNOLOGY,GRANT_00128
M_S_RAMAIAH_INSTITUTE_OF_TECHNOLOGY,GRANT_00129
DAYANANDA_SAGAR_COLLEGE_OF_ENGINEERING,GRANT_00130
BMS_COLLEGE_OF_ENGINEERING,GRANT_00131
BMS_COLLEGE_OF_ENGINEERING,GRANT_00132
BMS_COLLEGE_OF_ENGINEERING,GRANT_00133
BMS_COLLEGE_OF_ENGINEERING,GRANT_00134
BMS_COLLEGE_OF_ENGINEERING,GRANT_00135
BMS_COLLEGE_OF_ENGINEERING,GRANT_00136
BMS_COLLEGE_OF_ENGINEERING,GRANT_00137
BMS_COLLEGE_OF_ENGINEERING,GRANT_00138
BMS_COLLEGE_OF_ENGINEERING,GRANT_00139
BMS_COLLEGE_OF_ENGINEERING,GRANT_00140
BMS_COLLEGE_OF_ENGINEERING,GRANT_00141
BMS_COLLEGE_OF_ENGINEERING,GRANT_00142
BMS_COLLEGE_OF_ENGINEERING,GRANT_00143
BMS_COLLEGE_OF_ENGINEERING,GRANT_00144
M_S_RAMAIAH_INSTITUTE_OF_TECHNOLOGY,GRANT_00145
M_S_RAMAIAH_INSTITUTE_OF_TECHNOLOGY,GRANT_00146
M_S_RAMAIAH_INSTITUTE_OF_TECHNOLOGY,GRANT_00147
M_S_RAMAIAH_INSTITUTE_OF_TECHNOLOGY,GRANT_00148
M_S_RAMAIAH_INSTITUTE_OF_TECHNOLOGY,GRANT_00149
M_S_RAMAIAH_INSTITUTE_OF_TECHNOLOGY,GRANT_00150
M_S_RAMAIAH_INSTITUTE_OF_TECHNOLOGY,GRANT_00151
M_S_RAMAIAH_INSTITUTE_OF_TECHNOLOGY,GRANT_00152
M_S_RAMAIAH_INSTITUTE_OF_TECHNOLOGY,GRANT_00153
M_S_RAMAIAH_INSTITUTE_OF_TECHNOLOGY,GRANT_00154
M_S_RAMAIAH_INSTITUTE_OF_TECHNOLOGY,GRANT_00155
M_S_RAMAIAH_INSTITUTE_OF_TECHNOLOGY,GRANT_00156
M_S_RAMAIAH_INSTITUTE_OF_TECHNOLOGY,GRANT_00157
M_S_RAMAIAH_INSTITUTE_OF_TECHNOLOGY,GRANT_00158
M_S_RAMAIAH_INSTITUTE_OF_TECHNOLOGY,GRANT_00159
M_S_RAMAIAH_INSTITUTE_OF_TECHNOLOGY,GRANT_00160
M_S_RAMAIAH_INSTITUTE_OF_TECHNOLOGY,GRANT_00161
M_S_RAMAIAH_INSTITUTE_OF_TECHNOLOGY,GRANT_00162
M_S_RAMAIAH_INSTITUTE_OF_TECHNOLOGY,GRANT_00163
M_S_RAMAIAH_INSTITUTE_OF_TECHNOLOGY,GRANT_00164
M_S_RAMAIAH_INSTITUTE_OF_TECHNOLOGY,GRANT_00165
M_S_RAMAIAH_INSTITUTE_OF_TECHNOLOGY,GRANT_00166
CMR_INSTITUTE_OF_TECHNOLOGY,GRANT_00167
CMR_INSTITUTE_OF_TECHNOLOGY,GRANT_00168
CMR_INSTITUTE_OF_TECHNOLOGY,GRANT_00169
INDIAN_INSTITUTE_OF_SCIENCE_BANGALORE,GRANT_00170
R_V_COLLEGE_OF_ENGINEERING,GRANT_00171
INDIAN_INSTITUTE_OF_SCIENCE_BANGALORE,GRANT_00172
R_V_COLLEGE_OF_ENGINEERING,GRANT_00173
INDIAN_INSTITUTE_OF_SCIENCE_BANGALORE,GRANT_00174
INDIAN_INSTITUTE_OF_SCIENCE_BANGALORE,GRANT_00175
INDIAN_INSTITUTE_OF_SCIENCE_BANGALORE,GRANT_00176
INDIAN_INSTITUTE_OF_SCIENCE_BANGALORE,GRANT_00177
INDIAN_INSTITUTE_OF_SCIENCE_BANGALORE,GRANT_00178
INDIAN_INSTITUTE_OF_SCIENCE_BANGALORE,GRANT_00179
INDIAN_INSTITUTE_OF_SCIENCE_BANGALORE,GRANT_00180
INDIAN_INSTITUTE_OF_SCIENCE_BANGALORE,GRANT_00181
INDIAN_INSTITUTE_OF_SCIENCE_BANGALORE,GRANT_00182
INDIAN_INSTITUTE_OF_SCIENCE_BANGALORE,GRANT_00183
INDIAN_INSTITUTE_OF_SCIENCE_BANGALORE,GRANT_00184
INDIAN_INSTITUTE_OF_SCIENCE_BANGALORE,GRANT_00185
INTERNATIONAL_INSTITUTE_OF_INFORMATION_TECHNOLOGY_BANGALORE,GRANT_00186
INTERNATIONAL_INSTITUTE_OF_INFORMATION_TECHNOLOGY_BANGALORE,GRANT_00187
INDIAN_INSTITUTE_OF_SCIENCE_BANGALORE,GRANT_00188
INDIAN_INSTITUTE_OF_SCIENCE_BANGALORE,GRANT_00189
INDIAN_INSTITUTE_OF_SCIENCE_BANGALORE,GRANT_00190
INDIAN_INSTITUTE_OF_SCIENCE_BANGALORE,GRANT_00191
INDIAN_INSTITUTE_OF_SCIENCE_BANGALORE,GRANT_00192
INDIAN_INSTITUTE_OF_SCIENCE_BANGALORE,GRANT_00193
INDIAN_INSTITUTE_OF_SCIENCE_BANGALORE,GRANT_00194
INDIAN_INSTITUTE_OF_SCIENCE_BANGALORE,GRANT_00195
BMS_COLLEGE_OF_ENGINEERING,GRANT_00196
INDIAN_INSTITUTE_OF_SCIENCE_BANGALORE,GRANT_00197
R_V_COLLEGE_OF_ENGINEERING,GRANT_00198
M_S_RAMAIAH_INSTITUTE_OF_TECHNOLOGY,GRANT_00199
INDIAN_INSTITUTE_OF_SCIENCE_BANGALORE,GRANT_00200
R_V_COLLEGE_OF_ENGINEERING,GRANT_00201
INDIAN_INSTITUTE_OF_SCIENCE_BANGALORE,GRANT_00202
INDIAN_INSTITUTE_OF_SCIENCE_BANGALORE,GRANT_00203
INDIAN_INSTITUTE_OF_SCIENCE_BANGALORE,GRANT_00204
CMR_INSTITUTE_OF_TECHNOLOGY,GRANT_00205
CMR_INSTITUTE_OF_TECHNOLOGY,GRANT_00206
BMS_COLLEGE_OF_ENGINEERING,GRANT_00207
BMS_COLLEGE_OF_ENGINEERING,GRANT_00208
BMS_COLLEGE_OF_ENGINEERING,GRANT_00209
M_S_RAMAIAH_INSTITUTE_OF_TECHNOLOGY,GRANT_00210
M_S_RAMAIAH_INSTITUTE_OF_TECHNOLOGY,GRANT_00211
M_S_RAMAIAH_INSTITUTE_OF_TECHNOLOGY,GRANT_00212
M_S_RAMAIAH_INSTITUTE_OF_TECHNOLOGY,GRANT_00213
M_S_RAMAIAH_INSTITUTE_OF_TECHNOLOGY,GRANT_00214
M_S_RAMAIAH_INSTITUTE_OF_TECHNOLOGY,GRANT_00215
M_S_RAMAIAH_INSTITUTE_OF_TECHNOLOGY,GRANT_00216
M_S_RAMAIAH_INSTITUTE_OF_TECHNOLOGY,GRANT_00217
M_S_RAMAIAH_INSTITUTE_OF_TECHNOLOGY,GRANT_00218
M_S_RAMAIAH_INSTITUTE_OF_TECHNOLOGY,GRANT_00219
M_S_RAMAIAH_INSTITUTE_OF_TECHNOLOGY,GRANT_00220
M_S_RAMAIAH_INSTITUTE_OF_TECHNOLOGY,GRANT_00221
M_S_RAMAIAH_INSTITUTE_OF_TECHNOLOGY,GRANT_00222
M_S_RAMAIAH_INSTITUTE_OF_TECHNOLOGY,GRANT_00223
M_S_RAMAIAH_INSTITUTE_OF_TECHNOLOGY,GRANT_00224
M_S_RAMAIAH_INSTITUTE_OF_TECHNOLOGY,GRANT_00225
M_S_RAMAIAH_INSTITUTE_OF_TECHNOLOGY,GRANT_00226
M_S_RAMAIAH_INSTITUTE_OF_TECHNOLOGY,GRANT_00227
M_S_RAMAIAH_INSTITUTE_OF_TECHNOLOGY,GRANT_00228
M_S_RAMAIAH_INSTITUTE_OF_TECHNOLOGY,GRANT_00229
CMR_INSTITUTE_OF_TECHNOLOGY,GRANT_00230
CMR_INSTITUTE_OF_TECHNOLOGY,GRANT_00231
CMR_INSTITUTE_OF_TECHNOLOGY,GRANT_00232
CMR_INSTITUTE_OF_TECHNOLOGY,GRANT_00233
CMR_INSTITUTE_OF_TECHNOLOGY,GRANT_00234
CMR_INSTITUTE_OF_TECHNOLOGY,GRANT_00235
CMR_INSTITUTE_OF_TECHNOLOGY,GRANT_00236
CMR_INSTITUTE_OF_TECHNOLOGY,GRANT_00237
CMR_INSTITUTE_OF_TECHNOLOGY,GRANT_00238
CMR_INSTITUTE_OF_TECHNOLOGY,GRANT_00239
CMR_INSTITUTE_OF_TECHNOLOGY,GRANT_00240
CMR_INSTITUTE_OF_TECHNOLOGY,GRANT_00241
CMR_INSTITUTE_OF_TECHNOLOGY,GRANT_00242
CMR_INSTITUTE_OF_TECHNOLOGY,GRANT_00243
R_V_COLLEGE_OF_ENGINEERING,GRANT_00244
R_V_COLLEGE_OF_ENGINEERING,GRANT_00245
CMR_INSTITUTE_OF_TECHNOLOGY,GRANT_00246
CMR_INSTITUTE_OF_TECHNOLOGY,GRANT_00247
CMR_INSTITUTE_OF_TECHNOLOGY,GRANT_00248
CMR_INSTITUTE_OF_TECHNOLOGY,GRANT_00249
CMR_INSTITUTE_OF_TECHNOLOGY,GRANT_00250
BMS_COLLEGE_OF_ENGINEERING,GRANT_00251
BMS_COLLEGE_OF_ENGINEERING,GRANT_00252
BMS_COLLEGE_OF_ENGINEERING,GRANT_00253
BMS_COLLEGE_OF_ENGINEERING,GRANT_00254
BMS_COLLEGE_OF_ENGINEERING,GRANT_00255
BMS_COLLEGE_OF_ENGINEERING,GRANT_00256
BMS_COLLEGE_OF_ENGINEERING,GRANT_00257
BMS_COLLEGE_OF_ENGINEERING,GRANT_00258
BMS_COLLEGE_OF_ENGINEERING,GRANT_00259
M_S_RAMAIAH_INSTITUTE_OF_TECHNOLOGY,GRANT_00260
CMR_INSTITUTE_OF_TECHNOLOGY,GRANT_00261
CMR_INSTITUTE_OF_TECHNOLOGY,GRANT_00262
CMR_INSTITUTE_OF_TECHNOLOGY,GRANT_00263
CMR_INSTITUTE_OF_TECHNOLOGY,GRANT_00264
CMR_INSTITUTE_OF_TECHNOLOGY,GRANT_00265
CMR_INSTITUTE_OF_TECHNOLOGY,GRANT_00266
CMR_INSTITUTE_OF_TECHNOLOGY,GRANT_00267
CMR_INSTITUTE_OF_TECHNOLOGY,GRANT_00268
R_V_COLLEGE_OF_ENGINEERING,GRANT_00269
R_V_COLLEGE_OF_ENGINEERING,GRANT_00270
R_V_COLLEGE_OF_ENGINEERING,GRANT_00271
R_V_COLLEGE_OF_ENGINEERING,GRANT_00272
R_V_COLLEGE_OF_ENGINEERING,GRANT_00273
DAYANANDA_SAGAR_COLLEGE_OF_ENGINEERING,GRANT_00274
DAYANANDA_SAGAR_COLLEGE_OF_ENGINEERING,GRANT_00275
BMS_COLLEGE_OF_ENGINEERING,GRANT_00276
BMS_COLLEGE_OF_ENGINEERING,GRANT_00277
BMS_COLLEGE_OF_ENGINEERING,GRANT_00278
BMS_COLLEGE_OF_ENGINEERING,GRANT_00279
BMS_COLLEGE_OF_ENGINEERING,GRANT_00280
BMS_COLLEGE_OF_ENGINEERING,GRANT_00281
BMS_COLLEGE_OF_ENGINEERING,GRANT_00282
BMS_COLLEGE_OF_ENGINEERING,GRANT_00283
BMS_COLLEGE_OF_ENGINEERING,GRANT_00284
BMS_COLLEGE_OF_ENGINEERING,GRANT_00285
BMS_COLLEGE_OF_ENGINEERING,GRANT_00286
BMS_COLLEGE_OF_ENGINEERING,GRANT_00287
BMS_COLLEGE_OF_ENGINEERING,GRANT_00288
BMS_COLLEGE_OF_ENGINEERING,GRANT_00289
CMR_INSTITUTE_OF_TECHNOLOGY,GRANT_00290
CMR_INSTITUTE_OF_TECHNOLOGY,GRANT_00291
CMR_INSTITUTE_OF_TECHNOLOGY,GRANT_00292
CMR_INSTITUTE_OF_TECHNOLOGY,GRANT_00293
CMR_INSTITUTE_OF_TECHNOLOGY,GRANT_00294
CMR_INSTITUTE_OF_TECHNOLOGY,GRANT_00295
CMR_INSTITUTE_OF_TECHNOLOGY,GRANT_00296
CMR_INSTITUTE_OF_TECHNOLOGY,GRANT_00297
CMR_INSTITUTE_OF_TECHNOLOGY,GRANT_00298
R_V_COLLEGE_OF_ENGINEERING,GRANT_00299
R_V_COLLEGE_OF_ENGINEERING,GRANT_00300
R_V_COLLEGE_OF_ENGINEERING,GRANT_00301
R_V_COLLEGE_OF_ENGINEERING,GRANT_00302
R_V_COLLEGE_OF_ENGINEERING,GRANT_00303
DAYANANDA_SAGAR_COLLEGE_OF_ENGINEERING,GRANT_00304
BMS_COLLEGE_OF_ENGINEERING,GRANT_00305
BMS_COLLEGE_OF_ENGINEERING,GRANT_00306
BMS_COLLEGE_OF_ENGINEERING,GRANT_00307
CMR_INSTITUTE_OF_TECHNOLOGY,GRANT_00308
CMR_INSTITUTE_OF_TECHNOLOGY,GRANT_00309
CMR_INSTITUTE_OF_TECHNOLOGY,GRANT_00310
CMR_INSTITUTE_OF_TECHNOLOGY,GRANT_00311
CMR_INSTITUTE_OF_TECHNOLOGY,GRANT_00312
CMR_INSTITUTE_OF_TECHNOLOGY,GRANT_00313
CMR_INSTITUTE_OF_TECHNOLOGY,GRANT_00314
CMR_INSTITUTE_OF_TECHNOLOGY,GRANT_00315
CMR_INSTITUTE_OF_TECHNOLOGY,GRANT_00316
CMR_INSTITUTE_OF_TECHNOLOGY,GRANT_00317
CMR_INSTITUTE_OF_TECHNOLOGY,GRANT_00318
CMR_INSTITUTE_OF_TECHNOLOGY,GRANT_00319
CMR_INSTITUTE_OF_TECHNOLOGY,GRANT_00320
CMR_INSTITUTE_OF_TECHNOLOGY,GRANT_00321
CMR_INSTITUTE_OF_TECHNOLOGY,GRANT_00322
CMR_INSTITUTE_OF_TECHNOLOGY,GRANT_00323
CMR_INSTITUTE_OF_TECHNOLOGY,GRANT_00324
CMR_INSTITUTE_OF_TECHNOLOGY,GRANT_00325
CMR_INSTITUTE_OF_TECHNOLOGY,GRANT_00326
R_V_COLLEGE_OF_ENGINEERING,GRANT_00327
R_V_COLLEGE_OF_ENGINEERING,GRANT_00328
R_V_COLLEGE_OF_ENGINEERING,GRANT_00329
R_V_COLLEGE_OF_ENGINEERING,GRANT_00330
R_V_COLLEGE_OF_ENGINEERING,GRANT_00331
R_V_COLLEGE_OF_ENGINEERING,GRANT_00332
R_V_COLLEGE_OF_ENGINEERING,GRANT_00333
R_V_COLLEGE_OF_ENGINEERING,GRANT_00334
R_V_COLLEGE_OF_ENGINEERING,GRANT_00335
R_V_COLLEGE_OF_ENGINEERING,GRANT_00336
R_V_COLLEGE_OF_ENGINEERING,GRANT_00337
R_V_COLLEGE_OF_ENGINEERING,GRANT_00338
R_V_COLLEGE_OF_ENGINEERING,GRANT_00339
R_V_COLLEGE_OF_ENGINEERING,GRANT_00340
R_V_COLLEGE_OF_ENGINEERING,GRANT_00341
R_V_COLLEGE_OF_ENGINEERING,GRANT_00342
R_V_COLLEGE_OF_ENGINEERING,GRANT_00343
R_V_COLLEGE_OF_ENGINEERING,GRANT_00344
R_V_COLLEGE_OF_ENGINEERING,GRANT_00345
R_V_COLLEGE_OF_ENGINEERING,GRANT_00346
R_V_COLLEGE_OF_ENGINEERING,GRANT_00347
R_V_COLLEGE_OF_ENGINEERING,GRANT_00348
R_V_COLLEGE_OF_ENGINEERING,GRANT_00349
R_V_COLLEGE_OF_ENGINEERING,GRANT_00350
BMS_COLLEGE_OF_ENGINEERING,GRANT_00351
INDIAN_INSTITUTE_OF_SCIENCE_BANGALORE,GRANT_00352
INDIAN_INSTITUTE_OF_SCIENCE_BANGALORE,GRANT_00353
INDIAN_INSTITUTE_OF_SCIENCE_BANGALORE,GRANT_00354
INDIAN_INSTITUTE_OF_SCIENCE_BANGALORE,GRANT_00355
INDIAN_INSTITUTE_OF_SCIENCE_BANGALORE,GRANT_00356
INDIAN_INSTITUTE_OF_SCIENCE_BANGALORE,GRANT_00357
INDIAN_INSTITUTE_OF_SCIENCE_BANGALORE,GRANT_00358
INDIAN_INSTITUTE_OF_SCIENCE_BANGALORE,GRANT_00359
INDIAN_INSTITUTE_OF_SCIENCE_BANGALORE,GRANT_00360
INDIAN_INSTITUTE_OF_SCIENCE_BANGALORE,GRANT_00361
INDIAN_INSTITUTE_OF_SCIENCE_BANGALORE,GRANT_00362
INDIAN_INSTITUTE_OF_SCIENCE_BANGALORE,GRANT_00363
INDIAN_INSTITUTE_OF_SCIENCE_BANGALORE,GRANT_00364
INDIAN_INSTITUTE_OF_SCIENCE_BANGALORE,GRANT_00365
INDIAN_INSTITUTE_OF_SCIENCE_BANGALORE,GRANT_00366
INDIAN_INSTITUTE_OF_SCIENCE_BANGALORE,GRANT_00367
INDIAN_INSTITUTE_OF_SCIENCE_BANGALORE,GRANT_00368
INDIAN_INSTITUTE_OF_SCIENCE_BANGALORE,GRANT_00369
INDIAN_INSTITUTE_OF_SCIENCE_BANGALORE,GRANT_00370
INDIAN_INSTITUTE_OF_SCIENCE_BANGALORE,GRANT_00371
INDIAN_INSTITUTE_OF_SCIENCE_BANGALORE,GRANT_00372
INDIAN_INSTITUTE_OF_SCIENCE_BANGALORE,GRANT_00373
INDIAN_INSTITUTE_OF_SCIENCE_BANGALORE,GRANT_00374
INDIAN_INSTITUTE_OF_SCIENCE_BANGALORE,GRANT_00375
INDIAN_INSTITUTE_OF_SCIENCE_BANGALORE,GRANT_00376
INDIAN_INSTITUTE_OF_SCIENCE_BANGALORE,GRANT_00377
INDIAN_INSTITUTE_OF_SCIENCE_BANGALORE,GRANT_00378
INDIAN_INSTITUTE_OF_SCIENCE_BANGALORE,GRANT_00379
INDIAN_INSTITUTE_OF_SCIENCE_BANGALORE,GRANT_00380
INDIAN_INSTITUTE_OF_SCIENCE_BANGALORE,GRANT_00381
INDIAN_INSTITUTE_OF_SCIENCE_BANGALORE,GRANT_00382
INDIAN_INSTITUTE_OF_SCIENCE_BANGALORE,GRANT_00383
INDIAN_INSTITUTE_OF_SCIENCE_BANGALORE,GRANT_00384
INDIAN_INSTITUTE_OF_SCIENCE_BANGALORE,GRANT_00385
INDIAN_INSTITUTE_OF_SCIENCE_BANGALORE,GRANT_00386
INDIAN_INSTITUTE_OF_SCIENCE_BANGALORE,GRANT_00387
INDIAN_INSTITUTE_OF_SCIENCE_BANGALORE,GRANT_00388
INDIAN_INSTITUTE_OF_SCIENCE_BANGALORE,GRANT_00389
INDIAN_INSTITUTE_OF_SCIENCE_BANGALORE,GRANT_00390
INDIAN_INSTITUTE_OF_SCIENCE_BANGALORE,GRANT_00391
INDIAN_INSTITUTE_OF_SCIENCE_BANGALORE,GRANT_00392
R_V_COLLEGE_OF_ENGINEERING,GRANT_00393
INDIAN_INSTITUTE_OF_SCIENCE_BANGALORE,GRANT_00394
BMS_COLLEGE_OF_ENGINEERING,GRANT_00395
INDIAN_INSTITUTE_OF_SCIENCE_BANGALORE,GRANT_00396
INDIAN_INSTITUTE_OF_SCIENCE_BANGALORE,GRANT_00397
INDIAN_INSTITUTE_OF_SCIENCE_BANGALORE,GRANT_00398
INDIAN_INSTITUTE_OF_SCIENCE_BANGALORE,GRANT_00399
INDIAN_INSTITUTE_OF_SCIENCE_BANGALORE,GRANT_00400
INDIAN_INSTITUTE_OF_SCIENCE_BANGALORE,GRANT_00401
INDIAN_INSTITUTE_OF_SCIENCE_BANGALORE,GRANT_00402
INDIAN_INSTITUTE_OF_SCIENCE_BANGALORE,GRANT_00403
INDIAN_INSTITUTE_OF_SCIENCE_BANGALORE,GRANT_00404
INDIAN_INSTITUTE_OF_SCIENCE_BANGALORE,GRANT_00405
INDIAN_INSTITUTE_OF_SCIENCE_BANGALORE,GRANT_00406
INDIAN_INSTITUTE_OF_SCIENCE_BANGALORE,GRANT_00407
INDIAN_INSTITUTE_OF_SCIENCE_BANGALORE,GRANT_00408
INDIAN_INSTITUTE_OF_SCIENCE_BANGALORE,GRANT_00409
INDIAN_INSTITUTE_OF_SCIENCE_BANGALORE,GRANT_00410
INDIAN_INSTITUTE_OF_SCIENCE_BANGALORE,GRANT_00411
INDIAN_INSTITUTE_OF_SCIENCE_BANGALORE,GRANT_00412
INDIAN_INSTITUTE_OF_SCIENCE_BANGALORE,GRANT_00413
INDIAN_INSTITUTE_OF_SCIENCE_BANGALORE,GRANT_00414
INTERNATIONAL_INSTITUTE_OF_INFORMATION_TECHNOLOGY_BANGALORE,GRANT_00415
INDIAN_INSTITUTE_OF_SCIENCE_BANGALORE,GRANT_00416
INDIAN_INSTITUTE_OF_SCIENCE_BANGALORE,GRANT_00417
INDIAN_INSTITUTE_OF_SCIENCE_BANGALORE,GRANT_00418
INDIAN_INSTITUTE_OF_SCIENCE_BANGALORE,GRANT_00419
INDIAN_INSTITUTE_OF_SCIENCE_BANGALORE,GRANT_00420
INDIAN_INSTITUTE_OF_SCIENCE_BANGALORE,GRANT_00421
INDIAN_INSTITUTE_OF_SCIENCE_BANGALORE,GRANT_00422
INDIAN_INSTITUTE_OF_SCIENCE_BANGALORE,GRANT_00423
INDIAN_INSTITUTE_OF_SCIENCE_BANGALORE,GRANT_00424
INDIAN_INSTITUTE_OF_SCIENCE_BANGALORE,GRANT_00425
INDIAN_INSTITUTE_OF_SCIENCE_BANGALORE,GRANT_00426
INDIAN_INSTITUTE_OF_SCIENCE_BANGALORE,GRANT_00427
INDIAN_INSTITUTE_OF_SCIENCE_BANGALORE,GRANT_00428
INDIAN_INSTITUTE_OF_SCIENCE_BANGALORE,GRANT_00429
INDIAN_INSTITUTE_OF_SCIENCE_BANGALORE,GRANT_00430
INDIAN_INSTITUTE_OF_SCIENCE_BANGALORE,GRANT_00431
INDIAN_INSTITUTE_OF_SCIENCE_BANGALORE,GRANT_00432
INDIAN_INSTITUTE_OF_SCIENCE_BANGALORE,GRANT_00433
INDIAN_INSTITUTE_OF_SCIENCE_BANGALORE,GRANT_00434
INDIAN_INSTITUTE_OF_SCIENCE_BANGALORE,GRANT_00435
INDIAN_INSTITUTE_OF_SCIENCE_BANGALORE,GRANT_00436
INDIAN_INSTITUTE_OF_SCIENCE_BANGALORE,GRANT_00437
INDIAN_INSTITUTE_OF_SCIENCE_BANGALORE,GRANT_00438
INDIAN_INSTITUTE_OF_SCIENCE_BANGALORE,GRANT_00439
INDIAN_INSTITUTE_OF_SCIENCE_BANGALORE,GRANT_00440
INDIAN_INSTITUTE_OF_SCIENCE_BANGALORE,GRANT_00441
INDIAN_INSTITUTE_OF_SCIENCE_BANGALORE,GRANT_00442
INDIAN_INSTITUTE_OF_SCIENCE_BANGALORE,GRANT_00443
