Thesis_ID,Keyword_ID
516172,KW00001
516172,KW00002
516172,KW00003
504572,KW00004
504572,KW00005
504572,KW00006
504574,KW00007
504574,KW00008
504574,KW00006
504575,KW00001
504575,KW00002
504575,KW00009
516315,KW00001
516315,KW00002
516315,KW00010
516624,KW00011
516624,KW00012
516624,KW00002
475827,KW00001
475827,KW00002
475827,KW00013
501379,KW00004
501379,KW00014
501379,KW00006
515986,KW00001
515986,KW00002
515986,KW00003
529093,KW00011
529093,KW00015
529093,KW00002
475826,KW00007
475826,KW00008
475826,KW00006
511261,KW00007
511261,KW00006
515978,KW00007
515978,KW00008
515978,KW00006
516317,KW00001
516317,KW00002
516317,KW00003
516318,KW00001
516318,KW00002
516318,KW00003
516626,KW00011
516626,KW00012
516626,KW00002
536358,KW00011
536358,KW00016
536358,KW00002
621398,KW00001
621398,KW00002
621398,KW00013
621401,KW00001
621401,KW00002
621401,KW00009
621402,KW00006
621402,KW00017
621402,KW00018
621420,KW00001
621420,KW00002
621420,KW00019
621795,KW00001
621795,KW00002
621795,KW00019
621397,KW00001
621397,KW00002
621397,KW00013
621791,KW00001
621791,KW00002
621791,KW00019
621796,KW00001
621796,KW00002
621796,KW00003
684698,KW00001
684698,KW00002
684698,KW00020
679312,KW00001
679312,KW00002
684699,KW00001
684699,KW00002
684699,KW00013
453534,KW00011
453534,KW00016
453534,KW00002
453540,KW00011
453540,KW00012
453540,KW00002
453624,KW00001
453624,KW00002
453624,KW00013
453631,KW00011
453631,KW00016
453631,KW00002
453632,KW00011
453632,KW00016
453632,KW00002
448991,KW00011
448991,KW00016
448991,KW00002
453539,KW00001
453539,KW00002
453539,KW00013
451246,KW00001
451246,KW00002
451246,KW00013
453537,KW00011
453537,KW00012
453537,KW00002
453538,KW00001
453538,KW00002
453538,KW00013
453541,KW00011
453541,KW00002
453541,KW00021
448126,KW00011
448126,KW00016
448126,KW00002
448151,KW00011
448151,KW00022
448151,KW00002
448710,KW00011
448710,KW00022
448710,KW00002
453529,KW00001
453529,KW00002
453529,KW00013
453535,KW00011
453535,KW00016
453535,KW00002
453536,KW00011
453536,KW00015
453536,KW00002
453563,KW00011
453563,KW00016
453563,KW00002
575810,KW00004
575810,KW00014
575810,KW00006
593036,KW00011
593036,KW00016
593036,KW00002
531253,KW00004
531253,KW00005
531253,KW00006
531256,KW00004
531256,KW00005
531256,KW00006
531258,KW00001
531258,KW00002
531258,KW00013
531260,KW00001
531260,KW00002
531260,KW00013
531261,KW00011
531261,KW00016
531261,KW00002
531274,KW00001
531274,KW00002
531274,KW00013
531275,KW00001
531275,KW00002
531275,KW00003
531276,KW00001
531276,KW00002
531276,KW00019
531280,KW00001
531280,KW00002
531280,KW00019
531282,KW00001
531282,KW00002
531282,KW00019
531286,KW00004
531286,KW00005
531286,KW00006
531287,KW00004
531287,KW00005
531287,KW00006
531291,KW00004
531291,KW00005
531291,KW00006
534994,KW00011
534994,KW00016
534994,KW00002
575809,KW00011
575809,KW00016
575809,KW00002
556899,KW00023
556899,KW00001
556899,KW00002
556900,KW00001
556900,KW00002
556900,KW00013
556901,KW00001
556901,KW00002
556901,KW00013
556902,KW00001
556902,KW00002
556902,KW00013
577610,KW00011
577610,KW00015
577610,KW00002
577611,KW00011
577611,KW00024
577611,KW00002
584203,KW00007
584203,KW00006
599575,KW00006
599575,KW00017
599575,KW00018
612953,KW00011
612953,KW00002
612953,KW00025
623372,KW00001
623372,KW00002
623372,KW00013
650776,KW00011
650776,KW00016
650776,KW00002
656271,KW00011
656271,KW00024
656271,KW00002
663557,KW00026
663557,KW00027
663557,KW00028
668347,KW00011
668347,KW00016
668347,KW00002
452058,KW00001
452058,KW00002
452058,KW00010
452320,KW00002
452326,KW00001
452326,KW00002
452377,KW00001
452377,KW00002
452442,KW00011
452442,KW00012
452442,KW00002
452444,KW00011
452444,KW00012
452444,KW00002
452445,KW00001
452445,KW00002
452445,KW00003
452453,KW00011
452453,KW00029
452453,KW00002
452511,KW00001
452511,KW00002
452511,KW00013
452565,KW00011
452565,KW00012
452565,KW00002
452243,KW00001
452243,KW00002
452243,KW00009
452282,KW00001
452282,KW00002
452282,KW00013
452378,KW00001
452378,KW00002
452446,KW00001
452446,KW00002
452446,KW00003
452452,KW00001
452452,KW00002
452454,KW00001
452454,KW00002
452456,KW00001
452456,KW00002
452457,KW00001
452457,KW00002
452457,KW00019
452458,KW00001
452458,KW00002
452459,KW00001
452459,KW00002
452459,KW00019
452497,KW00001
452497,KW00002
452497,KW00013
452770,KW00001
452770,KW00002
452770,KW00019
454590,KW00001
454590,KW00002
454590,KW00003
455153,KW00001
455153,KW00002
455153,KW00030
452263,KW00001
452263,KW00002
452263,KW00009
452273,KW00004
452273,KW00031
452273,KW00006
452450,KW00001
452450,KW00002
452567,KW00001
452567,KW00002
452567,KW00032
454865,KW00011
454865,KW00002
454865,KW00025
454932,KW00027
454932,KW00033
454932,KW00028
452447,KW00007
452447,KW00006
452448,KW00007
452448,KW00006
452449,KW00001
452449,KW00002
452449,KW00013
452451,KW00001
452451,KW00002
453490,KW00011
453490,KW00016
453490,KW00002
454859,KW00011
454859,KW00012
454859,KW00002
454936,KW00011
454936,KW00016
454936,KW00002
426407,KW00002
429335,KW00001
429335,KW00002
429335,KW00019
426390,KW00002
426390,KW00013
426519,KW00001
426519,KW00002
426519,KW00034
428618,KW00001
428618,KW00002
428618,KW00003
428623,KW00001
428623,KW00002
428623,KW00013
429507,KW00001
429507,KW00002
429507,KW00019
428628,KW00001
428628,KW00035
428628,KW00002
428633,KW00001
428633,KW00002
428633,KW00019
426620,KW00001
426620,KW00035
426620,KW00002
430144,KW00001
430144,KW00002
430144,KW00036
427122,KW00001
427122,KW00002
427122,KW00013
427119,KW00001
427119,KW00035
427119,KW00002
427118,KW00002
427118,KW00037
427118,KW00038
427123,KW00001
427123,KW00002
427123,KW00013
427114,KW00001
427114,KW00002
427114,KW00013
427113,KW00001
427113,KW00002
427113,KW00003
426528,KW00001
426528,KW00002
426528,KW00009
426646,KW00001
426646,KW00035
426646,KW00002
426638,KW00002
426638,KW00037
426638,KW00038
426675,KW00002
426675,KW00037
426675,KW00038
430152,KW00001
430152,KW00002
430152,KW00013
426597,KW00001
426597,KW00002
426597,KW00013
444775,KW00001
444775,KW00002
444775,KW00013
426592,KW00011
426592,KW00022
426592,KW00002
426590,KW00001
426590,KW00002
426590,KW00013
426731,KW00001
426731,KW00002
426731,KW00013
428405,KW00001
428405,KW00002
428405,KW00003
428407,KW00001
428407,KW00002
428407,KW00013
428408,KW00001
428408,KW00002
428408,KW00013
428404,KW00002
428404,KW00037
428404,KW00038
428398,KW00001
428398,KW00002
428398,KW00013
428399,KW00001
428399,KW00002
428399,KW00013
428388,KW00002
428388,KW00037
428388,KW00038
428386,KW00001
428386,KW00035
428386,KW00002
428402,KW00001
428402,KW00002
428402,KW00003
426766,KW00001
426766,KW00002
426766,KW00013
430602,KW00001
430602,KW00002
430602,KW00003
426763,KW00002
426763,KW00037
426763,KW00038
428376,KW00001
428376,KW00002
428376,KW00003
428374,KW00001
428374,KW00002
428374,KW00013
428371,KW00001
428371,KW00002
428371,KW00013
426465,KW00001
426465,KW00002
426465,KW00003
427199,KW00001
427199,KW00035
427199,KW00002
429663,KW00001
429663,KW00002
429663,KW00013
426756,KW00001
426756,KW00002
426756,KW00013
426635,KW00001
426635,KW00002
426635,KW00013
426754,KW00001
426754,KW00002
426754,KW00019
428656,KW00001
428656,KW00002
428656,KW00013
430433,KW00001
430433,KW00035
430433,KW00002
430438,KW00001
430438,KW00002
430438,KW00010
430432,KW00001
430432,KW00002
430432,KW00013
425647,KW00001
425647,KW00035
425647,KW00002
430437,KW00001
430437,KW00002
430437,KW00013
430426,KW00001
430426,KW00002
430426,KW00003
430429,KW00001
430429,KW00035
430429,KW00002
425794,KW00001
425794,KW00002
425794,KW00013
429958,KW00001
429958,KW00002
429958,KW00030
429965,KW00002
429965,KW00037
429965,KW00039
431378,KW00001
431378,KW00002
431378,KW00040
429960,KW00002
429960,KW00037
429960,KW00038
431380,KW00001
431380,KW00035
431380,KW00002
429962,KW00001
429962,KW00035
429962,KW00002
429199,KW00002
429199,KW00037
429199,KW00038
425983,KW00001
425983,KW00002
425983,KW00041
426170,KW00001
426170,KW00002
426170,KW00032
430042,KW00001
430042,KW00002
430042,KW00013
430659,KW00001
430659,KW00002
430659,KW00013
427207,KW00001
427207,KW00002
427207,KW00013
431361,KW00001
431361,KW00002
431361,KW00013
430657,KW00001
430657,KW00002
430657,KW00013
430653,KW00001
430653,KW00002
430653,KW00013
447243,KW00001
447243,KW00002
447243,KW00019
447245,KW00001
447245,KW00002
447245,KW00030
428816,KW00023
428816,KW00001
428816,KW00002
447244,KW00001
447244,KW00035
447244,KW00002
431363,KW00001
431363,KW00002
431363,KW00013
428874,KW00001
428874,KW00002
428874,KW00019
428983,KW00001
428983,KW00002
428983,KW00003
434407,KW00001
434407,KW00002
434407,KW00034
434419,KW00001
434419,KW00035
434419,KW00002
434388,KW00001
434388,KW00035
434388,KW00002
434381,KW00001
434381,KW00035
434381,KW00002
433991,KW00001
433991,KW00002
433991,KW00010
434015,KW00001
434015,KW00002
434015,KW00013
434020,KW00001
434020,KW00002
434020,KW00034
429711,KW00001
429711,KW00035
429711,KW00002
426369,KW00001
426369,KW00002
426369,KW00032
429329,KW00001
429329,KW00002
429329,KW00009
433694,KW00001
433694,KW00002
433694,KW00013
433717,KW00001
433717,KW00002
433717,KW00040
433697,KW00011
433697,KW00012
433697,KW00002
433690,KW00001
433690,KW00002
433690,KW00019
433709,KW00001
433709,KW00035
433709,KW00002
433729,KW00001
433729,KW00035
433729,KW00002
431728,KW00002
431728,KW00037
431728,KW00038
431730,KW00001
431730,KW00002
431730,KW00013
433686,KW00001
433686,KW00002
433686,KW00019
433680,KW00001
433680,KW00002
433680,KW00013
433685,KW00002
433685,KW00037
433685,KW00042
426353,KW00001
426353,KW00002
426353,KW00003
426403,KW00002
426403,KW00037
426403,KW00043
426388,KW00001
426388,KW00002
426388,KW00034
426398,KW00002
426398,KW00037
426398,KW00042
426500,KW00001
426500,KW00035
426500,KW00002
426492,KW00001
426492,KW00002
426492,KW00013
426515,KW00001
426515,KW00002
426515,KW00034
426518,KW00002
426518,KW00037
426518,KW00042
426520,KW00002
426520,KW00037
426520,KW00039
429561,KW00001
429561,KW00002
429561,KW00019
428639,KW00011
428639,KW00012
428639,KW00002
426478,KW00001
426478,KW00002
426478,KW00013
426472,KW00044
426472,KW00011
426472,KW00002
426480,KW00001
426480,KW00002
426480,KW00013
426547,KW00001
426547,KW00002
426547,KW00034
426558,KW00001
426558,KW00002
426558,KW00003
426557,KW00001
426557,KW00002
426557,KW00034
426479,KW00011
426479,KW00022
426479,KW00002
426487,KW00044
426487,KW00011
426487,KW00002
426584,KW00044
426584,KW00011
426584,KW00002
426525,KW00001
426525,KW00035
426525,KW00002
426522,KW00001
426522,KW00002
426522,KW00013
426538,KW00001
426538,KW00002
426538,KW00009
426539,KW00001
426539,KW00002
426539,KW00003
426580,KW00045
426580,KW00002
426580,KW00037
426569,KW00011
426569,KW00012
426569,KW00002
426570,KW00002
426570,KW00037
426570,KW00038
426583,KW00044
426583,KW00011
426583,KW00002
426672,KW00001
426672,KW00002
426672,KW00013
428346,KW00001
428346,KW00002
428346,KW00003
428347,KW00011
428347,KW00012
428347,KW00002
426643,KW00001
426643,KW00035
426643,KW00002
426451,KW00044
426451,KW00011
426451,KW00002
426601,KW00002
426601,KW00037
426601,KW00046
426605,KW00001
426605,KW00002
426605,KW00036
426586,KW00001
426586,KW00002
426586,KW00013
426498,KW00001
426498,KW00002
426498,KW00013
426506,KW00001
426506,KW00002
426506,KW00013
426476,KW00002
426476,KW00037
426476,KW00046
428358,KW00002
428358,KW00037
428358,KW00039
426649,KW00001
426649,KW00002
426649,KW00013
428355,KW00001
428355,KW00002
428355,KW00019
426652,KW00001
426652,KW00002
426652,KW00013
426732,KW00001
426732,KW00002
426732,KW00036
426734,KW00001
426734,KW00002
426734,KW00036
428413,KW00011
428413,KW00016
428413,KW00002
426751,KW00001
426751,KW00002
426751,KW00019
428364,KW00001
428364,KW00002
428364,KW00019
426708,KW00001
426708,KW00002
426708,KW00003
426724,KW00001
426724,KW00002
426724,KW00013
426725,KW00001
426725,KW00002
426725,KW00013
426730,KW00001
426730,KW00002
426730,KW00003
426727,KW00001
426727,KW00002
426727,KW00003
428397,KW00001
428397,KW00002
428397,KW00009
426711,KW00001
426711,KW00002
426711,KW00019
426713,KW00001
426713,KW00002
426713,KW00013
428396,KW00001
428396,KW00002
428396,KW00003
449993,KW00001
449993,KW00002
449993,KW00013
449995,KW00044
449995,KW00011
449995,KW00002
426440,KW00001
426440,KW00002
426440,KW00010
426449,KW00001
426449,KW00002
426449,KW00019
426417,KW00001
426417,KW00002
426417,KW00013
426415,KW00001
426415,KW00002
426415,KW00013
426441,KW00001
426441,KW00035
426441,KW00002
426460,KW00044
426460,KW00011
426460,KW00002
428653,KW00001
428653,KW00002
428653,KW00013
428654,KW00001
428654,KW00002
428654,KW00009
427758,KW00001
427758,KW00002
427758,KW00009
425652,KW00001
425652,KW00002
425652,KW00034
427772,KW00002
427772,KW00037
427772,KW00038
427782,KW00002
427782,KW00037
427782,KW00038
427783,KW00011
427783,KW00016
427783,KW00002
427773,KW00002
427773,KW00037
427773,KW00038
429867,KW00001
429867,KW00002
429867,KW00013
425793,KW00011
425793,KW00029
425793,KW00002
427805,KW00001
427805,KW00002
427805,KW00013
429955,KW00001
429955,KW00002
429955,KW00034
425747,KW00001
425747,KW00002
425747,KW00020
425739,KW00001
425739,KW00002
425739,KW00034
427789,KW00011
427789,KW00022
427789,KW00002
427784,KW00001
427784,KW00035
427784,KW00002
429183,KW00001
429183,KW00002
429183,KW00009
429188,KW00001
429188,KW00002
429188,KW00013
425827,KW00001
425827,KW00002
425827,KW00010
425986,KW00001
425986,KW00002
425986,KW00019
425991,KW00001
425991,KW00002
425991,KW00013
426022,KW00002
426022,KW00037
426022,KW00039
429209,KW00001
429209,KW00002
429209,KW00019
426026,KW00002
426026,KW00037
426026,KW00043
426128,KW00001
426128,KW00035
426128,KW00002
426125,KW00001
426125,KW00035
426125,KW00002
426105,KW00001
426105,KW00002
426105,KW00013
426110,KW00001
426110,KW00002
426110,KW00020
426126,KW00001
426126,KW00002
426126,KW00013
426060,KW00001
426060,KW00002
426060,KW00010
426132,KW00001
426132,KW00002
426132,KW00013
426186,KW00001
426186,KW00002
426186,KW00009
426127,KW00044
426127,KW00011
426127,KW00002
430031,KW00001
430031,KW00002
430031,KW00003
426129,KW00001
426129,KW00002
426129,KW00019
426163,KW00001
426163,KW00002
426163,KW00010
430039,KW00001
430039,KW00002
430039,KW00013
426220,KW00001
426220,KW00002
426220,KW00013
430037,KW00001
430037,KW00002
430037,KW00003
426197,KW00001
426197,KW00035
426197,KW00002
426218,KW00001
426218,KW00002
426218,KW00047
428803,KW00044
428803,KW00011
428803,KW00002
428805,KW00001
428805,KW00002
428805,KW00003
428811,KW00001
428811,KW00002
428811,KW00040
428832,KW00001
428832,KW00002
428832,KW00010
428851,KW00001
428851,KW00002
428851,KW00013
447379,KW00001
447379,KW00002
447379,KW00009
429739,KW00001
429739,KW00035
429739,KW00002
428981,KW00001
428981,KW00002
428981,KW00036
434430,KW00001
434430,KW00002
434430,KW00003
434422,KW00001
434422,KW00002
434422,KW00030
434432,KW00001
434432,KW00002
434432,KW00013
434427,KW00001
434427,KW00002
434427,KW00036
434421,KW00001
434421,KW00002
434421,KW00013
434417,KW00001
434417,KW00002
434417,KW00048
434441,KW00001
434441,KW00002
434441,KW00019
433997,KW00001
433997,KW00002
433997,KW00013
434000,KW00001
434000,KW00002
434000,KW00013
434565,KW00001
434565,KW00002
434565,KW00034
428840,KW00002
428840,KW00037
428840,KW00038
426363,KW00001
426363,KW00002
426363,KW00013
426356,KW00001
426356,KW00002
426356,KW00013
426319,KW00002
426319,KW00037
426319,KW00039
426320,KW00001
426320,KW00002
426320,KW00019
433696,KW00011
433696,KW00012
433696,KW00002
426402,KW00049
426402,KW00001
426402,KW00002
426402,KW00034
426402,KW00050
426384,KW00001
426384,KW00002
426384,KW00034
426384,KW00051
429332,KW00001
429332,KW00002
429332,KW00013
428605,KW00001
428605,KW00002
428605,KW00013
428608,KW00002
428608,KW00037
428608,KW00038
428597,KW00001
428597,KW00002
428597,KW00013
428600,KW00002
428600,KW00037
428600,KW00043
428634,KW00001
428634,KW00002
428634,KW00013
428640,KW00002
428640,KW00037
428640,KW00038
429539,KW00001
429539,KW00002
429539,KW00013
426477,KW00001
426477,KW00002
426477,KW00013
426551,KW00001
426551,KW00002
426551,KW00034
426551,KW00052
426488,KW00053
426488,KW00001
426488,KW00002
426488,KW00034
431367,KW00001
431367,KW00035
431367,KW00002
431354,KW00001
431354,KW00002
431354,KW00013
431338,KW00001
431338,KW00002
431338,KW00047
427110,KW00001
427110,KW00002
427110,KW00003
426333,KW00001
426333,KW00002
426333,KW00009
426344,KW00001
426344,KW00002
426344,KW00034
426344,KW00054
426532,KW00001
426532,KW00002
426532,KW00013
426581,KW00001
426581,KW00002
426581,KW00019
444754,KW00002
444754,KW00037
444754,KW00038
426541,KW00001
426541,KW00002
426541,KW00013
426544,KW00001
426544,KW00002
426544,KW00013
426544,KW00055
428352,KW00001
428352,KW00002
428352,KW00013
430148,KW00001
430148,KW00002
430148,KW00019
430150,KW00001
430150,KW00002
430150,KW00013
430149,KW00001
430149,KW00002
430149,KW00003
455135,KW00001
455135,KW00035
455135,KW00002
431369,KW00001
431369,KW00002
431369,KW00009
426695,KW00001
426695,KW00002
426695,KW00009
428401,KW00001
428401,KW00002
428401,KW00003
426776,KW00001
426776,KW00002
426776,KW00003
426770,KW00001
426770,KW00002
426770,KW00034
427130,KW00001
427130,KW00002
427130,KW00013
427127,KW00044
427127,KW00011
427127,KW00002
427131,KW00001
427131,KW00002
427131,KW00013
427126,KW00044
427126,KW00011
427126,KW00002
427132,KW00001
427132,KW00002
427132,KW00013
431347,KW00001
431347,KW00002
431347,KW00047
449973,KW00001
449973,KW00002
449973,KW00013
429354,KW00002
429354,KW00037
429354,KW00038
429344,KW00001
429344,KW00002
429344,KW00003
429348,KW00001
429348,KW00002
429348,KW00010
430145,KW00001
430145,KW00002
430145,KW00013
428647,KW00001
428647,KW00002
428647,KW00013
430419,KW00044
430419,KW00011
430419,KW00002
429864,KW00001
429864,KW00002
429864,KW00013
429862,KW00001
429862,KW00002
429862,KW00013
429860,KW00001
429860,KW00002
429860,KW00013
429851,KW00001
429851,KW00002
429851,KW00003
429855,KW00001
429855,KW00002
429855,KW00003
429868,KW00001
429868,KW00002
429868,KW00013
430427,KW00001
430427,KW00002
430427,KW00010
430425,KW00044
430425,KW00011
430425,KW00002
430420,KW00001
430420,KW00002
430420,KW00034
429873,KW00001
429873,KW00002
429873,KW00003
429877,KW00001
429877,KW00002
429877,KW00013
429878,KW00001
429878,KW00002
429878,KW00003
430428,KW00001
430428,KW00002
430428,KW00009
429847,KW00001
429847,KW00035
429847,KW00002
429852,KW00002
429852,KW00037
429852,KW00042
429861,KW00001
429861,KW00002
429861,KW00003
429870,KW00001
429870,KW00002
429870,KW00010
429856,KW00001
429856,KW00002
429856,KW00013
429869,KW00001
429869,KW00002
429869,KW00019
427799,KW00001
427799,KW00035
427799,KW00002
427797,KW00001
427797,KW00002
427797,KW00019
425726,KW00001
425726,KW00035
425726,KW00002
427795,KW00001
427795,KW00002
427795,KW00013
427793,KW00001
427793,KW00002
427793,KW00013
425779,KW00001
425779,KW00002
425779,KW00010
427791,KW00001
427791,KW00002
427791,KW00013
429832,KW00001
429832,KW00002
429832,KW00013
429822,KW00001
429822,KW00002
429822,KW00009
431383,KW00001
431383,KW00002
431383,KW00020
431366,KW00001
431366,KW00002
431366,KW00013
431352,KW00001
431352,KW00002
431352,KW00013
431381,KW00001
431381,KW00002
431381,KW00010
429963,KW00002
429963,KW00037
429963,KW00038
429206,KW00001
429206,KW00002
429206,KW00013
426012,KW00001
426012,KW00002
426012,KW00019
429217,KW00001
429217,KW00002
429217,KW00036
429216,KW00001
429216,KW00002
429216,KW00009
429203,KW00001
429203,KW00002
429203,KW00003
426066,KW00001
426066,KW00002
426066,KW00013
430024,KW00002
430024,KW00037
430024,KW00039
430017,KW00011
430017,KW00012
430017,KW00002
430033,KW00001
430033,KW00002
430033,KW00013
426166,KW00001
426166,KW00002
426166,KW00032
426195,KW00001
426195,KW00002
426195,KW00003
426195,KW00056
430040,KW00001
430040,KW00002
430040,KW00013
427133,KW00001
427133,KW00035
427133,KW00002
427124,KW00001
427124,KW00002
427124,KW00013
428802,KW00001
428802,KW00002
428802,KW00034
428806,KW00002
428806,KW00037
428806,KW00038
427141,KW00001
427141,KW00002
427141,KW00009
429703,KW00002
429703,KW00037
429703,KW00038
428833,KW00002
428833,KW00037
428833,KW00038
428815,KW00001
428815,KW00002
428815,KW00013
428831,KW00002
428831,KW00037
428831,KW00038
428810,KW00001
428810,KW00002
428810,KW00009
428853,KW00002
428853,KW00037
428853,KW00038
428847,KW00001
428847,KW00002
428847,KW00013
428845,KW00002
428845,KW00037
428845,KW00038
429742,KW00002
429742,KW00037
429742,KW00038
429762,KW00001
429762,KW00002
429762,KW00013
576534,KW00002
576534,KW00037
576534,KW00038
428960,KW00045
428960,KW00002
428960,KW00037
428963,KW00044
428963,KW00011
428963,KW00002
428971,KW00001
428971,KW00002
428971,KW00013
428985,KW00045
428985,KW00002
428985,KW00037
428980,KW00001
428980,KW00035
428980,KW00002
428988,KW00001
428988,KW00002
428988,KW00013
429813,KW00001
429813,KW00002
429813,KW00009
434398,KW00001
434398,KW00002
434398,KW00003
434385,KW00001
434385,KW00002
434385,KW00013
434438,KW00001
434438,KW00002
434438,KW00019
434006,KW00001
434006,KW00035
434006,KW00002
433970,KW00001
433970,KW00002
433970,KW00013
433984,KW00001
433984,KW00002
433984,KW00009
433998,KW00001
433998,KW00035
433998,KW00002
433981,KW00002
433981,KW00037
433981,KW00038
433996,KW00001
433996,KW00002
433996,KW00013
433990,KW00001
433990,KW00002
433990,KW00013
434557,KW00001
434557,KW00002
434557,KW00019
434569,KW00001
434569,KW00002
434569,KW00019
434566,KW00001
434566,KW00002
434566,KW00041
431341,KW00001
431341,KW00002
431341,KW00047
440459,KW00044
440459,KW00011
440459,KW00002
440764,KW00001
440764,KW00035
440764,KW00002
440763,KW00001
440763,KW00035
440763,KW00002
429710,KW00001
429710,KW00002
429710,KW00019
457881,KW00011
457881,KW00022
457881,KW00002
507501,KW00001
507501,KW00002
507501,KW00013
483415,KW00001
483415,KW00035
483415,KW00002
433713,KW00044
433713,KW00011
433713,KW00002
433715,KW00001
433715,KW00002
433715,KW00034
433725,KW00001
433725,KW00002
433725,KW00003
431394,KW00001
431394,KW00002
431394,KW00036
433704,KW00001
433704,KW00002
433704,KW00003
433718,KW00001
433718,KW00002
433718,KW00034
433730,KW00002
433730,KW00037
433730,KW00038
431630,KW00001
431630,KW00002
431630,KW00013
455544,KW00045
455544,KW00002
455544,KW00037
455547,KW00002
455547,KW00037
455547,KW00038
455545,KW00001
455545,KW00002
455545,KW00013
454896,KW00002
454896,KW00037
454896,KW00038
454886,KW00001
454886,KW00002
454886,KW00013
454922,KW00001
454922,KW00002
454922,KW00013
454921,KW00044
454921,KW00011
454921,KW00002
455161,KW00001
455161,KW00002
455161,KW00013
455158,KW00001
455158,KW00002
455158,KW00013
444746,KW00001
444746,KW00002
444746,KW00019
444735,KW00044
444735,KW00011
444735,KW00002
455232,KW00001
455232,KW00002
455232,KW00013
455225,KW00001
455225,KW00002
455225,KW00010
455235,KW00001
455235,KW00002
455235,KW00034
455226,KW00002
455226,KW00037
455226,KW00038
455207,KW00001
455207,KW00002
455207,KW00003
455195,KW00001
455195,KW00002
455195,KW00003
455123,KW00001
455123,KW00002
455123,KW00013
455127,KW00001
455127,KW00002
455127,KW00034
455130,KW00001
455130,KW00002
455130,KW00010
455133,KW00001
455133,KW00035
455133,KW00002
455134,KW00001
455134,KW00002
455134,KW00003
455132,KW00002
455132,KW00037
455132,KW00038
455136,KW00001
455136,KW00035
455136,KW00002
455145,KW00044
455145,KW00011
455145,KW00002
455124,KW00001
455124,KW00002
455124,KW00013
455128,KW00001
455128,KW00002
455128,KW00003
455146,KW00001
455146,KW00002
455146,KW00003
455142,KW00001
455142,KW00002
455142,KW00013
455144,KW00001
455144,KW00002
455144,KW00003
455143,KW00001
455143,KW00002
455143,KW00013
455219,KW00001
455219,KW00002
455219,KW00003
455234,KW00001
455234,KW00002
455234,KW00003
455231,KW00001
455231,KW00002
455231,KW00013
455233,KW00001
455233,KW00035
455233,KW00002
455237,KW00001
455237,KW00002
455237,KW00013
455310,KW00001
455310,KW00002
455310,KW00013
455291,KW00001
455291,KW00002
455291,KW00013
455279,KW00001
455279,KW00002
455279,KW00010
455298,KW00001
455298,KW00035
455298,KW00002
455299,KW00001
455299,KW00035
455299,KW00002
455286,KW00011
455286,KW00012
455286,KW00002
455311,KW00002
455311,KW00037
455311,KW00038
455300,KW00001
455300,KW00002
455300,KW00013
455309,KW00001
455309,KW00002
455309,KW00013
455276,KW00001
455276,KW00035
455276,KW00002
455274,KW00044
455274,KW00011
455274,KW00002
455308,KW00002
455308,KW00037
455308,KW00038
455278,KW00001
455278,KW00002
455278,KW00013
454889,KW00001
454889,KW00002
454889,KW00019
575847,KW00001
575847,KW00002
575847,KW00013
454867,KW00001
454867,KW00002
454867,KW00013
455184,KW00011
455184,KW00012
455184,KW00002
455186,KW00001
455186,KW00002
455186,KW00036
453927,KW00001
453927,KW00002
453927,KW00013
453923,KW00002
453923,KW00037
453923,KW00038
453931,KW00001
453931,KW00002
453931,KW00013
453922,KW00011
453922,KW00022
453922,KW00002
453933,KW00001
453933,KW00002
453933,KW00013
453925,KW00001
453925,KW00002
453925,KW00036
453916,KW00001
453916,KW00002
453916,KW00013
453924,KW00001
453924,KW00002
453924,KW00034
453935,KW00001
453935,KW00002
453935,KW00019
453928,KW00001
453928,KW00002
453928,KW00013
453915,KW00001
453915,KW00002
453915,KW00003
453920,KW00011
453920,KW00022
453920,KW00002
453917,KW00001
453917,KW00002
453917,KW00009
453930,KW00001
453930,KW00002
453930,KW00019
453919,KW00001
453919,KW00002
453919,KW00013
453926,KW00044
453926,KW00011
453926,KW00002
454108,KW00001
454108,KW00035
454108,KW00002
454127,KW00001
454127,KW00002
454127,KW00013
454097,KW00001
454097,KW00002
454097,KW00036
454100,KW00001
454100,KW00035
454100,KW00002
454114,KW00001
454114,KW00035
454114,KW00002
454145,KW00001
454145,KW00002
454145,KW00003
454098,KW00002
454098,KW00037
454098,KW00038
454144,KW00001
454144,KW00002
454144,KW00010
454155,KW00002
454155,KW00037
454155,KW00038
454198,KW00001
454198,KW00002
454198,KW00034
454161,KW00001
454161,KW00002
454161,KW00034
454202,KW00001
454202,KW00002
454202,KW00010
454160,KW00044
454160,KW00011
454160,KW00002
454183,KW00002
454183,KW00037
454183,KW00038
454158,KW00001
454158,KW00002
454158,KW00013
454173,KW00001
454173,KW00002
454173,KW00013
454189,KW00001
454189,KW00002
454189,KW00003
454197,KW00001
454197,KW00002
454197,KW00034
456058,KW00001
456058,KW00002
456058,KW00013
576148,KW00001
576148,KW00002
576148,KW00013
456389,KW00001
456389,KW00002
456389,KW00013
429790,KW00001
429790,KW00002
429790,KW00013
440464,KW00001
440464,KW00002
440464,KW00019
511692,KW00001
511692,KW00002
511692,KW00013
607051,KW00001
607051,KW00002
607051,KW00013
506858,KW00002
506858,KW00037
506858,KW00038
506865,KW00002
506865,KW00037
506865,KW00057
506865,KW00038
507497,KW00011
507497,KW00016
507497,KW00002
507495,KW00001
507495,KW00002
507495,KW00013
507504,KW00002
507504,KW00037
507504,KW00038
507506,KW00002
507506,KW00037
507506,KW00038
507463,KW00011
507463,KW00016
507463,KW00002
507882,KW00001
507882,KW00002
507882,KW00013
507496,KW00011
507496,KW00016
507496,KW00002
507884,KW00011
507884,KW00016
507884,KW00002
507881,KW00001
507881,KW00002
507881,KW00013
507877,KW00001
507877,KW00002
507877,KW00013
507876,KW00001
507876,KW00002
507876,KW00013
507490,KW00001
507490,KW00002
507490,KW00013
507498,KW00001
507498,KW00002
507498,KW00003
507471,KW00001
507471,KW00002
507471,KW00013
507493,KW00001
507493,KW00002
507493,KW00003
507508,KW00001
507508,KW00002
507508,KW00019
507873,KW00002
507873,KW00037
507873,KW00038
483820,KW00001
483820,KW00002
483820,KW00003
483822,KW00001
483822,KW00035
483822,KW00002
511826,KW00001
511826,KW00002
511826,KW00013
511934,KW00002
511934,KW00037
511934,KW00058
572903,KW00001
572903,KW00002
572903,KW00020
573325,KW00001
573325,KW00002
573325,KW00019
573137,KW00001
573137,KW00002
573137,KW00013
573327,KW00001
573327,KW00002
573327,KW00020
573329,KW00001
573329,KW00002
573329,KW00019
573330,KW00001
573330,KW00002
573330,KW00013
572896,KW00001
572896,KW00002
572896,KW00009
573333,KW00002
573333,KW00037
573333,KW00038
573332,KW00002
573332,KW00037
573332,KW00038
573331,KW00011
573331,KW00012
573331,KW00002
575096,KW00001
575096,KW00002
575096,KW00036
579670,KW00001
579670,KW00002
579670,KW00019
579671,KW00001
579671,KW00035
579671,KW00002
579226,KW00001
579226,KW00002
579226,KW00009
579223,KW00001
579223,KW00002
579223,KW00013
575841,KW00001
575841,KW00002
575841,KW00034
575846,KW00044
575846,KW00011
575846,KW00002
644461,KW00001
644461,KW00002
644461,KW00013
577947,KW00001
577947,KW00002
577947,KW00013
577952,KW00002
577952,KW00037
577952,KW00038
577943,KW00001
577943,KW00002
577943,KW00003
577946,KW00002
577946,KW00037
577946,KW00038
577945,KW00002
577945,KW00037
577945,KW00038
577948,KW00044
577948,KW00011
577948,KW00002
575692,KW00001
575692,KW00002
575692,KW00013
575681,KW00001
575681,KW00002
575681,KW00013
575683,KW00002
575683,KW00037
575683,KW00038
575691,KW00001
575691,KW00002
575691,KW00009
575695,KW00001
575695,KW00002
575695,KW00009
576007,KW00011
576007,KW00029
576007,KW00002
576006,KW00001
576006,KW00002
576006,KW00034
576009,KW00001
576009,KW00002
576009,KW00009
576003,KW00011
576003,KW00022
576003,KW00002
576150,KW00001
576150,KW00035
576150,KW00002
576149,KW00001
576149,KW00002
576149,KW00003
576147,KW00001
576147,KW00002
576147,KW00013
576467,KW00001
576467,KW00002
576467,KW00034
576465,KW00001
576465,KW00002
576465,KW00013
576469,KW00002
576469,KW00037
576469,KW00038
576468,KW00001
576468,KW00002
576468,KW00003
576531,KW00001
576531,KW00002
576531,KW00013
576533,KW00011
576533,KW00022
576533,KW00002
576628,KW00001
576628,KW00035
576628,KW00002
576644,KW00001
576644,KW00035
576644,KW00002
576643,KW00001
576643,KW00002
576643,KW00013
576645,KW00001
576645,KW00002
576645,KW00019
576672,KW00002
576672,KW00037
576672,KW00038
576727,KW00001
576727,KW00002
576727,KW00013
576242,KW00001
576242,KW00002
576242,KW00019
576780,KW00002
576780,KW00037
576780,KW00038
612572,KW00001
612572,KW00002
612572,KW00013
612571,KW00001
612571,KW00002
612571,KW00003
612569,KW00001
612569,KW00002
612569,KW00034
613202,KW00001
613202,KW00002
613202,KW00013
613196,KW00001
613196,KW00002
613196,KW00009
613191,KW00001
613191,KW00002
613191,KW00013
613194,KW00001
613194,KW00002
613194,KW00013
613193,KW00002
613193,KW00037
613193,KW00038
613192,KW00001
613192,KW00002
613192,KW00013
613195,KW00001
613195,KW00002
613195,KW00003
613203,KW00002
613203,KW00037
613203,KW00038
612901,KW00001
612901,KW00002
612901,KW00003
612899,KW00001
612899,KW00002
612899,KW00013
612903,KW00001
612903,KW00002
612903,KW00013
612888,KW00001
612888,KW00002
612888,KW00032
612902,KW00001
612902,KW00002
612902,KW00013
612895,KW00001
612895,KW00002
612895,KW00034
612898,KW00001
612898,KW00002
612898,KW00003
576764,KW00011
576764,KW00022
576764,KW00002
576775,KW00002
576775,KW00037
576775,KW00038
576759,KW00001
576759,KW00002
576759,KW00034
576765,KW00001
576765,KW00002
576765,KW00034
612478,KW00002
612478,KW00037
612478,KW00038
612479,KW00001
612479,KW00002
612479,KW00003
613545,KW00001
613545,KW00002
613545,KW00013
613542,KW00001
613542,KW00002
613542,KW00032
613777,KW00001
613777,KW00002
613777,KW00009
606448,KW00001
606448,KW00002
606448,KW00048
613902,KW00001
613902,KW00002
613902,KW00009
613843,KW00001
613843,KW00002
613843,KW00034
507499,KW00001
507499,KW00002
507499,KW00013
614030,KW00002
614030,KW00037
614030,KW00038
507872,KW00011
507872,KW00016
507872,KW00002
507879,KW00011
507879,KW00002
507879,KW00059
614032,KW00002
614032,KW00037
614032,KW00038
614034,KW00001
614034,KW00035
614034,KW00002
507484,KW00002
507484,KW00037
507484,KW00038
507875,KW00001
507875,KW00002
507875,KW00003
507883,KW00011
507883,KW00016
507883,KW00002
614027,KW00001
614027,KW00002
614027,KW00003
614024,KW00001
614024,KW00002
614024,KW00003
613770,KW00001
613770,KW00002
613770,KW00009
613892,KW00001
613892,KW00002
613892,KW00034
613543,KW00001
613543,KW00002
613543,KW00010
607050,KW00001
607050,KW00002
607050,KW00013
614023,KW00002
614023,KW00037
614023,KW00038
483821,KW00001
483821,KW00035
483821,KW00002
613384,KW00002
613384,KW00037
613384,KW00039
613386,KW00001
613386,KW00002
613386,KW00041
613385,KW00001
613385,KW00002
613385,KW00003
613389,KW00044
613389,KW00011
613389,KW00002
612242,KW00001
612242,KW00002
612242,KW00013
612770,KW00001
612770,KW00002
612770,KW00009
612774,KW00001
612774,KW00002
612774,KW00034
620456,KW00001
620456,KW00002
620456,KW00034
620370,KW00002
620370,KW00037
620370,KW00039
620369,KW00002
620369,KW00037
620369,KW00038
620399,KW00001
620399,KW00002
620399,KW00013
620458,KW00001
620458,KW00002
620458,KW00034
620453,KW00044
620453,KW00011
620453,KW00002
620365,KW00002
620365,KW00037
620365,KW00038
620398,KW00001
620398,KW00002
620398,KW00034
620457,KW00001
620457,KW00002
620457,KW00034
620455,KW00001
620455,KW00002
620455,KW00013
572890,KW00001
572890,KW00002
572890,KW00013
573323,KW00001
573323,KW00002
573323,KW00003
573328,KW00001
573328,KW00002
573328,KW00019
573365,KW00001
573365,KW00035
573365,KW00002
573364,KW00011
573364,KW00012
573364,KW00002
572894,KW00001
572894,KW00002
572894,KW00019
572901,KW00001
572901,KW00002
572901,KW00013
572902,KW00001
572902,KW00002
572902,KW00013
572895,KW00001
572895,KW00002
572895,KW00048
573136,KW00001
573136,KW00002
573136,KW00019
573322,KW00001
573322,KW00035
573322,KW00002
572889,KW00002
572889,KW00037
572889,KW00042
573139,KW00011
573139,KW00012
573139,KW00002
573140,KW00044
573140,KW00011
573140,KW00002
573321,KW00001
573321,KW00002
573321,KW00019
573326,KW00001
573326,KW00002
573326,KW00019
572893,KW00001
572893,KW00002
572893,KW00041
572885,KW00001
572885,KW00002
572885,KW00013
572892,KW00001
572892,KW00002
572892,KW00040
572886,KW00001
572886,KW00002
572886,KW00013
573324,KW00001
573324,KW00002
573324,KW00003
574387,KW00001
574387,KW00002
574387,KW00013
574379,KW00001
574379,KW00002
574379,KW00013
574384,KW00001
574384,KW00035
574384,KW00002
574933,KW00002
574933,KW00037
574933,KW00038
574931,KW00001
574931,KW00002
574931,KW00034
574934,KW00001
574934,KW00002
574934,KW00013
574953,KW00001
574953,KW00035
574953,KW00002
574952,KW00001
574952,KW00002
574952,KW00019
574984,KW00001
574984,KW00002
574984,KW00003
575097,KW00011
575097,KW00022
575097,KW00002
575098,KW00001
575098,KW00002
575098,KW00003
575099,KW00011
575099,KW00022
575099,KW00002
575100,KW00001
575100,KW00002
575100,KW00013
575144,KW00001
575144,KW00002
575144,KW00034
574389,KW00002
574389,KW00037
574389,KW00038
574930,KW00011
574930,KW00022
574930,KW00002
574954,KW00002
574954,KW00037
574954,KW00038
574979,KW00002
574979,KW00037
574979,KW00038
574980,KW00001
574980,KW00035
574980,KW00002
575140,KW00001
575140,KW00002
575140,KW00013
574982,KW00002
574982,KW00037
574982,KW00038
575137,KW00001
575137,KW00002
575137,KW00019
575142,KW00001
575142,KW00002
575142,KW00003
612234,KW00002
612234,KW00037
612234,KW00038
688263,KW00001
688263,KW00002
688263,KW00034
576629,KW00001
576629,KW00002
576629,KW00019
576726,KW00001
576726,KW00035
576726,KW00002
613204,KW00001
613204,KW00002
613204,KW00060
612887,KW00011
612887,KW00024
612887,KW00002
576763,KW00011
576763,KW00022
576763,KW00002
613848,KW00011
613848,KW00012
613848,KW00002
613776,KW00001
613776,KW00002
613776,KW00060
613847,KW00001
613847,KW00002
613847,KW00034
614025,KW00001
614025,KW00035
614025,KW00002
614028,KW00001
614028,KW00002
614028,KW00032
614022,KW00001
614022,KW00002
614022,KW00034
614031,KW00001
614031,KW00002
614031,KW00010
614026,KW00001
614026,KW00002
614026,KW00032
612241,KW00044
612241,KW00011
612241,KW00002
620366,KW00001
620366,KW00002
620366,KW00013
620367,KW00002
620367,KW00037
620367,KW00038
620397,KW00001
620397,KW00002
620397,KW00034
620400,KW00001
620400,KW00002
620400,KW00009
671355,KW00045
671355,KW00002
671355,KW00037
679722,KW00001
679722,KW00002
679722,KW00019
679723,KW00001
679723,KW00002
679723,KW00013
679735,KW00001
679735,KW00002
679735,KW00013
680298,KW00001
680298,KW00002
680298,KW00034
680301,KW00001
680301,KW00002
680301,KW00013
680300,KW00001
680300,KW00002
680300,KW00034
680299,KW00001
680299,KW00002
680299,KW00034
680309,KW00001
680309,KW00002
680309,KW00013
680313,KW00011
680313,KW00002
680313,KW00059
680306,KW00001
680306,KW00002
680306,KW00034
680312,KW00001
680312,KW00002
680312,KW00003
680405,KW00001
680405,KW00002
680405,KW00034
680408,KW00002
680408,KW00037
680408,KW00038
680402,KW00001
680402,KW00002
680402,KW00003
680404,KW00001
680404,KW00002
680404,KW00009
680403,KW00011
680403,KW00002
680403,KW00059
680401,KW00011
680401,KW00012
680401,KW00002
680666,KW00001
680666,KW00002
680666,KW00013
680669,KW00001
680669,KW00002
680669,KW00034
680665,KW00001
680665,KW00002
680665,KW00034
680282,KW00001
680282,KW00002
680282,KW00013
680287,KW00001
680287,KW00002
680287,KW00013
680280,KW00001
680280,KW00002
680280,KW00013
680286,KW00001
680286,KW00002
680286,KW00034
680316,KW00001
680316,KW00002
680316,KW00036
680322,KW00001
680322,KW00002
680322,KW00013
680320,KW00044
680320,KW00011
680320,KW00002
680672,KW00001
680672,KW00002
680672,KW00034
680675,KW00001
680675,KW00002
680675,KW00013
680671,KW00001
680671,KW00002
680671,KW00019
680674,KW00001
680674,KW00002
680674,KW00034
680681,KW00044
680681,KW00011
680681,KW00002
680684,KW00002
680684,KW00037
680684,KW00038
680683,KW00001
680683,KW00002
680683,KW00034
679720,KW00001
679720,KW00035
679720,KW00002
679717,KW00001
679717,KW00002
679717,KW00003
679719,KW00001
679719,KW00035
679719,KW00002
679718,KW00001
679718,KW00002
679718,KW00036
680297,KW00044
680297,KW00011
680297,KW00002
680292,KW00001
680292,KW00002
680292,KW00009
680296,KW00001
680296,KW00002
680296,KW00034
680294,KW00011
680294,KW00002
680294,KW00059
680295,KW00001
680295,KW00002
680295,KW00003
680293,KW00001
680293,KW00002
680293,KW00013
680400,KW00001
680400,KW00002
680400,KW00013
672644,KW00001
672644,KW00002
672644,KW00003
672643,KW00011
672643,KW00002
672643,KW00059
672645,KW00001
672645,KW00035
672645,KW00002
672647,KW00001
672647,KW00002
672647,KW00034
672641,KW00001
672641,KW00002
672641,KW00013
672648,KW00001
672648,KW00002
672648,KW00036
672639,KW00011
672639,KW00012
672639,KW00002
672642,KW00001
672642,KW00002
672642,KW00034
672628,KW00044
672628,KW00011
672628,KW00002
672627,KW00001
672627,KW00002
672627,KW00019
672631,KW00001
672631,KW00002
672631,KW00013
672635,KW00001
672635,KW00002
672635,KW00013
672629,KW00001
672629,KW00002
672629,KW00034
672634,KW00001
672634,KW00002
672634,KW00013
672636,KW00001
672636,KW00002
672636,KW00003
672630,KW00001
672630,KW00002
672630,KW00013
672637,KW00001
672637,KW00002
672637,KW00034
672633,KW00001
672633,KW00002
672633,KW00019
672632,KW00001
672632,KW00035
672632,KW00002
672655,KW00002
672655,KW00037
672655,KW00038
672657,KW00002
672657,KW00037
672657,KW00038
674055,KW00011
674055,KW00016
674055,KW00002
674056,KW00001
674056,KW00035
674056,KW00002
674060,KW00002
674060,KW00037
674060,KW00038
674061,KW00002
674061,KW00037
674061,KW00038
674059,KW00002
674059,KW00037
674059,KW00038
674062,KW00011
674062,KW00024
674062,KW00002
674660,KW00002
674660,KW00037
674660,KW00061
674659,KW00002
674659,KW00037
674659,KW00038
675179,KW00001
675179,KW00002
675179,KW00013
675176,KW00001
675176,KW00002
675176,KW00036
675189,KW00001
675189,KW00002
675189,KW00034
675192,KW00001
675192,KW00002
675192,KW00036
675191,KW00001
675191,KW00002
675191,KW00013
675197,KW00001
675197,KW00002
675197,KW00013
675190,KW00001
675190,KW00002
675190,KW00034
675195,KW00001
675195,KW00002
675195,KW00019
675194,KW00001
675194,KW00002
675194,KW00003
675193,KW00001
675193,KW00002
675193,KW00009
675196,KW00001
675196,KW00002
675196,KW00019
675222,KW00001
675222,KW00002
675222,KW00013
675223,KW00002
675223,KW00037
675223,KW00042
675224,KW00044
675224,KW00011
675224,KW00002
675219,KW00001
675219,KW00002
675219,KW00034
675225,KW00001
675225,KW00002
675225,KW00034
675221,KW00001
675221,KW00002
675221,KW00034
675220,KW00001
675220,KW00035
675220,KW00002
674080,KW00001
674080,KW00002
674080,KW00013
674076,KW00001
674076,KW00002
674076,KW00019
674077,KW00001
674077,KW00002
674077,KW00036
674075,KW00001
674075,KW00002
674075,KW00034
674394,KW00001
674394,KW00002
674394,KW00003
674646,KW00001
674646,KW00002
674646,KW00013
674647,KW00001
674647,KW00002
674647,KW00019
674649,KW00001
674649,KW00035
674649,KW00002
674648,KW00001
674648,KW00002
674648,KW00013
674650,KW00011
674650,KW00022
674650,KW00002
674642,KW00001
674642,KW00002
674642,KW00019
674641,KW00001
674641,KW00002
674641,KW00034
674643,KW00001
674643,KW00002
674643,KW00019
674644,KW00001
674644,KW00002
674644,KW00019
675184,KW00002
675184,KW00037
675184,KW00062
675186,KW00011
675186,KW00063
675186,KW00002
675185,KW00001
675185,KW00002
675185,KW00013
675182,KW00002
675182,KW00037
675182,KW00038
675187,KW00044
675187,KW00011
675187,KW00002
675188,KW00001
675188,KW00002
675188,KW00003
675183,KW00001
675183,KW00002
675183,KW00013
675181,KW00001
675181,KW00002
675181,KW00010
675180,KW00001
675180,KW00035
675180,KW00002
675214,KW00001
675214,KW00002
675214,KW00003
675213,KW00001
675213,KW00002
675213,KW00034
675209,KW00001
675209,KW00002
675209,KW00013
675218,KW00001
675218,KW00002
675218,KW00030
675212,KW00001
675212,KW00035
675212,KW00002
675211,KW00001
675211,KW00002
675211,KW00013
675217,KW00001
675217,KW00002
675217,KW00034
675210,KW00001
675210,KW00002
675210,KW00036
675208,KW00001
675208,KW00002
675208,KW00003
675207,KW00001
675207,KW00002
675207,KW00019
674064,KW00001
674064,KW00002
674064,KW00019
674063,KW00011
674063,KW00016
674063,KW00002
674070,KW00001
674070,KW00002
674070,KW00013
674069,KW00001
674069,KW00002
674069,KW00013
674065,KW00001
674065,KW00002
674065,KW00036
674067,KW00001
674067,KW00002
674067,KW00013
674072,KW00001
674072,KW00002
674072,KW00013
674071,KW00011
674071,KW00012
674071,KW00002
674099,KW00002
674099,KW00037
674099,KW00038
674103,KW00002
674103,KW00037
674103,KW00038
674400,KW00001
674400,KW00002
674400,KW00034
674403,KW00001
674403,KW00002
674403,KW00003
674395,KW00001
674395,KW00002
674395,KW00034
674411,KW00001
674411,KW00002
674411,KW00013
674412,KW00001
674412,KW00002
674412,KW00019
674406,KW00001
674406,KW00035
674406,KW00002
674640,KW00001
674640,KW00002
674640,KW00013
674637,KW00011
674637,KW00016
674637,KW00002
674638,KW00001
674638,KW00035
674638,KW00002
674639,KW00001
674639,KW00002
674639,KW00003
675200,KW00002
675200,KW00037
675200,KW00038
675203,KW00001
675203,KW00002
675203,KW00034
675206,KW00011
675206,KW00063
675206,KW00002
675205,KW00001
675205,KW00002
675205,KW00013
675201,KW00002
675201,KW00037
675201,KW00042
675202,KW00001
675202,KW00002
675202,KW00019
675204,KW00001
675204,KW00002
675204,KW00009
675199,KW00001
675199,KW00002
675199,KW00034
688274,KW00001
688274,KW00002
688274,KW00036
688271,KW00001
688271,KW00002
688271,KW00034
688269,KW00001
688269,KW00002
688269,KW00034
688267,KW00002
688267,KW00037
688267,KW00038
688261,KW00001
688261,KW00002
688261,KW00019
688268,KW00011
688268,KW00022
688268,KW00002
688266,KW00001
688266,KW00002
688266,KW00019
690538,KW00001
690538,KW00002
690538,KW00019
679721,KW00044
679721,KW00011
679721,KW00002
680305,KW00045
680305,KW00002
680305,KW00037
680311,KW00001
680311,KW00002
680311,KW00013
680307,KW00044
680307,KW00011
680307,KW00002
680310,KW00001
680310,KW00035
680310,KW00002
680285,KW00001
680285,KW00035
680285,KW00002
680288,KW00001
680288,KW00035
680288,KW00002
680319,KW00001
680319,KW00035
680319,KW00002
680315,KW00001
680315,KW00002
680315,KW00003
680321,KW00001
680321,KW00035
680321,KW00002
680679,KW00001
680679,KW00002
680679,KW00003
680676,KW00001
680676,KW00002
680676,KW00036
680673,KW00001
680673,KW00002
680673,KW00019
680682,KW00001
680682,KW00035
680682,KW00002
679300,KW00001
679300,KW00002
679300,KW00010
679716,KW00001
679716,KW00002
679716,KW00034
679713,KW00002
679713,KW00037
679713,KW00038
679715,KW00001
679715,KW00035
679715,KW00002
679714,KW00001
679714,KW00035
679714,KW00002
680290,KW00001
680290,KW00002
680290,KW00019
680291,KW00044
680291,KW00011
680291,KW00002
680289,KW00001
680289,KW00002
680289,KW00013
675216,KW00001
675216,KW00002
675216,KW00019
675198,KW00001
675198,KW00002
675198,KW00034
326962,KW00011
326962,KW00012
326962,KW00002
326970,KW00011
326970,KW00029
326970,KW00002
326976,KW00011
326976,KW00022
326976,KW00002
351262,KW00011
351262,KW00029
351262,KW00002
351263,KW00011
351263,KW00022
351263,KW00002
351268,KW00011
351268,KW00024
351268,KW00002
351271,KW00011
351271,KW00063
351271,KW00002
358402,KW00011
358402,KW00012
358402,KW00002
358403,KW00011
358403,KW00015
358403,KW00002
326963,KW00011
326963,KW00022
326963,KW00002
326972,KW00011
326972,KW00024
326972,KW00002
326975,KW00044
326975,KW00011
326975,KW00002
327003,KW00011
327003,KW00015
327003,KW00002
349673,KW00011
349673,KW00002
349673,KW00025
349825,KW00011
349825,KW00012
349825,KW00002
349829,KW00011
349829,KW00012
349829,KW00002
349830,KW00011
349830,KW00002
349830,KW00064
391327,KW00011
391327,KW00002
391327,KW00065
397172,KW00011
397172,KW00002
397172,KW00025
397174,KW00011
397174,KW00002
397174,KW00025
397177,KW00011
397177,KW00022
397177,KW00002
396293,KW00011
396293,KW00022
396293,KW00002
396294,KW00011
396294,KW00016
396294,KW00002
396295,KW00011
396295,KW00002
396295,KW00066
396295,KW00025
396297,KW00011
396297,KW00022
396297,KW00002
396298,KW00067
396298,KW00028
396298,KW00068
397175,KW00011
397175,KW00012
397175,KW00002
397176,KW00011
397176,KW00024
397176,KW00002
508455,KW00011
508455,KW00012
508455,KW00002
508456,KW00011
508456,KW00002
508456,KW00025
508458,KW00011
508458,KW00022
508458,KW00002
508461,KW00011
508461,KW00022
508461,KW00002
508464,KW00011
508464,KW00022
508464,KW00002
508465,KW00011
508465,KW00016
508465,KW00002
510262,KW00011
510262,KW00024
510262,KW00002
510263,KW00044
510263,KW00011
510263,KW00002
511525,KW00011
511525,KW00012
511525,KW00002
511526,KW00011
511526,KW00016
511526,KW00002
511961,KW00011
511961,KW00002
511961,KW00064
593537,KW00011
593537,KW00024
593537,KW00002
593540,KW00011
593540,KW00012
593540,KW00002
593533,KW00011
593533,KW00016
593533,KW00002
593533,KW00069
593534,KW00011
593534,KW00016
593534,KW00002
593535,KW00011
593535,KW00022
593535,KW00002
593536,KW00070
593536,KW00071
593536,KW00011
593536,KW00012
593536,KW00002
593536,KW00072
593536,KW00073
593539,KW00011
593539,KW00024
593539,KW00002
595169,KW00074
595169,KW00028
595169,KW00068
595922,KW00011
595922,KW00012
595922,KW00002
595923,KW00011
595923,KW00024
595923,KW00075
595923,KW00002
595924,KW00007
595924,KW00076
595924,KW00006
595924,KW00077
690390,KW00011
690390,KW00024
690390,KW00078
690390,KW00079
690390,KW00002
690390,KW00080
690390,KW00081
690390,KW00082
690390,KW00083
690390,KW00084
690391,KW00085
690391,KW00086
690391,KW00087
690391,KW00011
690391,KW00002
690391,KW00088
690391,KW00089
690391,KW00090
690391,KW00025
690391,KW00091
690395,KW00092
690395,KW00093
690395,KW00011
690395,KW00094
690395,KW00002
690395,KW00095
690395,KW00096
690395,KW00025
690395,KW00097
690396,KW00011
690396,KW00024
690396,KW00098
690396,KW00002
690396,KW00099
690396,KW00100
690396,KW00101
690396,KW00102
690396,KW00103
690397,KW00011
690397,KW00012
690397,KW00002
690397,KW00104
690398,KW00105
690398,KW00011
690398,KW00016
690398,KW00002
690398,KW00106
690398,KW00107
690398,KW00108
690398,KW00109
690400,KW00011
690400,KW00002
690400,KW00110
690400,KW00111
690400,KW00112
690400,KW00025
690400,KW00113
690401,KW00114
690401,KW00115
690401,KW00116
690401,KW00117
690401,KW00118
690401,KW00119
690401,KW00120
690401,KW00121
690401,KW00122
690401,KW00123
690401,KW00124
690401,KW00125
690401,KW00011
690401,KW00016
690401,KW00002
691835,KW00126
691835,KW00127
691835,KW00011
691835,KW00022
691835,KW00128
691835,KW00129
691835,KW00002
691835,KW00130
691835,KW00131
691837,KW00132
691837,KW00133
691837,KW00027
691837,KW00134
691837,KW00135
691837,KW00136
691837,KW00137
691837,KW00028
691837,KW00138
691837,KW00139
691839,KW00011
691839,KW00012
691839,KW00002
691839,KW00140
691839,KW00141
691839,KW00142
691839,KW00143
691839,KW00144
691839,KW00145
691839,KW00146
691840,KW00147
691840,KW00148
691840,KW00149
691840,KW00011
691840,KW00002
691840,KW00150
691840,KW00151
691840,KW00152
691840,KW00153
691840,KW00025
691844,KW00154
691844,KW00011
691844,KW00022
691844,KW00155
691844,KW00156
691844,KW00002
691844,KW00157
691844,KW00158
691844,KW00159
691844,KW00160
691845,KW00161
691845,KW00011
691845,KW00012
691845,KW00162
691845,KW00002
691845,KW00163
691845,KW00164
691845,KW00165
691845,KW00166
691845,KW00167
691846,KW00011
691846,KW00168
691846,KW00002
691846,KW00169
691846,KW00170
691846,KW00171
691846,KW00172
691846,KW00173
691846,KW00174
691846,KW00025
461878,KW00011
461878,KW00012
461878,KW00002
462295,KW00001
462295,KW00002
462295,KW00009
462304,KW00011
462304,KW00012
462304,KW00002
462313,KW00001
462313,KW00002
462313,KW00013
462318,KW00001
462318,KW00002
462318,KW00019
516320,KW00011
516320,KW00015
516320,KW00002
516379,KW00011
516379,KW00012
516379,KW00002
461634,KW00001
461634,KW00002
461634,KW00019
461943,KW00011
461943,KW00012
461943,KW00002
461976,KW00001
461976,KW00002
461976,KW00013
462110,KW00001
462110,KW00002
462110,KW00013
462141,KW00001
462141,KW00002
462141,KW00013
462225,KW00001
462225,KW00002
462225,KW00013
462231,KW00001
462231,KW00002
462231,KW00003
462233,KW00001
462233,KW00002
462233,KW00003
462236,KW00001
462236,KW00002
462236,KW00003
462258,KW00011
462258,KW00012
462258,KW00002
462274,KW00001
462274,KW00002
462274,KW00013
462287,KW00001
462287,KW00002
462287,KW00013
462417,KW00007
462417,KW00006
462536,KW00001
462536,KW00002
462536,KW00010
516321,KW00011
516321,KW00012
516321,KW00002
516383,KW00011
516383,KW00012
516383,KW00002
516386,KW00011
516386,KW00012
516386,KW00002
529088,KW00007
529088,KW00006
461719,KW00001
461719,KW00002
461719,KW00019
461904,KW00011
461904,KW00012
461904,KW00002
462027,KW00044
462027,KW00011
462027,KW00002
462041,KW00001
462041,KW00002
462041,KW00013
462178,KW00001
462178,KW00002
462178,KW00013
462226,KW00001
462226,KW00002
462226,KW00013
462241,KW00001
462241,KW00002
462241,KW00003
462266,KW00001
462266,KW00002
462266,KW00010
462267,KW00044
462267,KW00011
462267,KW00002
462268,KW00011
462268,KW00012
462268,KW00002
462280,KW00011
462280,KW00012
462280,KW00002
462288,KW00001
462288,KW00002
462288,KW00010
462332,KW00001
462332,KW00002
462332,KW00013
462334,KW00001
462334,KW00002
462334,KW00013
462371,KW00001
462371,KW00002
462371,KW00010
462390,KW00001
462390,KW00002
462390,KW00010
462443,KW00001
462443,KW00002
462443,KW00013
462445,KW00001
462445,KW00002
462445,KW00013
462451,KW00011
462451,KW00022
462451,KW00002
462537,KW00001
462537,KW00002
462537,KW00010
462538,KW00001
462538,KW00002
462538,KW00010
462541,KW00001
462541,KW00002
462541,KW00010
516375,KW00011
516375,KW00012
516375,KW00002
516381,KW00011
516381,KW00012
516381,KW00002
461788,KW00011
461788,KW00012
461788,KW00002
461811,KW00011
461811,KW00012
461811,KW00002
461914,KW00011
461914,KW00022
461914,KW00002
461934,KW00011
461934,KW00022
461934,KW00002
461946,KW00011
461946,KW00002
461946,KW00064
461967,KW00011
461967,KW00022
461967,KW00002
461970,KW00001
461970,KW00002
461970,KW00013
462057,KW00011
462057,KW00012
462057,KW00002
462123,KW00001
462123,KW00002
462123,KW00013
462152,KW00001
462152,KW00002
462152,KW00013
462153,KW00011
462153,KW00012
462153,KW00002
462173,KW00001
462173,KW00002
462173,KW00013
462221,KW00001
462221,KW00002
462221,KW00013
462223,KW00001
462223,KW00002
462223,KW00010
462227,KW00001
462227,KW00002
462227,KW00003
462230,KW00001
462230,KW00002
462230,KW00013
462234,KW00001
462234,KW00002
462234,KW00010
462240,KW00001
462240,KW00002
462240,KW00003
462257,KW00001
462257,KW00002
462257,KW00010
462263,KW00001
462263,KW00002
462263,KW00013
462269,KW00001
462269,KW00002
462269,KW00013
462282,KW00001
462282,KW00002
462282,KW00013
462286,KW00011
462286,KW00002
462286,KW00064
462292,KW00001
462292,KW00002
462292,KW00013
462293,KW00011
462293,KW00012
462293,KW00002
462294,KW00011
462294,KW00012
462294,KW00002
462296,KW00011
462296,KW00022
462296,KW00002
462298,KW00001
462298,KW00002
462298,KW00009
462311,KW00001
462311,KW00002
462311,KW00019
462316,KW00011
462316,KW00022
462316,KW00002
462331,KW00011
462331,KW00012
462331,KW00002
462360,KW00001
462360,KW00002
462360,KW00010
462368,KW00011
462368,KW00022
462368,KW00002
462391,KW00001
462391,KW00002
462391,KW00010
462423,KW00007
462423,KW00006
462441,KW00007
462441,KW00006
462453,KW00007
462453,KW00006
462539,KW00001
462539,KW00002
462539,KW00010
462547,KW00001
462547,KW00002
462547,KW00010
529086,KW00007
529086,KW00006
529087,KW00007
529087,KW00006
529090,KW00007
529090,KW00006
515977,KW00001
515977,KW00002
515977,KW00019
515979,KW00001
515979,KW00002
515979,KW00019
515980,KW00011
515980,KW00016
515980,KW00002
515982,KW00001
515982,KW00002
515982,KW00019
515987,KW00011
515987,KW00012
515987,KW00002
515995,KW00001
515995,KW00002
515995,KW00009
515996,KW00011
515996,KW00012
515996,KW00002
516006,KW00001
516006,KW00002
516006,KW00030
516171,KW00011
516171,KW00175
516171,KW00002
516173,KW00011
516173,KW00002
516173,KW00176
516174,KW00011
516174,KW00002
516174,KW00177
516176,KW00178
516176,KW00011
516176,KW00002
516259,KW00011
516259,KW00012
516259,KW00002
516260,KW00001
516260,KW00002
516260,KW00013
516323,KW00001
516323,KW00002
516323,KW00010
516376,KW00179
516376,KW00180
516376,KW00181
516377,KW00001
516377,KW00002
516377,KW00013
516378,KW00001
516378,KW00002
516378,KW00013
516380,KW00001
516380,KW00002
516380,KW00013
516382,KW00179
516382,KW00180
516382,KW00181
516387,KW00001
516387,KW00002
516387,KW00013
516625,KW00001
516625,KW00002
516625,KW00030
517398,KW00001
517398,KW00002
517398,KW00013
525854,KW00001
525854,KW00002
525854,KW00013
529081,KW00011
529081,KW00012
529081,KW00002
529082,KW00001
529082,KW00002
529082,KW00013
529084,KW00001
529084,KW00002
529084,KW00019
529085,KW00011
529085,KW00012
529085,KW00002
529092,KW00006
529092,KW00017
529092,KW00182
598157,KW00001
598157,KW00002
598157,KW00010
598158,KW00001
598158,KW00002
598158,KW00010
598164,KW00011
598164,KW00012
598164,KW00002
598165,KW00011
598165,KW00012
598165,KW00002
598166,KW00011
598166,KW00012
598166,KW00002
598171,KW00001
598171,KW00002
598171,KW00013
598346,KW00001
598346,KW00002
598346,KW00013
598757,KW00001
598757,KW00002
598757,KW00013
598758,KW00001
598758,KW00002
598758,KW00013
597725,KW00001
597725,KW00002
597725,KW00036
597727,KW00001
597727,KW00002
597727,KW00036
597735,KW00001
597735,KW00002
597735,KW00036
597736,KW00001
597736,KW00002
597736,KW00019
597788,KW00011
597788,KW00012
597788,KW00002
597789,KW00001
597789,KW00002
597789,KW00036
597790,KW00011
597790,KW00012
597790,KW00002
597791,KW00002
597791,KW00037
597791,KW00046
598159,KW00011
598159,KW00012
598159,KW00002
598160,KW00011
598160,KW00012
598160,KW00002
598161,KW00011
598161,KW00012
598161,KW00002
598162,KW00011
598162,KW00012
598162,KW00002
598163,KW00011
598163,KW00012
598163,KW00002
598167,KW00011
598167,KW00012
598167,KW00002
598168,KW00001
598168,KW00002
598168,KW00009
598172,KW00011
598172,KW00012
598172,KW00002
598640,KW00001
598640,KW00002
598640,KW00013
599440,KW00001
599440,KW00002
599440,KW00013
622253,KW00002
622253,KW00037
622253,KW00039
629399,KW00001
629399,KW00002
629399,KW00013
304762,KW00183
304762,KW00184
304762,KW00180
352190,KW00185
352190,KW00179
352190,KW00180
428079,KW00180
428079,KW00186
428079,KW00187
304485,KW00001
304485,KW00002
304485,KW00003
625260,KW00001
625260,KW00002
625260,KW00003
288912,KW00011
288912,KW00012
288912,KW00002
353064,KW00011
353064,KW00015
353064,KW00002
502429,KW00011
502429,KW00024
502429,KW00002
502836,KW00011
502836,KW00015
502836,KW00002
546661,KW00011
546661,KW00015
546661,KW00002
556271,KW00011
556271,KW00015
556271,KW00002
619518,KW00011
619518,KW00012
619518,KW00002
625258,KW00011
625258,KW00024
625258,KW00002
628436,KW00011
628436,KW00015
628436,KW00002
681838,KW00011
681838,KW00012
681838,KW00002
449547,KW00001
449547,KW00002
449547,KW00013
449548,KW00001
449548,KW00002
449548,KW00013
472280,KW00001
472280,KW00002
472280,KW00013
502425,KW00001
502425,KW00002
502425,KW00013
502835,KW00001
502835,KW00002
502835,KW00013
546660,KW00001
546660,KW00002
546660,KW00013
556270,KW00001
556270,KW00002
556270,KW00013
610588,KW00001
610588,KW00002
610588,KW00013
619519,KW00001
619519,KW00002
619519,KW00013
625259,KW00001
625259,KW00002
625259,KW00013
629261,KW00001
629261,KW00002
629261,KW00013
681837,KW00001
681837,KW00002
681837,KW00013
352198,KW00045
352198,KW00002
352198,KW00037
352206,KW00045
352206,KW00002
352206,KW00037
352208,KW00002
352208,KW00037
352208,KW00042
449546,KW00001
449546,KW00002
449546,KW00019
618584,KW00001
618584,KW00002
618584,KW00019
686841,KW00001
686841,KW00002
686841,KW00019
686840,KW00027
686840,KW00033
686840,KW00028
686842,KW00027
686842,KW00033
686842,KW00028
502433,KW00188
502433,KW00189
502433,KW00190
553959,KW00188
553959,KW00189
553959,KW00190
573381,KW00007
573381,KW00006
611967,KW00004
611967,KW00005
611967,KW00006
619053,KW00007
619053,KW00006
619520,KW00188
619520,KW00189
619520,KW00190
625257,KW00007
625257,KW00006
628435,KW00007
628435,KW00006
629056,KW00007
629056,KW00008
629056,KW00006
681839,KW00188
681839,KW00189
681839,KW00190
681840,KW00188
681840,KW00189
681840,KW00190
722041,KW00188
722041,KW00189
722041,KW00190
