topic_id,total_docs,recent_docs,growth_percent,trend_score,Topic,Count,Name,Representation,Representative_Docs,trend_category
76,64,31,212.5,887.0572948528228,76,64,76_iot_intrusion_threat_botnet,"['iot', 'intrusion', 'threat', 'botnet', 'attack', 'anomaly', 'detection', 'attacks', 'deep', 'enterprise']","['real time iot intrusion detection lightweight graph neural network approach', 'network intrusion detection iot botnet attacks ml algorithms', 'ai iot base intrusion detection system enhanced smart home security']",Emerging
46,84,17,180.0,799.677226168257,46,84,46_spectrum_cognitive_radio_sensing,"['spectrum', 'cognitive', 'radio', 'sensing', 'sense', 'cooperative', 'radios', 'noise', 'archana', 'generalized']","['asymptotic analysis generalized energy base spectrum sensing cognitive radio', 'performance analysis ml techniques spectrum sensing cognitive radio', 'approach advanced spectrum sensing cognitive radio networks']",Emerging
64,70,31,166.66666666666669,710.4466461735526,64,70,64_intrusion_cyber_threat_attack,"['intrusion', 'cyber', 'threat', 'attack', 'day', 'honeypot', 'prevention', 'detection', 'q3', 'sql']","['hybrid machine learning based intrusion detection zero day attack prevention digital education networks international information engineering technology association scopus q3', 'hybrid machine learning based intrusion detection zero day attack prevention digital education networks', 'intrusion detection system machine learning']",Emerging
84,59,15,140.0,573.208238711094,84,59,84_titanium_deformation_aluminide_texture,"['titanium', 'deformation', 'aluminide', 'texture', 'hot', 'recrystallization', 'commercially', 'ti45al5', 'pure', 'alloy']","['hot deformation response titanium aluminide ti–45al-(5 10)nb-0.2b-0.2c pre condition microstructure', 'development recrystallization texture commercially pure titanium experiment simulation', 'influence temperature strain rate microstructural evolution hot compression ti-45al xnb-0.2c-0.2b titanium aluminide alloy']",Emerging
35,107,23,112.5,526.7397630514747,35,93,35_superconductor_superconductivity_superconducte_skyrmion,"['superconductor', 'superconductivity', 'superconducte', 'skyrmion', 'majorana', 'supercoole', 'superfluid', 'lattice', 'honeycomb', 'vortex']","['emergent wave superconductivity dual topological insulator bise superconducte proximity effect', 'novel emergent phase dimensional superconductor', 'sn0.06cr3te4 skyrmion superconductor']",Emerging
63,70,17,116.66666666666667,497.31265232148684,63,70,63_soil_lime_clay_soils,"['soil', 'lime', 'clay', 'soils', 'moisture', 'marine', 'kaolinitic', 'unsaturated', 'cochin', 'contaminated']","['experimental investigation bio modify soil', 'soil', 'value soil temperature datum versus soil moisture datum state parameter flux estimation unsaturated flow model']",Emerging
96,54,13,100.0,400.73331852324714,96,54,96_radar_fmcw_doppler_target,"['radar', 'fmcw', 'doppler', 'target', 'mmwave', 'sidelobe', 'targets', 'spoofing', 'range', 'signal']","['target classification mmwave fmcw radar machine learning range angle images', 'uav micro doppler signature analysis fmcw radar', 'extraction analysis micro doppler signature fmcw radar']",Emerging
49,80,26,80.0,351.55593237379514,49,81,49_electricity_demand_grid_smart,"['electricity', 'demand', 'grid', 'smart', 'grids', 'metering', 'meter', 'renewable', 'management', 'forecasting']","['effectiveness demand response achieve supply demand matching renewable dominate electricity system modelling approach', 'demand management smart electricity grid review', 'hybrid reinforcement learning framework multi objective demand response optimization smart grids']",Emerging
75,64,14,66.66666666666666,278.2924846597091,75,64,75_entropy_alloy_refractory_high,"['entropy', 'alloy', 'refractory', 'high', 'equiatomic', 'cocrfemnni', 'eutectic', 'bcc', 'deformation', 'crmnfeconi']","['alloy design phase selection rule high entropy alloy', 'high strain rate deformation behavior al0.65cocrfe2ni dual phase high entropy alloy', 'high entropy alloy coating']",Emerging
27,132,57,45.83333333333333,224.1410017101637,27,111,27_supercapacitor_electrode_asymmetric_supercapacitors,"['supercapacitor', 'electrode', 'asymmetric', 'supercapacitors', 'electrochemical', 'fe', 'foam', 'mn', 'electrodes', 'micro']","['material supercapacitor', 'hybrid supercapacitor', 'supercapacitor']",Emerging
42,87,48,50.0,223.86684072391034,42,87,42_quantum_post_cryptography_classical,"['quantum', 'post', 'cryptography', 'classical', 'qiskit', 'cryptographic', 'key', 'secure', 'pqc', 'rebalancing']","['quantum enable discrete distribution sampling post quantum lattice base cryptography', 'optimal parameter prediction secure quantum key distribution quantum machine learning models', 'quantum resilient cryptography survey classical quantum algorithms']",Emerging
62,71,33,50.0,213.83330595080275,62,71,62_bridge_converter_active_dc,"['bridge', 'converter', 'active', 'dc', 'isolated', 'ac', 'stage', 'pfc', 'triple', 'zvs']","['dynamic modeling control dual active- bridge dc dc converter triple phase shift modulation', 'optimal design dual active bridge dc dc converter', 'optimal design dual active bridge base single stage dc ac converter']",Emerging
74,65,18,50.0,209.48273710132125,74,65,74_mems_piezoelectric_diaphragm_transducer,"['mems', 'piezoelectric', 'diaphragm', 'transducer', 'piezoresistive', 'resonator', 'acoustic', 'ultrasound', 'piezo', 'resonators']","['impact diaphragm structure linearity temperature sensitivity low pressure piezo resistive mems pressure sensor', 'performance analysis optical mems base pressure sensor ring resonators structure circular diaphragm', 'ultrasensitive pressure sensor base integrated circular piezoelectric mems resonator diaphragm structure']",Emerging
82,58,28,50.0,203.87687219528598,82,59,82_disease_leaf_plant_rice,"['disease', 'leaf', 'plant', 'rice', 'q1', 'bigru', 'crop', 'medicinal', 'cnn', '15']","['study leaf disease deep learning', 'plant disease detection deep learning', 'deep learning base plant disease detection']",Emerging
90,56,20,44.44444444444444,179.69116745931333,90,56,90_object_camouflage_pedestrian_hog,"['object', 'camouflage', 'pedestrian', 'hog', 'detection', 'yolov8', 'ltp', 'yolov5', 'yolov4', 'yolov7']","['camouflage object detection machine vision application', 'hybrid technique object recognition', 'deep learning techniques real time object detection classification']",Emerging
18,168,52,34.78260869565217,178.4312596494982,18,126,18_droplet_sessile_evaporation_drop,"['droplet', 'sessile', 'evaporation', 'drop', 'breakup', 'superhydrophobic', 'droplets', 'coalescence', 'evaporate', 'atomization']","['laser pulse droplet interaction enable deformation fragmentation droplet array', 'universal evaporation dynamic order array sessile droplet', 'insight bubble droplet interaction high viscoelastic evaporate polymer droplet']",Emerging
13,199,47,33.33333333333333,176.6105788849345,13,134,13_speech_speaker_articulatory_voice,"['speech', 'speaker', 'articulatory', 'voice', 'end', 'acoustic', 'recognition', 'diarization', 'audio', 'whispered']","['signal speech', 'speech recognition system deep neural network', 'performance analysis speech speaker recognition system different optimization strategy']",Emerging
36,106,45,35.0,163.54900920616672,36,93,36_charging_electric_vehicle_station,"['charging', 'electric', 'vehicle', 'station', 'ev', 'charge', 'charger', 'vehicles', 'battery', 'wireless']","['smart charging station electric vehicles solar power', 'intelligent charging system electric vehicle battery', 'implementation smart electric vehicle charging station driven experimental investigation']",Emerging
56,74,33,33.33333333333333,143.91627045121032,56,74,56_perovskite_cells_solar_cell,"['perovskite', 'cells', 'solar', 'cell', 'niox', 'passivation', 'layer', 'tin', 'transport', 'tandem']","['effect ionic liquid 2d-3d lead base perovskite solar cells', 'role electrode perovskite solar cell performance review', 'mixed‐dimensional 2d–3d perovskite solar cells']",Emerging
65,68,21,30.0,127.0231951379178,65,69,65_magnetic_nanorobot_nanomotor_helical,"['magnetic', 'nanorobot', 'nanomotor', 'helical', 'nanobot', 'electromagnet', 'actuation', 'manipulation', 'nanobots', 'actuator']","['independent actuation ferrobot plane grid electromagnet', 'evidence successful manipulation magnetic nanorobot inside hard tumor live animal', 'actuation ferrobot plane independent swarm motion grid electromagnet']",Stable
105,51,21,30.0,118.53731155744282,105,51,105_photodynamic_therapy_bodipy_red,"['photodynamic', 'therapy', 'bodipy', 'red', 'complex', 'curcumin', 'dipyrromethene', 'light', 'pdt', 'mitochondria']","['cobalt(iii dibromo bodipy-8 hydroxyquinolinate mitochondria target red light photodynamic therapy', 'cobalt(iii dibromo bodipy-8 hydroxyquinolinate mitochondria target red light photodynamic therapy', 'platinum(ii boron‐dipyrromethene complex cellular imaging mitochondria‐targete photodynamic therapy red light']",Stable
57,74,23,27.27272727272727,117.74967582371754,57,74,57_phosphor_photoluminescence_luminescence_nanophosphor,"['phosphor', 'photoluminescence', 'luminescence', 'nanophosphor', 'eu3', 'display', 'judd', 'ofelt', 'led', 'white']","['tb3+/eu3 co dope nala(moo4)2 phosphor photoluminescence optical thermometry study solid state lighting sensor application', 'enhanced photoluminescence decay study li co dope laalo3 ce3 phosphor display application', 'effect photoluminescence property li+ ca2 bi3 ion co dope srmoo4 eu3 phosphor judd ofelt analysis solid state lighting application']",Stable
68,68,32,26.666666666666668,112.90950678926026,68,68,68_fluorescence_emitter_oled_delay,"['fluorescence', 'emitter', 'oled', 'delay', 'thermally', 'activate', 'emit', 'phosphorescence', 'tadf', 'diode']","['mechanical bond tune performance thermally activate delay fluorescence emitter', 'ultrathin non dope thermally activate delay fluorescence emit layer highly efficient oled', 'multifunctional thermally activate delay fluorescence emitter dope non dope organic light emit diode']",Stable
72,59,16,25.0,102.35861405555251,72,67,72_convection_porous_saturate_vertical,"['convection', 'porous', 'saturate', 'vertical', 'fluid', 'thermosolutal', 'layer', 'throughflow', 'anisotropic', 'oldroyd']","['convection heat transfer porous medium saturate oldroyd fluid review', 'impact thermal non equilibrium stability natural convection oldroyd fluid saturate vertical porous layer internal heat source', 'weakly nonlinear stability thermosolutal convection oldroyd fluid saturate anisotropic porous layer local thermal nonequilibrium model']",Stable
37,104,29,21.428571428571427,99.72772178908977,37,92,37_face_facial_mask_attendance,"['face', 'facial', 'mask', 'attendance', 'recognition', 'distancing', 'gender', 'lbph', 'locally', 'social']","['fpga implementation face recognition system', 'real time face mask detection cnn', 'face recognition attendance system']",Stable
61,71,18,22.22222222222222,95.03702486702345,61,71,61_rotor_bearing_bearings_brake,"['rotor', 'bearing', 'bearings', 'brake', 'gear', 'vibration', 'xlrotor', 'tires', 'spokes', 'tadpole']","['analysis jeffcott rotor rotor disk xlrotor', 'dynamic analysis multi disc flexible rotor bearing system isotropic stiffness vary geometric parameters', 'dynamic analysis single disc flexible rotor bearing system isotropic stiffness vary geometric parameters']",Stable
23,149,59,17.857142857142858,89.47563025171885,23,117,23_adder_multiplier_multipli_float,"['adder', 'multiplier', 'multipli', 'float', 'adders', 'approximate', 'karatsuba', 'point', 'multipliers', 'floating']","['implementation 32 bit complex float point multiplier vedic multiplier array multiplier combined integer float point multipli cifm', 'implementation floating point unit base booth multiplier compressor adder', 'design implementation array multiplier bit accurate approximate adder']",Stable
22,153,35,17.647058823529413,88.88739886612288,22,117,22_gan_algan_hemt_buffer,"['gan', 'algan', 'hemt', 'buffer', 'breakdown', 'gate', 'schottky', 'electron', 'diode', 'aln']","['algan gan hemt silicon grade algan barrier rf applications', 'physical insights electron trap mechanism carbon dope gan buffer algan gan hemt impact dynamic resistance', 'engineering transition layer algan gan hemt si high voltage application']",Stable
102,52,18,22.22222222222222,88.22870919004716,102,52,102_supercritical_co2_brayton_dioxide,"['supercritical', 'co2', 'brayton', 'dioxide', 'inward', 'cycle', 'radial', 'turbomachinery', 'sco2', 'cycles']","['novel supercritical carbon dioxide cycle waste recovery application', 'brayton cycle supercritical co2 power block industrial waste heat recovery', 'control strategies supercritical carbon dioxide brayton cycles']",Stable
14,188,63,16.666666666666664,87.36245025099403,14,129,14_equation_problem_galerkin_problems,"['equation', 'problem', 'galerkin', 'problems', 'homogenization', 'differential', 'parabolic', 'equations', 'elliptic', 'discontinuous']","['new approach solve elliptic obstacle problem discontinuous galerkin method', 'finite element analysis constrained dirichlet boundary control problem govern linear parabolic equation', 'high order approximation fractional order integro parabolic partial differential equation adaptive mesh error analysis']",Stable
69,68,20,20.0,84.6821300919452,69,68,69_dopamine_electrochemical_glucose_electrode,"['dopamine', 'electrochemical', 'glucose', 'electrode', 'catechol', 'paste', 'modify', 'enzymatic', 'paracetamol', 'laccase']","['electrochemical detection catechol biochar copper oxide nanoparticle layer carbon paste electrode', 'study efficacy modify electrode carbon graphene base quantum dot dopamine detection', 'reliable electrochemical sensor detection catechol hydroquinone mgo modify carbon paste electrode']",Stable
48,82,22,18.181818181818183,80.34255650539271,48,82,48_photodetector_dot_photodetection_uv,"['photodetector', 'dot', 'photodetection', 'uv', 'quantum', 'visible', 'photodetectors', 'photoresponse', 'colloidal', 'sns']","['fabrication snse nanostructure visible light photodetector', 'ch3nh3pbbr3 quantum dot visible wavelength photodetector application', 'enhanced photodetection performance silver dope tin sulﬁde photodetector visible light photodetection']",Stable
60,73,11,16.666666666666664,71.73441822006949,60,73,60_convective_mhd_heat_transfer,"['convective', 'mhd', 'heat', 'transfer', 'casson', 'fluid', 'convection', 'flow', 'vertical', 'soret']","['soret dufour effect mhd double diffusive mixed convective heat mass transfer couple stress fluid channel form electrically conduct non conduct wall', 'numerical study thermal diffusion diffusion thermo effect mixed convective flow mass transfer presence mhd accelerate surface', 'mhd mixed convective boundary layer flow grade fluid vertical stretching sheet']",Stable
17,166,47,13.043478260869565,66.7564410315229,17,126,17_nanofluid_stretching_flow_heat,"['nanofluid', 'stretching', 'flow', 'heat', 'convective', 'mhd', 'nanofluids', 'transfer', 'porous', 'gyrotactic']","['unsteady thin film flow heat transfer fe nanofluid inclined stretching sheet porous medium', 'nanofluid boundary layer flow stretching body presence porous medium', 'shape effect nanoparticle mhd nanofluid flow stretching sheet presence heat source sink entropy generation']",Stable
99,53,24,16.666666666666664,66.4830674427379,99,53,99_accelerator_fpga_accelerators_edge,"['accelerator', 'fpga', 'accelerators', 'edge', 'dnn', 'hardware', 'inference', 'neural', 'convolutional', 'architecture']","['fpga base hardware accelerator training implicit neural representations edge device', 'flexible fpga accelerator convolutional neural network', 'hardware accelerator edge detection']",Stable
109,50,24,16.666666666666664,65.53042721207208,109,50,109_captioning_story_caption_scene,"['captioning', 'story', 'caption', 'scene', 'dysgraphia', 'image', 'narrative', 'generation', 'text', 'damian']","['image captioning convolutional neural networks recurrent neural network', 'text base image retrieval captioning', 'analysis image captioning model different image feature extraction network']",Stable
52,60,13,14.285714285714285,58.72676948819016,52,76,52_international_journal_engineering_computer,"['international', 'journal', 'engineering', 'computer', 'issn', 'research', '2320', 'science', 'issue', 'electronics']","['international journal engineering research technology ijert issn 2278 0181 ijertv12is060029 work license creative commons attribution 4.0 international license publish vol 12 issue 06 june-2023 authors preetham prithvi', 'international journal engineering research technology ijert issn 2278 0181 ijertv8is060700 work license creative commons attribution 4.0 international license publish vol issue 06 june-2019 authors nalini sush', 'international journal advanced research computer communication engineering vol issue march 2019']",Stable
16,179,66,6.0606060606060606,31.472465762970973,16,128,16_thermoelectric_cu_te_bi2te3,"['thermoelectric', 'cu', 'te', 'bi2te3', 'tetrahedrite', 'ultralow', 'thermal', 'conductivity', 'sb', 'materials']","['investigation thermoelectric property lafe0.1co0.9o3 compound', 'mechanical thermoelectric properties eutectic composite bi sb)2te3 te thermoelectric material', 'recent advance design thermoelectric material']",Stable
55,72,27,7.142857142857142,30.646138865345648,55,74,55_brain_tumor_mri_segmentation,"['brain', 'tumor', 'mri', 'segmentation', 'tumour', 'ct', 'image', 'medical', 'net', 'intervertebral']","['deep learning based brain tumor detection mri images transfer learning', 'survey brain tumor detection mri image deep learning techniques', 'deep learning based brain tumor detection mri image transfer learning']",Stable
15,184,53,3.7037037037037033,19.334651203993793,15,129,15_graphene_bilayer_twisted_heterostructure,"['graphene', 'bilayer', 'twisted', 'heterostructure', 'magic', 'hbn', 'mos2', 'heterostructures', 'angle', 'noise']","['phonon linewidth twisted bilayer graphene near magic angle', 'low frequency resistance noise near magic angle twisted bilayer graphene', 'anomaly raman mode twisted bilayer graphene near magic angle']",Stable
73,64,18,0.0,0.0,73,65,73_guidance_landing_quadrotor_sight,"['guidance', 'landing', 'quadrotor', 'sight', 'law', 'mpsp', 'target', 'angle', 'constrained', 'bifurcation']","['multi phase mpsp guidance lunar soft landing', 'bézier curve base guidance autonomous landing quadrotor', 'approach landing guidance constrained model predictive static programming']",Stable
53,70,24,0.0,0.0,53,75,53_biometric_fingerprint_iris_authentication,"['biometric', 'fingerprint', 'iris', 'authentication', 'multimodal', 'scopus', 'q3', 'sci', 'cancelable', 'biometrics']","['artificial neural network approach multimodal biometric authentication system', 'multimodal biometric identification system fusion fingerprint iris recognition cnn approach international journal engineering applied sciences technology', 'analysis fingerprint biometric authentication cnn']",Stable
24,150,52,0.0,0.0,24,114,24_05_ferroelectric_ceramic_piezoelectric,"['05', 'ferroelectric', 'ceramic', 'piezoelectric', 'morphotropic', 'piezoceramic', 'na05bi05tio3', 'lead', 'na', 'bi']","['nature morphotropic phase boundary lead free piezoelectric system bi nb ti mg zn', 'random lattice strain relaxation morphotropic phase boundary 0.5 0.5 ti -base piezoelectric impact structural ferroelectric property', 'structural insight electric field induce polarization strain response 0.5 na 0.5 nb modify morphotropic phase boundary composition na 0.5 bi 0.5 ti -base lead free piezoelectric']",Stable
79,62,20,0.0,0.0,79,62,79_magnesium_texture_al_alloy,"['magnesium', 'texture', 'al', 'alloy', 'mg', 'microstructure', 'rolling', 'zr', 'sc', 'aa2195']","['influence cold rolling thermal treatment microstructure texture evolution tensile behaviour high strength al co sc zr alloy', 'influence cold rolling thermal treatment microstructure texture evolution tensile behaviour high strength al co sc zr alloy', 'texture transition al mg alloy effect magnesium']",Stable
43,87,22,0.0,0.0,43,87,43_shielding_emi_electromagnetic_interference,"['shielding', 'emi', 'electromagnetic', 'interference', 'shield', 'polymer', 'nanocomposite', 'nanocomposites', 'ferrite', 'pani']","['lightweight epoxy base composites emi shielding applications', 'pani molybdate nanocomposite structural morphological dielectric property effective electromagnetic interference emi shielding application band', 'ag polyaniline al₂o₃ ternary nanocomposite enhanced electrical conductivity emi shielding performance']",Stable
12,202,50,0.0,0.0,12,135,12_galaxy_galactic_star_ngc,"['galaxy', 'galactic', 'star', 'ngc', 'disk', 'uvit', 'radio', 'astrosat', 'glostar', 'disc']","['global view star formation glostar galactic plane survey iv radio continuum detection young stellar object galactic centre region', 'global view star formation glostar galactic plane survey', 'global view star formation glostar galactic plane survey']",Stable
91,56,20,0.0,0.0,91,56,91_iot_internet_thing_secure,"['iot', 'internet', 'thing', 'secure', 'mqtt', 'security', 'lightweight', 'cryptographic', 'authentication', 'datum']","['evolve embedded method light weight cryptography algorithm solve issue embedded iot devices srideivanai nagarajan sujata badiger shubha rao bama supriya shital kakad nisha rani pyingkodi authors srideivanai nagarajan sujata badiger shubha rao', 'optimize lightweight cryptographic protocol secure communication internet things(iot device', 'internet thing iot security privacy issue solutions']",Stable
47,82,24,0.0,0.0,47,83,47_handwritten_kannada_character_characters,"['handwritten', 'kannada', 'character', 'characters', 'recognition', 'ocr', 'word', 'handwriting', 'text', 'dataset']","['recognition handwritten kannada characters unsupervised learning method', 'improved kannada handwritten character recognition efficient segmentation techniques', 'kannada handwritten character recognition techniques review']",Stable
100,52,18,0.0,0.0,100,52,100_kitaev_topological_chain_spin,"['kitaev', 'topological', 'chain', 'spin', 'ladder', 'skewed', 'scramble', 'disorder', 'rnyi', 'lattice']","['effect topological non topological edge state information propagation scramble floquet spin chain', 'topological quantum phase transition criticality long range kitaev chain', 'quantum phase spin-1 system 3/4 3/5 skewed ladder']",Stable
104,51,14,0.0,0.0,104,51,104_photoacoustic_imaging_ultrasound_optoacoustic,"['photoacoustic', 'imaging', 'ultrasound', 'optoacoustic', 'tomography', 'pmut', 'impulse', 'transducer', 'resolution', 'reconstruction']","['spatial impulse response ultrasound transducer correction deep learning photoacoustic tomography', 'photoacoustic imaging single element low frequency thin film pmut', 'image quality enhancement pmut base photoacoustic imaging']",Stable
6,283,83,-2.3255813953488373,-13.137149391072574,6,157,6_photonic_silicon_waveguide_resonator,"['photonic', 'silicon', 'waveguide', 'resonator', 'ring', 'nitride', 'grating', 'coupler', 'biosensor', 'crystal']","['square ring resonator base photonic crystal pressure sensing', 'silicon embed high efficiency grating coupler 125 nm thin silicon nitride waveguide', 'visible wavelength photonic integrated circuit silicon nitride platform chip sensing applications']",Declining
40,101,45,-4.166666666666666,-19.270720055351124,40,90,40_hydrogel_tissue_bioprinting_3d,"['hydrogel', 'tissue', 'bioprinting', '3d', 'scaffold', 'bone', 'gelatin', '4d', 'bioprinte', 'osteogenesis']","['digital light processing base 3d bioprinting carrageenan hydrogel engineer cell load tissue scaffold', 'low concentration gelatin methacryloyl hydrogel tuneable printability cytocompatibility bone cartilage tissue bioprinting quantitative process science buildability biophysical properties', 'light base 3d bioprinting bone tissue scaffold tunable mechanical property architecture photocurable silk fibroin']",Declining
26,138,43,-4.3478260869565215,-21.45423449187257,26,112,26_verification_risc_verilog_processor,"['verification', 'risc', 'verilog', 'processor', 'uvm', 'soc', 'fpga', 'bit', 'hardware', 'axi']","['system verification analysis alu risc processor', 'system verification analysis alu risc processor', 'design verification 32 bit pipelined risc architecture verilog modelling uvm test bench methodology']",Declining
51,76,29,-6.25,-27.148783886585527,51,77,51_generative_adversarial_gan_sketch,"['generative', 'adversarial', 'gan', 'sketch', 'style', 'face', 'image', 'guided', 'latent', 'enriching']","['transformer guided generative adversarial network tg gan style transfer artistic natural scene images', 'face image super resolution generative adversarial network', 'image generation generative adversarial network']",Declining
83,52,23,-7.6923076923076925,-30.540707027324014,83,59,83_eeg_depression_brain_signal,"['eeg', 'depression', 'brain', 'signal', 'migraine', 'mental', 'stress', 'q4', 'epilepsy', 'canonical']","['survey eeg base attention detection machine learning deep learning techniques', 'real time stress level detection system eeg signal processing deep learning techniques', 'survey eeg base stress detection machine learning deep learning technique']",Declining
11,204,60,-6.25,-33.268812369615056,11,137,11_nanoparticle_chitosan_gold_antioxidant,"['nanoparticle', 'chitosan', 'gold', 'antioxidant', 'nanoparticles', 'delivery', 'silver', 'nanozyme', 'activity', 'antibacterial']","['natural tripeptide cap ph sensitive gold nanoparticle efficacious doxorubicin delivery vitro vivo', 'synthesis characterization high molecular weight chitosan antioxidant activity chitosan oligosaccharide encapsulation', 'mesoporous silica nanoparticle cap chitosan glucuronic acid conjugate ph responsive target delivery fluorouracil']",Declining
7,265,91,-6.25,-34.89685192988562,7,154,7_antenna_patch_microstrip_band,"['antenna', 'patch', 'microstrip', 'band', 'slot', 'dual', 'circularly', 'loaded', 'multiband', 'polarize']","['design development novel patch antenna array application', 'performance enhancement microstrip patch antenna slot communication', 'multi frequency microstrip patch antenna review design application']",Declining
93,55,17,-10.0,-40.2535169073515,93,55,93_linewidth_laser_fiber_raman,"['linewidth', 'laser', 'fiber', 'raman', 'comb', 'lasers', 'spectral', 'widely', 'cascaded', 'narrow']","['frequency comb base seed laser architecture improved brillouin performance spectral beam combining narrow linewidth lasers', 'cascaded raman fiber lasers pump narrow linewidth low intensity noise source', 'cascaded raman fiber laser pump narrow linewidth low intensity noise source']",Declining
98,53,13,-12.5,-49.86230058205343,98,53,98_flame_combustor_premixed_swirl,"['flame', 'combustor', 'premixed', 'swirl', 'syngas', 'reverse', 'combustion', 'stabilize', 'vortex', 'counter']","['impact hydrogen addition thermoacoustic instability precessing vortex core dynamics ch4 h2 air technically premixed combustor', 'non premixed operation strategy low emission syngas fuel reverse flow combustor', 'understand heat release fluctuation combustion noise characteristic non premixed co counter swirl syngas flame mild condition']",Declining
21,149,51,-10.714285714285714,-53.68537815103131,21,117,21_traffic_accident_road_emergency,"['traffic', 'accident', 'road', 'emergency', 'driver', 'vehicle', 'crash', 'notification', 'safety', 'pedestrian']","['traffic light control system emergency vehicle', 'traffic system monitoring', 'road traffic accident prediction india machine learn algorithm technique']",Declining
34,114,30,-11.76470588235294,-55.82273092192059,34,101,34_iot_narrowband_home_monitoring,"['iot', 'narrowband', 'home', 'monitoring', 'smart', 'automation', 'industrial', 'principle', 'lora', 'thing']","['narrowband iot base support function smart city', 'narrowband iot principle potential application', 'narrowband iot internet']",Declining
31,118,43,-12.5,-59.73904366389412,31,102,31_concrete_slag_aggregate_geopolymer,"['concrete', 'slag', 'aggregate', 'geopolymer', 'ash', 'durability', 'mortar', 'replacement', 'cement', 'fine']","['experimental study fracture properties fly ash slag based geopolymer concrete', 'impact fine aggregate properties geopolymer concrete', 'influence steel slag strength microstructural characteristic fly ash base geopolymer concrete']",Declining
50,79,24,-14.285714285714285,-62.600380495341156,50,79,50_hall_insulator_topological_weyl,"['hall', 'insulator', 'topological', 'weyl', 'semimetal', 'semimetallic', '111', 'anomalous', 'dirac', 'te']","['strain modify spin configuration drive spontaneous topological like hall effect weyl semimetallic dy ir 111 epitaxial thin film', 'non linear hall effect multi weyl semimetal', 'spin chirality induce large topological hall effect magnetic weyl semimetallic eu ir 111 thin film']",Declining
19,158,50,-14.285714285714285,-72.41291717457473,19,119,19_photocatalytic_degradation_dye_zno,"['photocatalytic', 'degradation', 'dye', 'zno', 'nanoparticle', 'green', 'methylene', 'activity', 'synthesis', 'sunlight']","['photocatalytic degradation methylene blue dye biogenic copper oxide nanoparticle degradation pathway analysis', 'effect synthesis method photocatalytic activity zno nanoparticle', 'nickel dope zinc oxide improved photocatalytic activity malachite green dye degradation parameter affect degradation']",Declining
25,138,48,-14.814814814814813,-73.10331752786209,25,112,25_cancer_breast_lung_diagnosis,"['cancer', 'breast', 'lung', 'diagnosis', 'carcinoma', 'leukemia', 'segmentation', 'histopathological', 'blood', 'oral']","['predictive classification breast cancer machine learning', 'comparative analysis breast cancer prediction machine learning techniques', 'framework breast cancer prediction classification deep learning']",Declining
87,58,18,-18.181818181818183,-74.13704443464945,87,58,87_krylov_quantum_walk_complexity,"['krylov', 'quantum', 'walk', 'complexity', 'entanglement', 'syk', 'fragmentation', 'markovianity', 'markovian', 'dissipative']","['complexity dimensional discrete time quantum walk circuit', 'speed limit growth krylov complexity open quantum system', 'information scramble quantum walk discrete time formulation krylov complexity']",Declining
30,120,31,-16.666666666666664,-79.92984242661234,30,102,30_pile_anchor_capacity_geocell,"['pile', 'anchor', 'capacity', 'geocell', 'geogrid', 'foundation', 'foundations', 'rock', 'bearing', 'sand']","['experimental numerical study square anchor plate group geogrid reinforce sand', 'response anchor foundation geogrid reinforce sand combine load', 'uplift capacity horizontal anchor plate geocell reinforce sand']",Declining
33,116,40,-17.391304347826086,-82.82041625735228,33,101,33_mimo_massive_ofdm_channel,"['mimo', 'massive', 'ofdm', 'channel', 'estimation', 'uplink', 'systems', 'vlc', 'mmwave', 'adcs']","['massive mimo ofdm systems low resolution adcs cramér rao bound sparse channel estimation soft symbol decoding', 'sparse bayesian learning base channel estimation irs aid millimeter wave massive mimo systems', 'quantized variational bayesian joint channel estimation data detection uplink massive mimo systems low resolution adcs']",Declining
71,63,23,-21.428571428571427,-89.1189232148501,71,68,71_inverter_multilevel_level_range,"['inverter', 'multilevel', 'level', 'range', 'seven', 'modulation', 'clamped', 'elimination', 'capacitor', 'extended']","['compact common ground level switched capacitor multilevel inverter grid integration', 'level inverter level inverter capacitor fed level inverter feed im drive side extended linear modulation range till base speed', 'single dc source multilevel inverter extended linear modulation range base speed predictive capacitor control induction machine drive']",Declining
32,113,34,-20.0,-94.72396896788992,32,102,32_wireless_routing_cluster_sensor,"['wireless', 'routing', 'cluster', 'sensor', 'wsn', 'rout', 'clustering', 'lifetime', 'head', 'protocol']","['energy efficient cluster rout wireless sensor network', 'study wireless sensor network', 'energy security aware hybrid optimal cluster base routing wireless sensor network']",Declining
44,87,21,-23.076923076923077,-103.3231572571894,44,87,44_film_solar_cell_thin,"['film', 'solar', 'cell', 'thin', 'pyrolysis', 'spray', 'absorber', 'cu2sns3', 'cts', 'heterojunction']","['temperature dependent growth cu2sns3 thin film ultrasonic spray pyrolysis solar cell absorber layer photocatalytic application materials research express 2019 10 14', 'temperature dependent growth cu sns thin film ultrasonic spray pyrolysis solar cell absorber layer photocatalytic application', 'optimization fabrication low cost cu2sns3 zn thin film heterojunction solar cell ultrasonic spray pyrolysis']",Declining
45,87,21,-23.076923076923077,-103.3231572571894,45,87,45_gas_ammonia_chemiresistive_sensing,"['gas', 'ammonia', 'chemiresistive', 'sensing', 'zno', 'room', 'sensor', 'thin', 'film', 'ethanol']","['cvd grow cuprous oxide thin film base high performance chemiresistive ammonia gas sensor', 'tungsten disulphide nanosheet high performance chemiresistive ammonia gas sensor', 'tio2 thin film optimization ammonia gas sensing']",Declining
78,64,26,-25.0,-104.35968174739092,78,64,78_co2_oxygen_reaction_ceria,"['co2', 'oxygen', 'reaction', 'ceria', 'electrocatalyst', 'electrolysis', 'operando', 'oxidation', 'catalyst', 'cu']","['oxygen reduction reaction solid oxide fuel cell', 'operando insight co2 electrolysis pr gd dope ceria electrode role h2', 'oxygen reduction reaction fe dope cu oxide electrode']",Declining
5,302,87,-18.367346938775512,-104.94611275425372,5,163,5_biodiesel_diesel_engine_biomass,"['biodiesel', 'diesel', 'engine', 'biomass', 'oil', 'production', 'fuel', 'biogas', 'blend', 'ignition']","['experimental investigation direct injection diesel engine waste plastic oil fuel', 'effect novel bio waste derive nano particle additive performance diesel engine fuel waste cooking oil biodiesel blend', 'biodiesel biomass production sustainable biodiesel fuel']",Declining
9,186,50,-20.689655172413794,-108.22983345216387,9,140,9_education_course_student_outcome,"['education', 'course', 'student', 'outcome', 'teaching', 'online', 'transformations', 'courses', 'curriculum', 'obe']","['enhancement programme outcomes cryptography network security course alternate assessment tool approach outcome base education', 'effectiveness project base learning outcome based education- case study', 'enhancement program outcomes cryptography network security course alternate assessment tool approach outcome base education']",Declining
41,89,26,-25.0,-112.49524175825663,41,89,41_manifold_metric_khler_bergman,"['manifold', 'metric', 'khler', 'bergman', 'holomorphic', 'bundle', 'kobayashi', 'hypersurface', 'manifolds', 'rigidity']","['growth bergman metric near point infinite type', 'kobayashi complete domain complex manifold', 'metric rigidity kähler manifold low ricci bound maximal volume']",Declining
67,67,13,-33.33333333333333,-140.65025683920354,67,68,67_scheduling_cloud_workload_task,"['scheduling', 'cloud', 'workload', 'task', 'resource', 'environment', 'computing', 'vm', 'center', 'virtual']","['ga base efficient resource allocation task scheduling multi cloud environment', 'cost performance aware scheduling technique cloud computing environment', 'resource efficient workload task scheduling cloud assist internet thing environment']",Declining
59,73,13,-33.33333333333333,-143.46883644013897,59,73,59_glass_borate_glasses_chalcogenide,"['glass', 'borate', 'glasses', 'chalcogenide', 'vanadate', 'tellurite', 'te', 'ge', 'dope', 'niobo']","['glass formation thermal stability optical property se te rich ge se te glass', 'glass formation thermal stability fragility minimum ge te se glass', 'investigation physical structural luminescence properties nickel oxide doped lithium strontium borate glass']",Declining
10,207,77,-28.26086956521739,-150.84346746981984,10,140,10_blockchain_record_records_ethereum,"['blockchain', 'record', 'records', 'ethereum', 'technology', 'supply', 'chain', 'contract', 'privacy', 'decentralized']","['healthcare management system blockchain', 'blockchain technology applications', 'blockchain']",Declining
77,62,11,-37.5,-155.36755223968248,77,64,77_fog_computing_sdn_defined,"['fog', 'computing', 'sdn', 'defined', 'edge', 'software', 'arjun', 'controller', 'mobile', 'offloading']","['mobile cloud offloading framework shubha rao sneha girish ananthanarayanan venkitakrishnan arjun arjun chandra int j. appl math ijam pissn 1311 1728 eissn 1314 8060 vol 39 2026 author shubha rao sneha girish ananthanarayanan venkitakrishnan arjun arjun chan', 'novel task offloading scheduling framework fog computing', 'study scheduling fog computing']",Declining
92,55,22,-40.0,-161.014067629406,92,55,92_reluctance_switched_operate_pulse,"['reluctance', 'switched', 'operate', 'pulse', 'rotor', 'torque', 'generator', 'rpm', 'rms', 'slitted']","['modified single pulse operate switched reluctance generator modeling analysis experimental verification', 'predictive control output current single pulse operate switched reluctance generator', 'analysis switched reluctance generator operate modified single pulse mode']",Declining
88,58,22,-40.0,-163.10149775622878,88,58,88_uav_planning_aerial_unmanned,"['uav', 'planning', 'aerial', 'unmanned', 'corridor', 'coverage', 'intersection', 'avoidance', 'path', 'conflict']","['multi uav 3d hierarchical coverage path planning dynamic environments large complex structures', 'multiple lane uav corridor planning urban mobility system applications', 'multi lane uav traffic management path intersection planning']",Declining
54,72,22,-40.0,-171.61837764593565,54,74,54_steganography_encryption_watermarking_chaotic,"['steganography', 'encryption', 'watermarking', 'chaotic', 'lsb', 'cryptography', 'image', 'images', 'pixel', 'secure']","['image steganography lsb embed edge adaptive approach', 'enhance cloud security cryptography steganography techniques', 'secure medical image encryption lsb steganography']",Declining
70,66,17,-41.66666666666667,-175.19552580795693,70,68,70_health_healthcare_monitoring_iot,"['health', 'healthcare', 'monitoring', 'iot', 'wearable', 'patient', 'remote', 'smart', 'care', 'vital']","['iot base health monitoring system real time patient monitoring', 'portable iot smart device healthcare remote health monitoring', 'smart health monitoring system']",Declining
28,128,32,-38.095238095238095,-185.1357106423494,28,109,28_software_bug_testing_static,"['software', 'bug', 'testing', 'static', 'code', 'race', 'programs', 'automation', 'program', 'jenkins']","['software bug prediction supervised machine learning algorithm', 'effect programming language software bug prediction', 'automation testing jenkins software development']",Declining
108,50,10,-50.0,-196.59128163621628,108,50,108_hardy_operator_heisenberg_sobolev,"['hardy', 'operator', 'heisenberg', 'sobolev', 'theorem', 'toeplitz', 'group', 'spaces', 'symmetric', 'fractional']","['hardy inequality fractional power grushin operator', 'extension problem trace hardy hardy inequality fractional laplacian', 'characterization symmetric toeplitz operator class conjugation hardy space']",Declining
95,51,13,-50.0,-197.56218592907138,95,54,95_buck_boost_converter_dc,"['buck', 'boost', 'converter', 'dc', 'interleaved', 'synchronous', 'inductor', 'gain', 'voltage', 'photovoltaic']","['design buck converter', 'switch capacitor base buck boost converter analysis', 'novel dc dc converter extended range gain buck boost application']",Declining
39,101,26,-44.44444444444444,-205.5543472570787,39,90,39_bragg_grating_fiber_sensor,"['bragg', 'grating', 'fiber', 'sensor', 'fbg', 'etched', 'optic', 'bessel', 'gauss', 'packaged']","['internet thing enable structural health monitoring fiber bragg grating sensor', 'fiber bragg grating base optical sensor pulse morphology', 'fiber bragg grating temperature sensor human body temperature monitoring']",Declining
3,348,103,-35.9375,-210.4166472041497,3,178,3_gravitational_black_dark_hole,"['gravitational', 'black', 'dark', 'hole', 'gravity', 'matter', 'white', 'dwarf', 'neutron', 'primordial']","['gravitational wave f(r gravity possible signature sub- super chandrasekhar limiting mass white dwarfs', 'primordial black hole gravitational wave signature', 'continuous gravitational wave magnetize white dwarf']",Declining
0,555,154,-34.04255319148936,-215.17509086810492,0,278,0_epoxy_fiber_composite_reinforce,"['epoxy', 'fiber', 'composite', 'reinforce', 'jute', 'fibre', 'glass', 'composites', 'mechanical', 'laminates']","['damp free vibration analysis woven glass fiber reinforce epoxy composite laminates', 'fabrication microstructure study wear characteristics coconut shell powder fill natural sisal jute fiber reinforced epoxy composites', 'development investigation mechanical property natural fiber reinforce polymer composite']",Declining
89,57,14,-54.54545454545454,-221.4787096661683,89,57,89_pose_depth_3d_human,"['pose', 'depth', '3d', 'human', 'reconstruction', 'point', 'terrain', 'lunar', 'estimation', 'motion']","['uncertainty aware adaptation self supervise 3d human pose estimation', 'lunar terrain depth mapping 3d reconstruction benchmarke seven depth estimation model', 'self supervise 3d human pose estimation guided novel image synthesis']",Declining
8,240,84,-40.74074074074074,-223.4546898829526,8,153,8_graph_vertex_graphs_domination,"['graph', 'vertex', 'graphs', 'domination', 'laceability', 'cover', 'percolation', 'dominating', 'approximation', 'indices']","['edge irregularity strength line graph line cut vertex graph comb graph', 'generalized vertex energy graph', 'domination double vertex graphs']",Declining
1,471,163,-36.633663366336634,-225.55269551155004,1,235,1_magnetic_ferrite_spin_spinel,"['magnetic', 'ferrite', 'spin', 'spinel', 'multiferroic', 'cofe2o4', 'bifeo3', 'co', 'pt', 'magnetoelectric']","['determination magnetic property spinel ferrite 57fe zero field nmr', 'strain tune magnetic anisotropy nickel zinc ferrite thin film', 'metal co substitution assist electrical magnetic property ferrite cofe2o4']",Declining
66,67,21,-56.25,-237.347308416156,66,69,66_stock_market_price_portfolio,"['stock', 'market', 'price', 'portfolio', 'banking', 'financial', 'fund', 'forecasting', 'series', 'volatility']","['stock price classification base hybrid feature selection method', 'stock price prediction', 'stock market prediction machine learning']",Declining
29,122,32,-58.333333333333336,-280.710754063391,29,104,29_machining_roughness_cutting_taguchi,"['machining', 'roughness', 'cutting', 'taguchi', 'surface', 'cut', 'milling', 'tool', 'insert', 'hard']","['analyze effect machining parameter surface roughness machine surface vision system', 'investigation effect machining parameter machining force roughness micro milling titanium gr5 gr12 alloy dry machining condition carbide tool', 'influence machining parameter surface roughness tool life machining en24 grade alloy steel']",Declining
2,443,131,-47.12643678160919,-287.27449087324277,2,223,2_ion_battery_cathode_batteries,"['ion', 'battery', 'cathode', 'batteries', 'sodium', 'lithium', 'li', 'na', 'anode', 'rechargeable']","['mechanistic insight ion transport layered materials sodium ion rechargeable batteries', 'manganese base tunnel type cathode materials secondary li ion ion batteries', 'nanostructured cathode materials li‐/na‐ion aqueous non‐aqueous batteries']",Declining
101,51,14,-76.92307692307693,-303.9418245062637,101,52,101_insulators_polymeric_outdoor_hvdc,"['insulators', 'polymeric', 'outdoor', 'hvdc', 'surge', 'insulator', 'arresters', 'insulation', 'kv', 'transformer']","['stress control polymeric outdoor insulators nonlinear resistive field grading materials operate different condition', 'superhydrophobic coating performance enhancement polymeric outdoor insulators hvdc systems', 'failure analysis polymeric outdoor insulator hvdc converter station']",Declining
20,155,20,-62.5,-315.6160004530961,20,118,20_covid19_pandemic_lockdown_epidemic,"['covid19', 'pandemic', 'lockdown', 'epidemic', 'covid', 'immunity', 'india', 'coronavirus', '2651', 'asymptomatic']","['modeling control lockdown exit strategies covid-19 pandemic india', 'model covid-19 pandemic asymptomatic patient lockdown herd immunity', 'decision support system scheduling lockdown covid-19 pandemic']",Declining
38,102,27,-68.18181818181817,-316.00424919747513,38,92,38_sentiment_twitter_sarcasm_tweet,"['sentiment', 'twitter', 'sarcasm', 'tweet', 'sentimental', 'social', 'aspect', 'reviews', 'tweets', 'sarcastic']","['survey analysis twitter opinion mining sentiment analysis', 'twitter sentiment analysis machine learning algorithms comparative analysis', 'rule base sentiment analysis twitter(x datum']",Declining
97,52,10,-80.0,-317.62335308416976,97,53,97_recommendation_movie_collaborative_filtering,"['recommendation', 'movie', 'collaborative', 'filtering', 'recommender', 'apache', 'spark', 'zomato', 'career', 'commerce']","['review movie recommendation system machine learning', 'movie recommendation system hybrid approach', 'movie recommendation system']",Declining
58,73,15,-78.57142857142857,-338.1765430374705,58,73,58_friction_stir_weld_welding,"['friction', 'stir', 'weld', 'welding', 'aluminum', 'dissimilar', 'aluminium', 'joint', 'titanium', 'alloy']","['tensile property aluminium copper alloy friction stir weld joint', 'tensile property aluminium copper alloy friction stir weld joint', 'friction stir welding design']",Declining
4,330,77,-63.793103448275865,-370.1351377395713,4,177,4_wear_sic_aluminium_matrix,"['wear', 'sic', 'aluminium', 'matrix', 'composites', 'mmc', 'composite', 'reinforce', 'mechanical', 'al7075']","['study microstructure wear property novel aluminium modify fly ash composite', 'study microstructure wear property novel aluminium modify fly ash composite', 'optimization wear behaviour al7075 sic al mmc statistical method']",Declining
