researcher,institution,domain,publications,citations,research_score,rank
Satyam Suwas,Indian Institute of Science Bangalore,Advanced Manufacturing and Metallurgy,87,1534,204.68,1
Satish V. Kailas,Indian Institute of Science Bangalore,Advanced Manufacturing and Metallurgy,28,566,67.32,2
Nitish Bibhanshu,Indian Institute of Science Bangalore,Advanced Manufacturing and Metallurgy,17,289,39.78,3
Prosenjit Das,Indian Institute of Science Bangalore,Advanced Manufacturing and Metallurgy,18,110,38.2,4
Chandra S. Perugu,Indian Institute of Science Bangalore,Advanced Manufacturing and Metallurgy,16,277,37.54,5
Suryasarathi Bose,Indian Institute of Science Bangalore,Advanced Materials and Nanotechnology,36,1146,94.92,1
Navakanta Bhat,Indian Institute of Science Bangalore,Advanced Materials and Nanotechnology,33,709,80.18,2
Ravindra Kumar Jha,Indian Institute of Science Bangalore,Advanced Materials and Nanotechnology,23,627,58.54,3
Praveen C. Ramamurthy,Indian Institute of Science Bangalore,Advanced Materials and Nanotechnology,22,285,49.7,4
Karuna Kar Nanda,Indian Institute of Science Bangalore,Advanced Materials and Nanotechnology,19,451,47.02,5
Pramod Kumar,Indian Institute of Science Bangalore,Aerospace and Fluid Dynamics,52,239,108.78,1
Banibrata Mukhopadhyay,Indian Institute of Science Bangalore,Aerospace and Fluid Dynamics,48,340,102.8,2
G. Jagadeesh,Indian Institute of Science Bangalore,Aerospace and Fluid Dynamics,41,304,88.08,3
Sudhan Majhi,Indian Institute of Science Bangalore,Aerospace and Fluid Dynamics,26,85,53.7,4
Santosh Hemchandra,Indian Institute of Science Bangalore,Aerospace and Fluid Dynamics,24,174,51.48,5
G. L. Sivakumar Babu,Indian Institute of Science Bangalore,Agriculture and Environmental Systems,37,357,81.14,1
Jyant Kumar,Indian Institute of Science Bangalore,Agriculture and Environmental Systems,18,195,39.9,2
Gali Madhavi Latha,Indian Institute of Science Bangalore,Agriculture and Environmental Systems,18,136,38.72,3
S. Dasappa,Indian Institute of Science Bangalore,Agriculture and Environmental Systems,17,127,36.54,4
Anand M. Shivapuji,Indian Institute of Science Bangalore,Agriculture and Environmental Systems,14,223,32.46,5
B. M. Shankar,PES University,Applied Mathematics and Simulation,28,363,63.26,1
I. S. Shivakumara,PES University,Applied Mathematics and Simulation,28,363,63.26,2
A. K. Nandakumaran,Indian Institute of Science Bangalore,Applied Mathematics and Simulation,26,95,53.9,3
Aloke Paul,Indian Institute of Science Bangalore,Applied Mathematics and Simulation,22,262,49.24,4
Anuj Dash,Indian Institute of Science Bangalore,Applied Mathematics and Simulation,18,244,40.88,5
Pradipta Biswas,Indian Institute of Science Bangalore,Artificial Intelligence and Computer Vision,14,168,31.36,1
A. Vinay,PES University,Artificial Intelligence and Computer Vision,12,13,24.26,2
Radhika K R,B.M.S. College of Engineering,Artificial Intelligence and Computer Vision,12,0,24.0,3
L. R. D. Murthy,Indian Institute of Science Bangalore,Artificial Intelligence and Computer Vision,9,147,20.94,4
S. Natarajan,PES University,Artificial Intelligence and Computer Vision,10,11,20.22,5
Saptarshi Basu,Indian Institute of Science Bangalore,Bioinformatics and Life Sciences,37,647,86.94,1
Aloke Kumar,Indian Institute of Science Bangalore,Bioinformatics and Life Sciences,16,310,38.2,2
Susmita Dash,Indian Institute of Science Bangalore,Bioinformatics and Life Sciences,14,127,30.54,3
Akhil R. Chakravarty,Indian Institute of Science Bangalore,Bioinformatics and Life Sciences,11,308,28.16,4
Aarti Upadhyay,Indian Institute of Science Bangalore,Bioinformatics and Life Sciences,12,157,27.14,5
Vishwas Mahesh,Indian Institute of Science Bangalore,Biomaterials and Tissue Engineering,48,650,109.0,1
Vinyas Mahesh,Indian Institute of Science Bangalore,Biomaterials and Tissue Engineering,43,570,97.4,2
Kaushik Chatterjee,Indian Institute of Science Bangalore,Biomaterials and Tissue Engineering,28,789,71.78,3
Suryasarathi Bose,Indian Institute of Science Bangalore,Biomaterials and Tissue Engineering,30,539,70.78,4
Bikramjit Basu,Indian Institute of Science Bangalore,Biomaterials and Tissue Engineering,28,448,64.96,5
B. Sundar Rajan,Indian Institute of Science Bangalore,Computer Systems and Algorithms,30,82,61.64,1
Arpita Patra,Indian Institute of Science Bangalore,Computer Systems and Algorithms,27,171,57.42,2
Shayan Srinivasa Garani,Indian Institute of Science Bangalore,Computer Systems and Algorithms,24,112,50.24,3
Arindam Khan,Indian Institute of Science Bangalore,Computer Systems and Algorithms,18,68,37.36,4
Madhav Rao,International Institute of Information Technology Bangalore,Computer Systems and Algorithms,15,40,30.8,5
Chandan Srivastava,Indian Institute of Science Bangalore,Construction and Infrastructure Materials,72,1525,174.5,1
Abhay Gupta,Indian Institute of Science Bangalore,Construction and Infrastructure Materials,17,308,40.16,2
K. Sai Jyotheender,Indian Institute of Science Bangalore,Construction and Infrastructure Materials,15,345,36.9,3
Akhand Pratap Singh,Indian Institute of Science Bangalore,Construction and Infrastructure Materials,15,139,32.78,4
Ananth Ramaswamy,Indian Institute of Science Bangalore,Construction and Infrastructure Materials,12,77,25.54,5
B. Sundar Rajan,Indian Institute of Science Bangalore,Cybersecurity and Blockchain,45,115,92.3,1
Prasad B. Honnavalli,PES University,Cybersecurity and Blockchain,29,219,62.38,2
V Sarasvathi,PES University,Cybersecurity and Blockchain,14,37,28.74,3
Subramaniam Kalambur,PES University,Cybersecurity and Blockchain,13,55,27.1,4
Dankan Gowda,International Institute of Information Technology Bangalore,Cybersecurity and Blockchain,9,153,21.06,5
Partha Talukdar,Indian Institute of Science Bangalore,Data Science and Knowledge Discovery,12,1085,45.7,1
L. Sunil Chandran,Indian Institute of Science Bangalore,Data Science and Knowledge Discovery,18,24,36.48,2
B. Ananthanarayan,Indian Institute of Science Bangalore,Data Science and Knowledge Discovery,15,119,32.38,3
Rajiv Soundararajan,Indian Institute of Science Bangalore,Data Science and Knowledge Discovery,13,178,29.56,4
Anand Louis,Indian Institute of Science Bangalore,Data Science and Knowledge Discovery,13,159,29.18,5
Prabeer Barpanda,Indian Institute of Science Bangalore,Energy Storage and Renewable Energy,50,717,114.34,1
Praveen C. Ramamurthy,Indian Institute of Science Bangalore,Energy Storage and Renewable Energy,28,251,61.02,2
Gopalakrishnan Sai Gautam,Indian Institute of Science Bangalore,Energy Storage and Renewable Energy,22,530,54.6,3
Aninda J. Bhattacharyya,Indian Institute of Science Bangalore,Energy Storage and Renewable Energy,19,274,43.48,4
Bidisha Nath,Indian Institute of Science Bangalore,Energy Storage and Renewable Energy,18,144,38.88,5
Jaya Prakash,Indian Institute of Science Bangalore,Healthcare and Biomedical Engineering,21,336,48.72,1
Fatimah,CMR Institute of Technology,Healthcare and Biomedical Engineering,10,448,28.96,2
Madhav Rao,International Institute of Information Technology Bangalore,Healthcare and Biomedical Engineering,13,64,27.28,3
Kaustav Roy,Indian Institute of Science Bangalore,Healthcare and Biomedical Engineering,11,120,24.4,4
Phaneendra K. Yalavarthy,Indian Institute of Science Bangalore,Healthcare and Biomedical Engineering,8,266,21.32,5
Dankan Gowda,International Institute of Information Technology Bangalore,Intelligent Transportation Systems,11,209,26.18,1
Ashish Verma,Indian Institute of Science Bangalore,Intelligent Transportation Systems,10,35,20.7,2
C. B. Sivaparthipan,R V College of Engineering,Intelligent Transportation Systems,4,327,14.54,3
M. Mathirajan,Indian Institute of Science Bangalore,Intelligent Transportation Systems,7,17,14.34,4
BalaAnand Muthu,R V College of Engineering,Intelligent Transportation Systems,3,324,12.48,5
G. Narayanan,Indian Institute of Science Bangalore,Mechanical Systems and Control Engineering,65,360,137.2,1
Vinyas Mahesh,Indian Institute of Science Bangalore,Mechanical Systems and Control Engineering,23,874,63.48,2
L. Umanand,Indian Institute of Science Bangalore,Mechanical Systems and Control Engineering,27,163,57.26,3
Syed Shahjahan Ahmad,Indian Institute of Science Bangalore,Mechanical Systems and Control Engineering,22,158,47.16,4
K. Gopakumar,Indian Institute of Science Bangalore,Mechanical Systems and Control Engineering,22,122,46.44,5
R. Ganesan,Indian Institute of Science Bangalore,Photonics and Quantum Materials,57,1336,140.72,1
Shankar Kumar Selvaraja,Indian Institute of Science Bangalore,Photonics and Quantum Materials,66,303,138.06,2
D. Alagarasan,Indian Institute of Science Bangalore,Photonics and Quantum Materials,44,1184,111.68,3
Srinivas Talabattula,Indian Institute of Science Bangalore,Photonics and Quantum Materials,51,227,106.54,4
V. R. Supradeepa,Indian Institute of Science Bangalore,Photonics and Quantum Materials,50,312,106.24,5
‎Debmalya Sain,Indian Institute of Science Bangalore,Physics and Theoretical Sciences,40,114,82.28,1
Kallol Paul,Indian Institute of Science Bangalore,Physics and Theoretical Sciences,30,129,62.58,2
Pintu Bhunia,Indian Institute of Science Bangalore,Physics and Theoretical Sciences,28,176,59.52,3
Diptiman Sen,Indian Institute of Science Bangalore,Physics and Theoretical Sciences,24,418,56.36,4
Apoorva Khare,Indian Institute of Science Bangalore,Physics and Theoretical Sciences,26,21,52.42,5
Debasish Ghose,Indian Institute of Science Bangalore,Robotics and Autonomous Systems,56,301,118.02,1
Ashwini Ratnoo,Indian Institute of Science Bangalore,Robotics and Autonomous Systems,40,189,83.78,2
Suresh Sundaram,Indian Institute of Science Bangalore,Robotics and Autonomous Systems,25,152,53.04,3
Ashitava Ghosal,Indian Institute of Science Bangalore,Robotics and Autonomous Systems,16,84,33.68,4
Shalabh Bhatnagar,Indian Institute of Science Bangalore,Robotics and Autonomous Systems,15,151,33.02,5
Mayank Shrivastava,Indian Institute of Science Bangalore,Semiconductors and Nanoelectronics,59,625,130.5,1
Vipin Joshi,Indian Institute of Science Bangalore,Semiconductors and Nanoelectronics,33,293,71.86,2
Rajarshi Roy Chaudhuri,Indian Institute of Science Bangalore,Semiconductors and Nanoelectronics,33,243,70.86,3
B. Subba Reddy,Indian Institute of Science Bangalore,Semiconductors and Nanoelectronics,32,212,68.24,4
Subho Dasgupta,Indian Institute of Science Bangalore,Semiconductors and Nanoelectronics,27,273,59.46,5
Ashish Verma,Indian Institute of Science Bangalore,Smart Cities and Sustainability,13,359,33.18,1
Furqan A. Bhat,Indian Institute of Science Bangalore,Smart Cities and Sustainability,9,247,22.94,2
Varadharajan Sridhar,International Institute of Information Technology Bangalore,Smart Cities and Sustainability,8,29,16.58,3
Nagaraj G. Cholli,R V College of Engineering,Smart Cities and Sustainability,8,2,16.04,4
Mohd Sadiq,Indian Institute of Science Bangalore,Smart Cities and Sustainability,7,57,15.14,5
Kaushik Basu,Indian Institute of Science Bangalore,Smart Energy Systems,36,250,77.0,1
Vishnu Mahadeva Iyer,Indian Institute of Science Bangalore,Smart Energy Systems,32,158,67.16,2
L. Umanand,Indian Institute of Science Bangalore,Smart Energy Systems,30,330,66.6,3
Mayank Shrivastava,Indian Institute of Science Bangalore,Smart Energy Systems,31,125,64.5,4
Vinod John,Indian Institute of Science Bangalore,Smart Energy Systems,30,152,63.04,5
Ashish Verma,Indian Institute of Science Bangalore,Social Computing and Security Analytics,19,54,39.08,1
R. Venkatesh Babu,Indian Institute of Science Bangalore,Social Computing and Security Analytics,15,281,35.62,2
Sravanti Addepalli,Indian Institute of Science Bangalore,Social Computing and Security Analytics,9,123,20.46,3
Anirban Chakraborty,Indian Institute of Science Bangalore,Social Computing and Security Analytics,9,77,19.54,4
Mohana,R V College of Engineering,Social Computing and Security Analytics,8,60,17.2,5
Sriram Ganapathy,Indian Institute of Science Bangalore,Speech and Language Technologies,36,221,76.42,1
Prasanta Ghosh,Indian Institute of Science Bangalore,Speech and Language Technologies,19,91,39.82,2
H. R. Mamatha,PES University,Speech and Language Technologies,17,134,36.68,3
A. G. Ramakrishnan,Indian Institute of Science Bangalore,Speech and Language Technologies,16,97,33.94,4
Dinesh Babu Jayagopi,International Institute of Information Technology Bangalore,Speech and Language Technologies,13,43,26.86,5
Debdeep Sarkar,Indian Institute of Science Bangalore,Wireless Communications and IoT,81,444,170.88,1
A. Chockalingam,Indian Institute of Science Bangalore,Wireless Communications and IoT,52,1560,135.2,2
Chandra R. Murthy,Indian Institute of Science Bangalore,Wireless Communications and IoT,45,311,96.22,3
Sanjeev Gurugopinath,PES University,Wireless Communications and IoT,43,239,90.78,4
Jogesh Chandra Dash,Indian Institute of Science Bangalore,Wireless Communications and IoT,31,300,68.0,5
