domain,venue_type,venue,publications
AI & Data Science,Conference,"COMSYS2023-Conference Proceedings to be published in Springer book series ""Lecture Notes in Networks and Systems"" Electronic ISSN: 2367-3389 Print ISSN: 2367-3370",3
AI & Data Science,Conference,"7th International Conference on Computational Systems and Information Technology for Sustainable Solutions, Organized by RV College of Engineering 2023",2
AI & Data Science,Conference,"2024 International Conference on Intelligent and Innovative Technologies in Computing, Electrical and Electronics (IITCEE), Bangalore, India, 2024",1
AI & Data Science,Conference,"Fifth International Conference on Advances in Electrical and Computer Technologies 2023 (ICAECT 2023), September 28-29, 2023",1
AI & Data Science,Conference,"ICKECS 2024, 2nd IEEE International Conference on Knowledge Engineering and Communication Systems April 18 - 19, 2024 Organised By SJC INSTITUTUTE OF TECHNOLOGY",1
AI & Data Science,Journal,International Journal of Business Intelligence and Data Mining,3
AI & Data Science,Journal,International Journal on Recent and Innovation Trends in Computing and Communication,2
AI & Data Science,Journal,Cloud Computing and Data Science,1
AI & Data Science,Journal,Indonesian Journal of Electrical Engineering and Computer Science,1
AI & Data Science,Journal,International Conference on Recent Advances in Science and EngineeringICRASET 2023,1
Arts and Humanities; Computer Science,Conference,2021 Third International Conference on Inventive Research in Computing Applications (ICIRCA),1
"Business, Management and Accounting; Computer Science; Social Sciences",Conference,2023 7th International Conference on Computation System and Information Technology for Sustainable Solutions (CSITSS),1
CSE,Conference,10th International Conference on Recent Engineering and Technology [ICRET –,2
CSE,Conference,"at the First International Conference On Advanced Technologies In Intelligent Control, Environment, Computing And Communication Engineering (ICATIECE-",2
CSE,Conference,"15th IEEE International Conference on Industrial and Information Systems, ICIIS",1
CSE,Conference,"2019 1st International Conference on Advances in Information Technology (ICAIT), Chikmagalur, India,",1
CSE,Conference,"2020 4th International Conference on Intelligent Computing and Control Systems (ICICCS), Madurai, India,",1
CSE,Journal,"Indiana Journal of Multidisciplinary Research, vol. 4, no. 3,",3
CSE,Journal,"2024 International Conference on Emerging Technologies in Computer Science for Interdisciplinary Applications (ICETCS), Bengaluru, India,",2
CSE,Journal,"International Conference on Emerging Technologies in Computer Science, ICETCS-",2
CSE,Journal,"International Journal for Research Trends and Innovation, Paper ID: IJRTI",2
CSE,Journal,Turkish Journal of Physiotherapy and Rehabilitation; 32(2):,2
Computer Science,Conference,Proceedings of the AAAI Conference on Artificial Intelligence,27
Computer Science,Conference,"2022 IEEE International Conference on Electronics, Computing and Communication Technologies (CONECCT)",13
Computer Science,Conference,2025 9th International Conference on Computational System and Information Technology for Sustainable Solutions (CSITSS),13
Computer Science,Conference,"2021 IEEE International Conference on Electronics, Computing and Communication Technologies (CONECCT)",12
Computer Science,Conference,AIP conference proceedings,12
Computer Science,Journal,Lecture notes in computer science,183
Computer Science,Journal,ePrints@IISc (Indian Institute of Science),41
Computer Science,Journal,SSRN Electronic Journal,32
Computer Science,Journal,Communications in Computer and Information Science,31
Computer Science,Journal,IEEE Transactions on Information Theory,30
Computer Science & Engineering,Conference,IEEE Bangalore Humanitarian Technology Conference,3
Computer Science & Engineering,Conference,"CCRIS 2021: 2nd International Conference on Control, Robotics and Intelligent System, Qingdao, China",1
Computer Science & Engineering,Conference,IEEE International Conference on Advanced Networks and Telecommunications Systems (ANTS) ANTS,1
Computer Science & Engineering,Conference,International Conference on Futuristic Technologies (INCOFT) (pp. 1-6). IEEE,1
Computer Science & Engineering,Conference,International Conference on Integrated Intelligence and Communication Systems (ICIICS) (pp. 1-6). IEEE.,1
Computer Science & Engineering,Journal,International Journal of Advanced Science and Technology,5
Computer Science & Engineering,Journal,International Journal of Innovative Technology and Exploring Engineering (IJITEE),3
Computer Science & Engineering,Journal,International Journal of Innovations & Advancement in Computer Science,2
Computer Science & Engineering,Journal,International Journal of Innovative Technology and Exploring Engineering,2
Computer Science & Engineering,Journal,International Journal of Recent Technology and Engineering,2
Computer Science & Engineering - AI and ML,Conference,International Conference on Communications and Cyber-Physical Engineering,1
Computer Science & Engineering - AI and ML,Conference,"International Conference on Emerging Research in Computing information, communication and Applications",1
Computer Science & Engineering - AI and ML,Conference,PAKDD (Workshops) 2021: 143-152,1
Computer Science & Engineering - AI and ML,Journal,International Journal of Advanced Technology and Engineering Exploration,2
Computer Science & Engineering - AI and ML,Journal,"""Journal of Data Acquisition and Processing SCIENCE PRESS, BEIJING, CHINA""",1
Computer Science & Engineering - AI and ML,Journal,Australian Journal of Electrical and Electronics Engineering,1
Computer Science & Engineering - AI and ML,Journal,International journal of Intelligent systems and applications in engineering,1
Computer Science & Engineering - AI and ML,Journal,"Journal of Integrated Science and Technology, ScienceIn Publishing",1
Computer Science - Cyber Security,Conference,"2023 International Conference on Network, Multimedia and Information Technology, NMITCON 2023, Year 2023",1
Computer Science - Cyber Security,Conference,"2023 International Conference on Network, Multimedia and Information Technology, NMITCON 2023, Year 2023 DOI:10.1109/NMITCON58196.2023.10276100",1
Computer Science - Cyber Security,Conference,"In2021 IEEE Mysore Sub Section International Conference (MysuruCon), pages 766_772. IEEE, 2021",1
Computer Science - Cyber Security,Journal,"In 2022 IEEE International Conference on Data Science and Information System (ICDSIS), pp. 1-5. IEEE, 2022.",1
Computer Science - Cyber Security,Journal,"International Journal of Information Technology (IJIT), Springer,2021",1
Computer Science - Cyber Security,Journal,"International Journal of Intelligent Systems and Applications in Engineering, Volume 11, Year 2023, Pages 975-987",1
Computer Science - Cyber Security,Journal,"Journal of Scholastic Engineering Science and Management, Volume 2, Pages 60-68",1
Computer Science - Cyber Security,Journal,"Proceedings on Engineering Sciences, Volume 5, Year 2023, Pages 539-544",1
Computer Science; Agricultural and Biological Sciences,Conference,2022 International Conference on Augmented Intelligence and Sustainable Systems (ICAISS),1
Computer Science; Agricultural and Biological Sciences,Conference,2023 7th International Conference on Computation System and Information Technology for Sustainable Solutions (CSITSS),1
Computer Science; Agricultural and Biological Sciences,Conference,2023 Third International Conference on Artificial Intelligence and Smart Energy (ICAIS),1
Computer Science; Agricultural and Biological Sciences,Conference,2025 9th International Conference on Computational System and Information Technology for Sustainable Solutions (CSITSS),1
"Computer Science; Biochemistry, Genetics and Molecular Biology",Conference,"2020 International Conference on Advances in Computing, Communication &amp; Materials (ICACCM)",1
"Computer Science; Biochemistry, Genetics and Molecular Biology",Conference,2021 IEEE International Conference on Computation System and Information Technology for Sustainable Solutions (CSITSS),1
"Computer Science; Biochemistry, Genetics and Molecular Biology",Conference,2022 International Interdisciplinary Humanitarian Conference for Sustainability (IIHC),1
"Computer Science; Biochemistry, Genetics and Molecular Biology",Journal,International Journal of Electrical and Computer Engineering (IJECE),1
"Computer Science; Biochemistry, Genetics and Molecular Biology",Journal,International Journal of Intelligent Unmanned Systems,1
"Computer Science; Biochemistry, Genetics and Molecular Biology; Decision Sciences",Journal,2024 International Conference on Emerging Technologies in Computer Science for Interdisciplinary Applications (ICETCS),1
"Computer Science; Biochemistry, Genetics and Molecular Biology; Decision Sciences",Journal,Indonesian Journal of Electrical Engineering and Computer Science,1
"Computer Science; Biochemistry, Genetics and Molecular Biology; Health Professions",Conference,2025 9th International Conference on Computational System and Information Technology for Sustainable Solutions (CSITSS),1
"Computer Science; Business, Management and Accounting",Conference,2019 4th International Conference on Computational Systems and Information Technology for Sustainable Solution (CSITSS),1
"Computer Science; Business, Management and Accounting",Conference,2021 International Conference on Computer Communication and Informatics (ICCCI),1
"Computer Science; Business, Management and Accounting",Conference,"2024 International Conference on Circuit, Systems and Communication (ICCSC)",1
"Computer Science; Business, Management and Accounting",Journal,IEEE Transactions on Fuzzy Systems,1
"Computer Science; Business, Management and Accounting",Journal,International Journal for Research in Applied Science and Engineering Technology,1
"Computer Science; Business, Management and Accounting",Journal,International Journal of Engineering and Advanced Technology,1
"Computer Science; Business, Management and Accounting",Journal,Journal of University of Shanghai for Science and Technology,1
"Computer Science; Business, Management and Accounting",Journal,SSRN Electronic Journal,1
"Computer Science; Business, Management and Accounting; Decision Sciences",Conference,2025 3rd International Conference on Intelligent Data Communication Technologies and Internet of Things (IDCIoT),1
"Computer Science; Business, Management and Accounting; Decision Sciences",Journal,SSRN Electronic Journal,1
Computer Science; Decision Sciences,Conference,2023 7th International Conference on Computation System and Information Technology for Sustainable Solutions (CSITSS),2
Computer Science; Decision Sciences,Conference,2019 4th International Conference on Computational Systems and Information Technology for Sustainable Solution (CSITSS),1
Computer Science; Decision Sciences,Conference,2021 IEEE International Conference on Quantum Computing and Engineering (QCE),1
Computer Science; Decision Sciences,Conference,"2021 International Conference on Innovative Computing, Intelligent Communication and Smart Electrical Systems (ICSES)",1
Computer Science; Decision Sciences,Conference,2022 IEEE North Karnataka Subsection Flagship International Conference (NKCon),1
Computer Science; Decision Sciences,Journal,"2023 International Conference on Data Science, Agents &amp; Artificial Intelligence (ICDSAAI)",1
Computer Science; Decision Sciences,Journal,2024 1st International Conference on Communications and Computer Science (InCCCS),1
Computer Science; Decision Sciences,Journal,Journal of University of Shanghai for Science and Technology,1
Computer Science; Decision Sciences,Journal,Proceedings of the 7th Joint International Conference on Data Science &amp; Management of Data (11th ACM IKDD CODS and 29th COMAD),1
Computer Science; Decision Sciences,Journal,SSRN Electronic Journal,1
Computer Science; Energy,Conference,2025 9th International Conference on Computational System and Information Technology for Sustainable Solutions (CSITSS),1
Computer Science; Energy,Journal,Solar Energy and Sustainable Development Journal,1
Computer Science; Engineering,Conference,2022 IEEE 2nd Mysore Sub Section International Conference (MysuruCon),2
Computer Science; Engineering,Conference,2020 7th International Conference on Computing for Sustainable Global Development (INDIACom),1
Computer Science; Engineering,Conference,"2020 International Conference on Recent Trends on Electronics, Information, Communication &amp; Technology (RTEICT)",1
Computer Science; Engineering,Conference,2021 IEEE International Conference on Computation System and Information Technology for Sustainable Solutions (CSITSS),1
Computer Science; Engineering,Conference,"2021 IEEE International Conference on Electronics, Computing and Communication Technologies (CONECCT)",1
Computer Science; Engineering,Journal,International Journal of Electrical and Computer Engineering (IJECE),3
Computer Science; Engineering,Journal,ICTACT Journal on Image and Video Processing,1
Computer Science; Engineering,Journal,IOP Conference Series: Materials Science and Engineering,1
Computer Science; Engineering,Journal,International Journal for Research in Applied Science and Engineering Technology,1
Computer Science; Engineering,Journal,International Journal of Communication Systems,1
Computer Science; Environmental Science,Conference,2021 International Carnahan Conference on Security Technology (ICCST),1
Computer Science; Environmental Science,Conference,2022 4th International Conference on Smart Systems and Inventive Technology (ICSSIT),1
Computer Science; Environmental Science,Journal,i-manager’s Journal on Future Engineering and Technology,2
Computer Science; Health Professions,Conference,"2019 4th International Conference on Recent Trends on Electronics, Information, Communication &amp; Technology (RTEICT)",1
Computer Science; Health Professions,Conference,2023 7th International Conference on Computation System and Information Technology for Sustainable Solutions (CSITSS),1
Computer Science; Health Professions,Journal,2021 4th International Conference on Recent Trends in Computer Science and Technology (ICRTCST),1
Computer Science; Health Professions,Journal,"2023 International Conference on Data Science, Agents &amp; Artificial Intelligence (ICDSAAI)",1
Computer Science; Health Professions,Journal,Health Information Science,1
Computer Science; Health Professions,Journal,International Journal for Research in Applied Science and Engineering Technology,1
Computer Science; Materials Science,Conference,2022 7th International Conference on Machine Learning Technologies (ICMLT),1
Computer Science; Materials Science,Journal,IEEE Transactions on Parallel and Distributed Systems,1
Computer Science; Mathematics,Journal,The European Physical Journal Plus,1
Computer Science; Neuroscience,Conference,2019 4th International Conference on Computational Systems and Information Technology for Sustainable Solution (CSITSS),1
Computer Science; Neuroscience,Conference,"2021 International Conference on Innovative Computing, Intelligent Communication and Smart Electrical Systems (ICSES)",1
Computer Science; Neuroscience,Conference,2022 IEEE 3rd Global Conference for Advancement in Technology (GCAT),1
Computer Science; Neuroscience,Conference,2023 7th International Conference on Computation System and Information Technology for Sustainable Solutions (CSITSS),1
Computer Science; Neuroscience,Conference,2024 IEEE International Conference on Contemporary Computing and Communications (InC4),1
Computer Science; Neuroscience,Journal,International Journal of Computing and Digital Systems,1
Computer Science; Neuroscience,Journal,"International Journal of Modeling, Simulation, and Scientific Computing",1
Computer Science; Neuroscience,Journal,Journal of Intelligent &amp; Fuzzy Systems,1
Computer Science; Neuroscience,Journal,Journal of University of Shanghai for Science and Technology,1
Computer Science; Neuroscience,Journal,WSEAS TRANSACTIONS ON SYSTEMS AND CONTROL,1
Computer Science; Neuroscience; Physics and Astronomy,Journal,Procedia Computer Science,1
Computer Science; Physics and Astronomy,Conference,2022 6th International Conference on Computation System and Information Technology for Sustainable Solutions (CSITSS),1
Computer Science; Physics and Astronomy,Conference,2023 7th International Conference on Computation System and Information Technology for Sustainable Solutions (CSITSS),1
Computer Science; Physics and Astronomy,Conference,2025 1st International Conference on Advancement in Futuristic Technologies (ICAFT),1
Computer Science; Physics and Astronomy,Journal,Data Engineering and Data Science,1
Computer Science; Social Sciences,Conference,"2021 6th International Conference on Computing, Communication and Security (ICCCS)",1
Computer Science; Social Sciences,Conference,"2021 International Conference on Smart Generation Computing, Communication and Networking (SMART GENCON)",1
Computer Science; Social Sciences,Conference,"2023 2nd International Conference on Automation, Computing and Renewable Systems (ICACRS)",1
Computer Science; Social Sciences,Conference,2023 5th International Conference on Smart Systems and Inventive Technology (ICSSIT),1
Computer Science; Social Sciences,Conference,"2023 International Conference on Quantum Technologies, Communications, Computing, Hardware and Embedded Systems Security (iQ-CCHESS)",1
Computer Science; Social Sciences,Journal,Journal of University of Shanghai for Science and Technology,2
Computer Science; Social Sciences,Journal,IAES International Journal of Artificial Intelligence (IJ-AI),1
Computer Science; Social Sciences,Journal,International Journal of Information Security and Privacy,1
Computer Science; Social Sciences,Journal,The Journal of Supercomputing,1
Computer Science; Social Sciences; Neuroscience,Conference,2021 International Conference on Computer Communication and Informatics (ICCCI),1
Computer Science; Social Sciences; Neuroscience,Journal,Pertanika Journal of Science and Technology,1
Computer Science; Social Sciences; Physics and Astronomy,Journal,Communications in Computer and Information Science,1
Computer Sciences and Information Technology,Conference,Materials Today: Proceedings,123
Computer Sciences and Information Technology,Conference,AIP Conference Proceedings,60
Computer Sciences and Information Technology,Conference,"Proceedings of the 2022 3rd International Conference on Communication, Computing and Industry 4.0, C2I4 2022",20
Computer Sciences and Information Technology,Conference,"1st International Conference on Electronics, Computing, Communication and Control Technology, ICECCC 2024",19
Computer Sciences and Information Technology,Conference,"2024 15th International Conference on Computing Communication and Networking Technologies, ICCCNT 2024",19
Computer Sciences and Information Technology,Journal,Journal of Physics: Conference Series,34
Computer Sciences and Information Technology,Journal,International Journal of Ambient Energy,13
Computer Sciences and Information Technology,Journal,International Journal of Innovative Technology and Exploring Engineering,11
Computer Sciences and Information Technology,Journal,International Journal of Intelligent Systems and Applications in Engineering,11
Computer Sciences and Information Technology,Journal,International Journal of Recent Technology and Engineering,11
ECE,Conference,"2021 7th International Conference on Advanced Computing and Communication Systems (ICACCS),",2
ECE,Conference,"2023 International Conference on Network, Multimedia and Information Technology (NMITCON), Bengaluru, India, October",2
ECE,Conference,"2024 2nd International Conference on Networking, Embedded and Wireless Systems (ICNEWS), Bangalore, India,",2
ECE,Conference,"IEEE 3rd International Conference on Inventive Systems and control, Coimbotore, 13-14th January",2
ECE,Conference,National Conference on Innovations in Electrical Power and Energy Systems (NCIEPES) on 8th March,2
ECE,Journal,International Journal for Research in Applied Science & Engineering Technology (IJRASET) ISSN:,2
ECE,Journal,"International Journal of Advanced Research in Electrical, Electronics and Instrumentation Engineering, ISSN (Print) :",2
ECE,Journal,"International Journal of Advanced Trends in Computer Science and Engineering, Vol. 9, No. 3, pp",2
ECE,Journal,"International Journal of Human Computation & Intellegence, Vol 03, Issue 01, PP 299-308, Jan/Feb",2
ECE,Journal,"Journal of Environmental Protection and Ecology, Scientific Bulgarian Communications, December",2
EEE,Conference,"International Conference on Power, Control and Sustainable Energy Systems (28th– 30th JULY",2
EEE,Conference,The Seventh International Conference on Transformations in Engineering Education (ICTIEE’,2
EEE,Conference,"at the 39th National Convention of Electrical Engineers and National Conference on “Green Hydrogen, Electric Vehicles, and Energy Storage Systems,” held on the 25th & 26th of October",2
EEE,Conference,"at the mini symposium on Effective Practices in Teaching-Learning organized By Indo Universal Collaboration for Engineering Education (IUCEE), 23rd April",2
EEE,Conference,in the IEEE North-East India International Energy Conversion Conference and Exhibition (NE-IECCE,2
EEE,Journal,"Grenze International Journal of Engineering and Technology, June Issue",2
EEE,Journal,"Internal Journal of Novel, Research and Development (IJNRD), Volume 10, Issue 1 ISSN:",2
EEE,Journal,", published by Taylor & Francis in the Fullerenes, Nanotubes and Carbon Nanostructures Journal (Web-of-Science) on 6th March",1
EEE,Journal,"Distributed Generation & Alternative Energy Journal, Vol 39, Iss 1, pp 1-26, doi: 10.",1
EEE,Journal,"Distributed Generation & Alternative Energy Journal, Vol. 37_3, 793–818,",1
ETE,Conference,"2025 7th International Conference on Control and Robotics (ICCR), Kyoto, Japan,",1
ETE,Conference,"5th IEEE International Conference on advanced computing and communication systems, Sri Eshwar College of Engineering, Coimbatore, Tamil Nadu, during March 15th to 16th",1
ETE,Conference,"5th IEEE international conference on Advanced computing and Communication systems, Sri Eshwar College of Engineering, Coimbatore, Tamil Nadu, during March 15th to 16th",1
ETE,Conference,"IEEE International Conference on Mobile Networks and Wireless Communication"", https://doi.org/10.",1
ETE,Conference,The Ninth International Conference on Transformations in Engineering Education (ICTIEE,1
ETE,Journal,"IUP journal of electrical and electronics engineering, Jul",1
ETE,Journal,"IUP journal of electrical and electronics engineering, Vol. 14, Iss. 4, October",1
ETE,Journal,"International Journal Of Electrical Engineering and Technology"", Volume 12, Issue 6, June",1
ETE,Journal,"International Journal of Creative Research Thoughts, Volume 10,Issue 6 June",1
ETE,Journal,"International Journal of new innovations in engineering and technology, Volume 12, Issue 3, Pages 54-60, December",1
Earth and Planetary Sciences; Computer Science,Conference,2022 6th International Conference on Computation System and Information Technology for Sustainable Solutions (CSITSS),1
Earth and Planetary Sciences; Environmental Science; Engineering,Conference,2024 International Conference on Integrated Circuits and Communication Systems (ICICACS),1
"Economics, Econometrics and Finance; Decision Sciences; Computer Science",Conference,2021 IEEE International Conference on Computation System and Information Technology for Sustainable Solutions (CSITSS),1
Electronics & Communication Engineering,Conference,2021 IEEE Mysore Sub Section International Conference (Mysuru Con),2
Electronics & Communication Engineering,Conference,2021 IEEE Mysore Sub Section International Conference (MysuruCon),2
Electronics & Communication Engineering,Conference,2020 IEEE International Conference for Innovation in Technology (INOCON),1
Electronics & Communication Engineering,Conference,"2021 IEEE International Conference on Electronics, Computing and Communication Technologies (CONECCT)",1
Electronics & Communication Engineering,Conference,2021 IEEE International Power and Renewable Energy Conference (IPRECON),1
Electronics & Communication Engineering,Journal,International Conference on Current Research Trends in Engineering Science and Management,2
Electronics & Communication Engineering,Journal,13th National Women’s Science Congress,1
Electronics & Communication Engineering,Journal,ETRI Journal WILEY,1
Electronics & Communication Engineering,Journal,International Conference on women Empowerment in Science & Technology (ICWEST 2021),1
Electronics & Communication Engineering,Journal,"International Journal of Circuits, Systems and Signal Processing",1
Energy,Conference,2019 International Conference on Smart Systems and Inventive Technology (ICSSIT),1
Energy,Conference,2020 International Conference on Smart Electronics and Communication (ICOSEC),1
Energy,Journal,Journal of Mines Metals and Fuels,3
Energy,Journal,Journal of Materials Science Materials in Electronics,2
Energy,Journal,Book Publisher International (a part of SCIENCEDOMAIN International),1
Energy,Journal,International Journal of Photoenergy,1
Energy,Journal,Journal of Energy Storage,1
Energy; Computer Science,Conference,ITM Web of Conferences,1
Energy; Computer Science,Journal,Journal of Thermal Analysis and Calorimetry,1
Engineering,Conference,Materials Today Proceedings,67
Engineering,Conference,Materials Today: Proceedings,49
Engineering,Conference,AIP conference proceedings,36
Engineering,Conference,ECS Meeting Abstracts,22
Engineering,Conference,"Proceeding of Proceedings of the 26thNational and 4th International ISHMT-ASTFE Heat and Mass Transfer Conference December 17-20, 2021, IIT Madras, Chennai-600036, Tamil Nadu, India",20
Engineering,Journal,SSRN Electronic Journal,107
Engineering,Journal,Journal of Fluid Mechanics,63
Engineering,Journal,IEEE Sensors Journal,53
Engineering,Journal,Journal of Alloys and Compounds,47
Engineering,Journal,Springer transactions in civil and environmental engineering,38
Engineering; Agricultural and Biological Sciences,Conference,"2022 IEEE Microwaves, Antennas, and Propagation Conference (MAPCON)",1
Engineering; Agricultural and Biological Sciences,Conference,2024 International BIT Conference (BITCON),1
Engineering; Agricultural and Biological Sciences,Conference,2025 International Conference on Emerging Technologies in Electronics and Green Energy (ICETEG),1
Engineering; Agricultural and Biological Sciences,Conference,2025 International Conference on Smart &amp;amp; Sustainable Technology (INCSST),1
Engineering; Arts and Humanities,Journal,Electronic Journal of Structural Engineering,1
"Engineering; Biochemistry, Genetics and Molecular Biology",Conference,"2024 Second International Conference on Networks, Multimedia and Information Technology (NMITCON)",1
"Engineering; Biochemistry, Genetics and Molecular Biology; Neuroscience",Journal,Communications in Computer and Information Science,1
"Engineering; Business, Management and Accounting",Journal,International Journal For Multidisciplinary Research,1
"Engineering; Business, Management and Accounting",Journal,International Journal of Research and Review,1
"Engineering; Business, Management and Accounting",Journal,Journal of Namibian Studies : History Politics Culture,1
"Engineering; Business, Management and Accounting; Decision Sciences",Journal,International Journal of Construction Management,1
"Engineering; Business, Management and Accounting; Social Sciences",Journal,International Journal of Research in Library Science,1
Engineering; Chemical Engineering,Journal,Arab Journal of Basic and Applied Sciences,1
Engineering; Chemical Engineering,Journal,International Journal of Heat and Technology,1
Engineering; Chemical Engineering,Journal,International Journal of Integrated Engineering,1
Engineering; Chemical Engineering,Journal,Journal of The Institution of Engineers (India): Series D,1
Engineering; Chemistry,Conference,Materials Today: Proceedings,1
Engineering; Chemistry,Journal,Journal of The Electrochemical Society,1
Engineering; Chemistry; Chemical Engineering,Conference,Materials Today: Proceedings,2
Engineering; Chemistry; Chemical Engineering,Journal,Journal of The Electrochemical Society,1
Engineering; Chemistry; Chemical Engineering,Journal,international journal of engineering technology and management sciences,1
Engineering; Computer Science,Conference,2023 7th International Conference on Computation System and Information Technology for Sustainable Solutions (CSITSS),18
Engineering; Computer Science,Conference,2021 IEEE Mysore Sub Section International Conference (MysuruCon),9
Engineering; Computer Science,Conference,2025 9th International Conference on Computational System and Information Technology for Sustainable Solutions (CSITSS),9
Engineering; Computer Science,Conference,"2020 IEEE International Conference on Electronics, Computing and Communication Technologies (CONECCT)",8
Engineering; Computer Science,Conference,"2019 4th International Conference on Recent Trends on Electronics, Information, Communication &amp; Technology (RTEICT)",6
Engineering; Computer Science,Journal,Communications in Computer and Information Science,9
Engineering; Computer Science,Journal,International Journal for Research in Applied Science and Engineering Technology,9
Engineering; Computer Science,Journal,Journal of University of Shanghai for Science and Technology,6
Engineering; Computer Science,Journal,International Journal of Engineering and Advanced Technology,5
Engineering; Computer Science,Journal,IETE Journal of Research,4
Engineering; Computer Science; Agricultural and Biological Sciences,Conference,"2025 IEEE 4th International Conference on Data, Decision and Systems (ICDDS)",1
Engineering; Computer Science; Agricultural and Biological Sciences,Journal,IEEE Internet of Things Journal,1
"Engineering; Computer Science; Business, Management and Accounting",Journal,International Journal of Applied Engineering Research,1
"Engineering; Computer Science; Business, Management and Accounting",Journal,International Journal of Automation and Smart Technology,1
Engineering; Computer Science; Environmental Science,Conference,"2019 1st International Conference on Advanced Technologies in Intelligent Control, Environment, Computing &amp; Communication Engineering (ICATIECE)",2
Engineering; Computer Science; Environmental Science,Conference,2019 IEEE International Conference on Cloud Computing in Emerging Markets (CCEM),1
Engineering; Computer Science; Environmental Science,Conference,2022 IEEE Delhi Section Conference (DELCON),1
Engineering; Computer Science; Environmental Science,Conference,2024 IEEE International Conference on Interdisciplinary Approaches in Technology and Management for Social Innovation (IATMSI),1
Engineering; Computer Science; Environmental Science,Conference,2025 5th Asian Conference on Innovation in Technology (ASIANCON),1
Engineering; Computer Science; Health Professions,Journal,International Journal of Power Electronics and Drive Systems (IJPEDS),1
Engineering; Computer Science; Materials Science,Conference,"2023 International Conference on Network, Multimedia and Information Technology (NMITCON)",1
Engineering; Computer Science; Materials Science,Conference,2025 IEEE 17th International Conference on Computational Intelligence and Communication Networks (CICN),1
Engineering; Computer Science; Materials Science,Conference,Materials Today: Proceedings,1
Engineering; Computer Science; Medicine,Conference,Proceedings of the 3rd International Conference on Software Engineering and Information Management,1
Engineering; Computer Science; Neuroscience,Conference,2022 International Conference on Augmented Intelligence and Sustainable Systems (ICAISS),1
Engineering; Computer Science; Neuroscience,Conference,2025 3rd International Conference on Intelligent Data Communication Technologies and Internet of Things (IDCIoT),1
Engineering; Computer Science; Neuroscience,Journal,2020 IEEE-EMBS Conference on Biomedical Engineering and Sciences (IECBES),1
Engineering; Computer Science; Physics and Astronomy,Conference,2022 IEEE 19th India Council International Conference (INDICON),1
Engineering; Computer Science; Physics and Astronomy,Journal,Journal of University of Shanghai for Science and Technology,1
Engineering; Computer Science; Psychology,Conference,2019 4th International Conference on Computational Systems and Information Technology for Sustainable Solution (CSITSS),1
Engineering; Computer Science; Social Sciences,Conference,2020 IEEE International Conference for Innovation in Technology (INOCON),1
Engineering; Computer Science; Social Sciences,Journal,International Journal for Research in Applied Science and Engineering Technology,1
Engineering; Computer Science; Social Sciences,Journal,Journal of University of Shanghai for Science and Technology,1
Engineering; Decision Sciences; Health Professions,Journal,Journal of University of Shanghai for Science and Technology,1
Engineering; Earth and Planetary Sciences,Conference,2022 IEEE 3rd Global Conference for Advancement in Technology (GCAT),1
Engineering; Earth and Planetary Sciences,Conference,Materials Today: Proceedings,1
Engineering; Earth and Planetary Sciences; Environmental Science,Conference,2022 6th International Conference on Computation System and Information Technology for Sustainable Solutions (CSITSS),1
Engineering; Earth and Planetary Sciences; Environmental Science,Journal,Transactions on Emerging Telecommunications Technologies,1
Engineering; Earth and Planetary Sciences; Physics and Astronomy,Conference,2025 IEEE Wireless Antenna and Microwave Symposium (WAMS),1
"Engineering; Economics, Econometrics and Finance",Journal,International Journal for Research in Applied Science and Engineering Technology,1
"Engineering; Economics, Econometrics and Finance; Decision Sciences",Conference,2020 2nd International Conference on Innovative Mechanisms for Industry Applications (ICIMIA),1
"Engineering; Economics, Econometrics and Finance; Decision Sciences",Conference,2021 7th International Conference on Computer and Communications (ICCC),1
Engineering; Energy,Conference,"2020 5th International Conference on Computing, Communication and Security (ICCCS)",2
Engineering; Energy,Conference,AIP Conference Proceedings,2
Engineering; Energy,Conference,2019 2nd International Conference on Power and Embedded Drive Control (ICPEDC),1
Engineering; Energy,Conference,"2019 IEEE International Conference on Distributed Computing, VLSI, Electrical Circuits and Robotics (DISCOVER)",1
Engineering; Energy,Conference,2021 12th International Conference on Computing Communication and Networking Technologies (ICCCNT),1
Engineering; Energy,Journal,International Journal of Hydrogen Energy,2
Engineering; Energy,Journal,2024 International Conference on Advances in Modern Age Technologies for Health and Engineering Science (AMATHE),1
Engineering; Energy,Journal,Advances in Sustainability Science and Technology,1
Engineering; Energy,Journal,Asia-Pacific Journal of Chemical Engineering,1
Engineering; Energy,Journal,Chemical Engineering Journal,1
Engineering; Energy; Computer Science,Conference,2020 International Conference on Emerging Trends in Information Technology and Engineering (ic-ETITE),1
Engineering; Energy; Computer Science,Conference,"2021 IEEE 4th International Conference on Computing, Power and Communication Technologies (GUCON)",1
Engineering; Energy; Computer Science,Conference,"2022 IEEE International Conference on Power Electronics, Drives and Energy Systems (PEDES)",1
Engineering; Energy; Computer Science,Conference,2025 11th International Conference on Electrical Energy Systems (ICEES),1
Engineering; Energy; Computer Science,Journal,Advances in Sustainability Science and Technology,2
Engineering; Energy; Environmental Science,Journal,Journal of Water Process Engineering,1
Engineering; Energy; Environmental Science,Journal,RASAYAN Journal of Chemistry,1
Engineering; Energy; Materials Science,Conference,Materials Today: Proceedings,2
Engineering; Energy; Materials Science,Conference,AIP Conference Proceedings,1
Engineering; Energy; Materials Science,Journal,The Journal of Physical Chemistry C,1
Engineering; Environmental Science,Conference,AIP Conference Proceedings,2
Engineering; Environmental Science,Conference,2019 4th International Conference on Computational Systems and Information Technology for Sustainable Solution (CSITSS),1
Engineering; Environmental Science,Conference,"2021 Fifth International Conference on I-SMAC (IoT in Social, Mobile, Analytics and Cloud) (I-SMAC)",1
Engineering; Environmental Science,Conference,2022 IEEE International Conference on Distributed Computing and Electrical Circuits and Electronics (ICDCECE),1
Engineering; Environmental Science,Conference,2023 IEEE 8th International Conference for Convergence in Technology (I2CT),1
Engineering; Environmental Science,Journal,"Advances in Science, Technology &amp; Innovation",1
Engineering; Environmental Science,Journal,Chemical Engineering Journal,1
Engineering; Environmental Science,Journal,IOP Conference Series: Materials Science and Engineering,1
Engineering; Environmental Science,Journal,Indian Geotechnical Journal,1
Engineering; Environmental Science,Journal,International Journal of Engineering and Advanced Technology,1
Engineering; Environmental Science; Agricultural and Biological Sciences,Conference,2021 12th International Conference on Computing Communication and Networking Technologies (ICCCNT),1
Engineering; Environmental Science; Agricultural and Biological Sciences,Journal,International Journal for Research in Applied Science and Engineering Technology,1
Engineering; Environmental Science; Materials Science,Journal,International Journal of Environmental Science and Technology,1
Engineering; Environmental Science; Materials Science,Journal,International Journal of Recent Technology and Engineering,1
Engineering; Environmental Science; Materials Science,Journal,International Journal on Interactive Design and Manufacturing (IJIDeM),1
Engineering; Health Professions,Journal,International Journal For Multidisciplinary Research,1
Engineering; Health Professions,Journal,SSRN Electronic Journal,1
Engineering; Materials Science,Conference,Materials Today: Proceedings,36
Engineering; Materials Science,Conference,AIP Conference Proceedings,14
Engineering; Materials Science,Conference,Springer Proceedings in Materials,3
Engineering; Materials Science,Conference,2019 Workshop on Recent Advances in Photonics (WRAP),1
Engineering; Materials Science,Conference,"2021 10th International Conference on Internet of Everything, Microwave Engineering, Communication and Networks (IEMECON)",1
Engineering; Materials Science,Journal,Journal of The Institution of Engineers (India): Series D,11
Engineering; Materials Science,Journal,Journal of Materials Science: Materials in Electronics,8
Engineering; Materials Science,Journal,IOP Conference Series: Materials Science and Engineering,7
Engineering; Materials Science,Journal,Materials Science Forum,5
Engineering; Materials Science,Journal,"Journal of Mines, Metals and Fuels",4
Engineering; Materials Science; Agricultural and Biological Sciences,Journal,International Journal of Innovations in Engineering Research and Technology,1
Engineering; Materials Science; Chemical Engineering,Conference,Materials Today: Proceedings,1
Engineering; Materials Science; Energy,Journal,Journal of Materials Science,1
Engineering; Materials Science; Energy,Journal,Journal of Molecular Liquids,1
Engineering; Materials Science; Energy,Journal,Materials Science in Semiconductor Processing,1
Engineering; Mathematics,Conference,2022 IEEE International Conference on Aerospace Electronics and Remote Sensing Technology (ICARES),1
Engineering; Mathematics,Conference,AIP Conference Proceedings,1
Engineering; Mathematics,Journal,Journal of Aerospace Sciences and Technologies,2
Engineering; Mathematics,Journal,Journal of Spacecraft and Rockets,2
Engineering; Mathematics,Journal,Aerospace Science and Technology,1
Engineering; Mathematics,Journal,International Journal of Applied and Computational Mathematics,1
Engineering; Mathematics,Journal,Journal of Heat Transfer,1
Engineering; Medicine,Conference,"2023 International Conference on Network, Multimedia and Information Technology (NMITCON)",1
Engineering; Medicine,Conference,2025 9th International Conference on Computational System and Information Technology for Sustainable Solutions (CSITSS),1
Engineering; Medicine,Journal,IOP Conference Series: Materials Science and Engineering,1
Engineering; Medicine,Journal,"Journal of Engineering, Design and Technology",1
Engineering; Medicine; Health Professions,Conference,"2024 IEEE International Conference on Information Technology, Electronics and Intelligent Communication Systems (ICITEICS)",1
Engineering; Neuroscience,Conference,2020 7th International Conference on Signal Processing and Integrated Networks (SPIN),1
Engineering; Neuroscience,Journal,IOP Conference Series: Materials Science and Engineering,2
Engineering; Neuroscience; Agricultural and Biological Sciences,Journal,International Journal of Computational Science and Engineering,1
Engineering; Neuroscience; Materials Science,Conference,2021 International Conference on Intelligent Technologies (CONIT),1
"Engineering; Nursing; Biochemistry, Genetics and Molecular Biology",Journal,Journal of Biomolecular Structure and Dynamics,1
Engineering; Physics and Astronomy,Conference,Materials Today: Proceedings,3
Engineering; Physics and Astronomy,Conference,"2022 IEEE International Conference on Electronics, Computing and Communication Technologies (CONECCT)",2
Engineering; Physics and Astronomy,Conference,"2019 4th International Conference on Recent Trends on Electronics, Information, Communication &amp; Technology (RTEICT)",1
Engineering; Physics and Astronomy,Conference,"2020 IEEE International Conference on Electronics, Computing and Communication Technologies (CONECCT)",1
Engineering; Physics and Astronomy,Conference,2020 International Conference on Electrical and Electronics Engineering (ICE3),1
Engineering; Physics and Astronomy,Journal,Journal of Optics,4
Engineering; Physics and Astronomy,Journal,Communications in Computer and Information Science,2
Engineering; Physics and Astronomy,Journal,Journal of Astronomical Instrumentation,2
Engineering; Physics and Astronomy,Journal,Progress in Optical Science and Photonics,2
Engineering; Physics and Astronomy,Journal,2023 International Conference on Smart Systems for applications in Electrical Sciences (ICSSES),1
Engineering; Physics and Astronomy; Computer Science,Conference,"2020 IEEE International Conference on Electronics, Computing and Communication Technologies (CONECCT)",1
Engineering; Physics and Astronomy; Computer Science,Conference,2020 International Joint Conference on Neural Networks (IJCNN),1
Engineering; Physics and Astronomy; Computer Science,Conference,2023 IFIP/IEEE 31st International Conference on Very Large Scale Integration (VLSI-SoC),1
Engineering; Physics and Astronomy; Computer Science,Conference,"2023 International Conference on Network, Multimedia and Information Technology (NMITCON)",1
Engineering; Physics and Astronomy; Computer Science,Journal,International Journal of Fuzzy Computation and Modelling,1
Engineering; Physics and Astronomy; Materials Science,Conference,2020 International Conference on Smart Electronics and Communication (ICOSEC),1
Engineering; Physics and Astronomy; Materials Science,Conference,2022 IEEE Wireless Antenna and Microwave Symposium (WAMS),1
Engineering; Physics and Astronomy; Materials Science,Conference,2024 IEEE North Karnataka Subsection Flagship International Conference (NKCon),1
Engineering; Physics and Astronomy; Materials Science,Conference,"2024 International Conference on IoT, Communication and Automation Technology (ICICAT)",1
Engineering; Physics and Astronomy; Materials Science,Journal,"Frontiers in Optics + Laser Science 2024 (FiO, LS)",1
Engineering; Physics and Astronomy; Materials Science,Journal,"Frontiers in Optics + Laser Science 2025 (FiO, LS)",1
Engineering; Physics and Astronomy; Materials Science,Journal,International Research Journal on Advanced Engineering and Management (IRJAEM),1
Engineering; Physics and Astronomy; Materials Science,Journal,Journal of Alloys and Compounds,1
Engineering; Physics and Astronomy; Materials Science,Journal,Materials Science in Semiconductor Processing,1
Engineering; Social Sciences,Conference,2024 8th International Conference on Computational System and Information Technology for Sustainable Solutions (CSITSS),1
Engineering; Social Sciences,Journal,International Journal of Computational Science and Engineering,1
Engineering; Social Sciences,Journal,International Journal of Information Technology and Management,1
Engineering; Social Sciences,Journal,International Journal of Intelligent Unmanned Systems,1
Engineering; Social Sciences,Journal,Journal of Control and Decision,1
Engineering; Social Sciences,Journal,Journal of Economic and Administrative Sciences,1
ISE,Conference,"2020 IEEE International Conference for Innovation in Technology (INOCON), Bangluru, India,",1
ISE,Conference,"2023 International Conference on Advances in Electronics, Communication, Computing and Intelligent Information Systems (ICAECIS), Bangalore, India,",1
ISE,Conference,"First IEEE International Conference on Advances in Information Technology, July 24 –27,ICAIT-",1
ISE,Conference,presented a paper at the International Conference on Sustainability & Management Strategy (ICSMS-,1
ISE,Journal,"2023 International Conference on Recent Advances in Science and Engineering Technology (ICRASET), B G NAGARA, India,",1
ISE,Journal,Available at International Journal of Scientific Research in Engineering and Management (IJSREM) ISSN:,1
ISE,Journal,International Journal for Modern Trends in Science and Technology,1
ISE,Journal,"International Journal of Advanced Computer Science and Applications(IJACSA), 12(9),",1
ISE,Journal,International Journal of Advanced Research in Computer and Communication Engineering (IJARCCE),1
MATH,Conference,at The 64th Congress of Indian Society of Theoretical and Applied Mechanics (ISTAM-,1
MATH,Conference,"in AIP Conference Proceedings,",1
MATH,Journal,"Journal of Mines, Metals and Fuels, 71(11):",2
MATH,Journal,"Journal of Mines, Metals and Fuels, 71(12):",2
MATH,Journal,"ASME Journal of Fluids Engineering 146, no. 2:",1
MATH,Journal,ASME Journal of Fluids Engineering. https://doi.org/10.,1
MATH,Journal,ASME Journal of Heat and Mass Transfer. https://doi.org/10.,1
Materials Science,Conference,Materials Today Proceedings,30
Materials Science,Conference,AIP conference proceedings,29
Materials Science,Conference,ECS Meeting Abstracts,13
Materials Science,Conference,Springer proceedings in physics,7
Materials Science,Conference,Springer Proceedings in Materials,5
Materials Science,Journal,Physical review. B./Physical review. B,100
Materials Science,Journal,Journal of Alloys and Compounds,56
Materials Science,Journal,The Journal of Physical Chemistry C,48
Materials Science,Journal,Journal of Applied Physics,44
Materials Science,Journal,Dalton Transactions,35
Materials Science; Computer Science,Conference,2024 IEEE 21st India Council International Conference (INDICON),1
Materials Science; Engineering; Chemistry,Journal,Advances in Materials Science and Engineering,1
Mathematics,Conference,Proceedings of the American Mathematical Society,10
Mathematics,Conference,AIP conference proceedings,3
Mathematics,Conference,Springer proceedings in mathematics & statistics,2
Mathematics,Conference,Springer proceedings in physics,2
Mathematics,Conference,"2021 55th Asilomar Conference on Signals, Systems, and Computers",1
Mathematics,Journal,Indian Journal of Pure and Applied Mathematics,16
Mathematics,Journal,Journal of Mathematical Analysis and Applications,14
Mathematics,Journal,ePrints@IISc (Indian Institute of Science),14
Mathematics,Journal,Bulletin des Sciences Mathématiques,13
Mathematics,Journal,Journal of Geometric Analysis,11
Mathematics; Computer Science,Conference,2024 10th International Conference on Applied System Innovation (ICASI),1
Mathematics; Computer Science,Journal,Scientific Annals of Computer Science,2
Mathematics; Computer Science,Journal,Proceedings of the Indian National Science Academy,1
Mathematics; Computer Science,Journal,Punjab University Journal of Mathematics,1
Mathematics; Computer Science,Journal,The European Physical Journal Plus,1
Mathematics; Computer Science; Decision Sciences,Conference,2019 4th International Conference on Computational Systems and Information Technology for Sustainable Solution (CSITSS),1
Mathematics; Engineering,Conference,Materials Today: Proceedings,1
Mathematics; Materials Science; Computer Science,Journal,International Journal of Quantum Chemistry,1
Mathematics; Physics and Astronomy,Journal,ECS Transactions,2
Mathematics; Physics and Astronomy,Journal,Bulletin of the Transilvania University of Brasov. Series III: Mathematics and Computer Science,1
Mathematics; Physics and Astronomy,Journal,Communications in Computer and Information Science,1
Medicine; Computer Science,Conference,2021 IEEE International Conference on Computation System and Information Technology for Sustainable Solutions (CSITSS),2
Medicine; Computer Science,Conference,"2020 4th International Conference on Electronics, Communication and Aerospace Technology (ICECA)",1
Medicine; Computer Science,Conference,2020 IEEE International Conference for Innovation in Technology (INOCON),1
Medicine; Computer Science,Conference,2021 International Conference on Emerging Smart Computing and Informatics (ESCI),1
Medicine; Computer Science,Conference,2022 6th International Conference on Computation System and Information Technology for Sustainable Solutions (CSITSS),1
Medicine; Computer Science,Journal,International Journal of Engineering and Advanced Technology,1
Medicine; Computer Science,Journal,Journal of Bio-X Research,1
Medicine; Computer Science,Journal,National Academy Science Letters,1
Medicine; Computer Science,Journal,Transactions on Emerging Telecommunications Technologies,1
"Medicine; Computer Science; Biochemistry, Genetics and Molecular Biology",Journal,"Proceedings of the National Academy of Sciences, India Section B: Biological Sciences",1
"Medicine; Computer Science; Biochemistry, Genetics and Molecular Biology",Journal,SN Computer Science,1
Medicine; Computer Science; Decision Sciences,Conference,"2020 11th International Conference on Computing, Communication and Networking Technologies (ICCCNT)",1
Medicine; Computer Science; Health Professions,Conference,2020 4th International Conference on Trends in Electronics and Informatics (ICOEI)(48184),1
Medicine; Computer Science; Health Professions,Conference,2021 IEEE International Conference on Computation System and Information Technology for Sustainable Solutions (CSITSS),1
Medicine; Computer Science; Health Professions,Conference,"2021 International Conference on Advancements in Electrical, Electronics, Communication, Computing and Automation (ICAECA)",1
Medicine; Computer Science; Health Professions,Conference,"2022 6th International Conference On Computing, Communication, Control And Automation (ICCUBEA",1
Medicine; Computer Science; Health Professions,Conference,"2025 2nd International Conference on Circuits, Power and Intelligent Systems (CCPIS)",1
Medicine; Computer Science; Health Professions,Journal,International Journal of Web-Based Learning and Teaching Technologies,1
Medicine; Computer Science; Health Professions,Journal,SSRN Electronic Journal,1
Medicine; Computer Science; Neuroscience,Conference,"2021 International Conference on Advancements in Electrical, Electronics, Communication, Computing and Automation (ICAECA)",1
Medicine; Computer Science; Neuroscience,Conference,2022 44th Annual International Conference of the IEEE Engineering in Medicine &amp; Biology Society (EMBC),1
Medicine; Computer Science; Neuroscience,Conference,2023 International Conference on Self Sustainable Artificial Intelligence Systems (ICSSAS),1
Medicine; Computer Science; Social Sciences,Journal,Health Science Reports,1
Medicine; Engineering,Conference,2023 7th International Conference on Computation System and Information Technology for Sustainable Solutions (CSITSS),1
Medicine; Engineering,Conference,2025 9th International Conference on Computational System and Information Technology for Sustainable Solutions (CSITSS),1
Medicine; Engineering,Journal,International Journal of Engineering,1
Medicine; Neuroscience; Engineering,Conference,2023 9th International Conference on Signal Processing and Communication (ICSC),1
Medicine; Neuroscience; Engineering,Journal,International Journal of Intelligent Engineering and Systems,1
PHY,Conference,Presented a paper “International Conference on Hazardous Materials Management and Environmental Practices” on 12 and 13th February,1
PHY,Conference,"was Presented in a paper “6th International Mediterranean Congress” held on August 13-15,",1
PHY,Journal,"Journal of Molecular Structure,",6
PHY,Journal,Journal of Electronic Materials 54 (,2
PHY,Journal,Journal of Materials Science: Materials in Electronics 34 (,2
PHY,Journal,"Chemical Physics Letters, Volume 779,",1
PHY,Journal,"Current Chemistry Letters, 11,",1
Physics,Conference,Materials Today Proceedings,2
Physics,Conference,"Materials Today Proceedings, 89, (1), 138-143",1
Physics,Conference,"Materials Today Proceedings, 89, (1), 30-40.",1
Physics,Journal,"Applied Surface Science Advances 2023, 13, 100375.",1
Physics,Journal,"ECS Transactions, 107 (1) 10623- 10630, 2022",1
Physics,Journal,Indian Journal of Chemistry,1
Physics,Journal,"International Journal of Polymer Analysis and Characterization, 29 (3), 157-171, 2024",1
Physics,Journal,"Journal of Alloys and Compounds. 938, 68600, 2023.",1
Physics and Astronomy,Conference,Proceedings of the International Astronomical Union,7
Physics and Astronomy,Conference,The Sixteenth Marcel Grossmann Meeting,7
Physics and Astronomy,Conference,Springer proceedings in physics,6
Physics and Astronomy,Conference,AIP conference proceedings,4
Physics and Astronomy,Conference,Conference on Lasers and Electro-Optics,3
Physics and Astronomy,Journal,Physical review. B./Physical review. B,158
Physics and Astronomy,Journal,IEEE Transactions on Electron Devices,42
Physics and Astronomy,Journal,Journal of Physics Condensed Matter,38
Physics and Astronomy,Journal,Physical review. D/Physical review. D.,35
Physics and Astronomy,Journal,Physical Review Letters,31
Physics and Astronomy; Computer Science,Conference,2019 1st International Conference on Advances in Information Technology (ICAIT),2
Physics and Astronomy; Computer Science,Conference,2019 IEEE Students Conference on Engineering and Systems (SCES),2
Physics and Astronomy; Computer Science,Conference,2019 9th International Conference on Advances in Computing and Communication (ICACC),1
Physics and Astronomy; Computer Science,Conference,2020 International Conference on Emerging Trends in Information Technology and Engineering (ic-ETITE),1
Physics and Astronomy; Computer Science,Conference,2021 4th Artificial Intelligence and Cloud Computing Conference,1
Physics and Astronomy; Computer Science,Journal,"2020 IEEE International Students' Conference on Electrical,Electronics and Computer Science (SCEECS)",1
Physics and Astronomy; Computer Science,Journal,2020 International Conference on Advanced Computer Science and Information Systems (ICACSIS),1
Physics and Astronomy; Computer Science,Journal,2024 International Conference on Advances in Modern Age Technologies for Health and Engineering Science (AMATHE),1
Physics and Astronomy; Computer Science,Journal,Communications in Computer and Information Science,1
Physics and Astronomy; Computer Science,Journal,"Frontiers in Optics + Laser Science 2025 (FiO, LS)",1
Physics and Astronomy; Materials Science; Computer Science,Conference,2025 5th International Conference on AI-ML-Systems (AIMLSystems),1
Psychology; Computer Science,Conference,2021 International Symposium on Intelligent Signal Processing and Communication Systems (ISPACS),1
Psychology; Computer Science,Conference,2023 4th IEEE Global Conference for Advancement in Technology (GCAT),1
Psychology; Computer Science,Conference,2023 7th International Conference on Computation System and Information Technology for Sustainable Solutions (CSITSS),1
Psychology; Computer Science,Journal,Communications in Computer and Information Science,1
"Psychology; Computer Science; Economics, Econometrics and Finance",Journal,"2023 International Conference on Data Science, Agents &amp; Artificial Intelligence (ICDSAAI)",1
Psychology; Computer Science; Neuroscience,Journal,International Journal of Engineering and Advanced Technology,1
Psychology; Computer Science; Physics and Astronomy,Journal,Communications in Computer and Information Science,1
Psychology; Engineering,Conference,2023 IEEE 13th Annual Computing and Communication Workshop and Conference (CCWC),1
Psychology; Engineering,Journal,SSRN Electronic Journal,1
Psychology; Medicine; Engineering,Conference,AIP Conference Proceedings,1
