IPC_ID,IPC_Code
IPC00001,A01B21/08
IPC00002,A01B79/00
IPC00003,A01B79/02
IPC00004,A01C1/04
IPC00005,A01C21/00
IPC00006,A01C23/02
IPC00007,A01C23/04
IPC00008,A01C5/04
IPC00009,A01C5/06
IPC00010,A01C7/00
IPC00011,A01C7/04
IPC00012,A01C7/06
IPC00013,A01C7/08
IPC00014,A01C7/10
IPC00015,A01C7/12
IPC00016,A01C7/20
IPC00017,A01D33/08
IPC00018,A01D34/04
IPC00019,A01D34/10
IPC00020,A01D34/30
IPC00021,A01D34/82
IPC00022,A01D41/04
IPC00023,A01D41/12
IPC00024,A01D41/127
IPC00025,A01D41/13
IPC00026,A01D44/00
IPC00027,A01D45/00
IPC00028,A01D46/00
IPC00029,A01D46/04
IPC00030,A01D46/24
IPC00031,A01D46/26
IPC00032,A01D46/30
IPC00033,A01D91/00
IPC00034,A01D91/04
IPC00035,A01F25/14
IPC00036,A01F29/04
IPC00037,A01F29/09
IPC00038,A01F7/06
IPC00039,A01G13/00
IPC00040,A01G13/02
IPC00041,A01G15/00
IPC00042,A01G17/00
IPC00043,A01G17/06
IPC00044,A01G2/30
IPC00045,A01G22/00
IPC00046,A01G23/00
IPC00047,A01G23/06
IPC00048,A01G23/08
IPC00049,A01G24/25
IPC00050,A01G25/09
IPC00051,A01G25/16
IPC00052,A01G27/00
IPC00053,A01G27/02
IPC00054,A01G27/04
IPC00055,A01G27/06
IPC00056,A01G29/00
IPC00057,A01G31/00
IPC00058,A01G31/02
IPC00059,A01G31/06
IPC00060,A01G7/00
IPC00061,A01G7/04
IPC00062,A01G7/06
IPC00063,A01G9/00
IPC00064,A01G9/02
IPC00065,A01G9/06
IPC00066,A01G9/10
IPC00067,A01G9/12
IPC00068,A01G9/14
IPC00069,A01G9/20
IPC00070,A01G9/24
IPC00071,A01H1/04
IPC00072,A01K1/02
IPC00073,A01K1/03
IPC00074,A01K11/00
IPC00075,A01K15/02
IPC00076,A01K27/00
IPC00077,A01K29/00
IPC00078,A01K43/00
IPC00079,A01K47/00
IPC00080,A01K47/02
IPC00081,A01K47/06
IPC00082,A01K5/00
IPC00083,A01K5/01
IPC00084,A01K5/02
IPC00085,A01K51/00
IPC00086,A01K61/00
IPC00087,A01K61/59
IPC00088,A01K61/60
IPC00089,A01K61/80
IPC00090,A01K61/85
IPC00091,A01K63/00
IPC00092,A01K63/04
IPC00093,A01K63/06
IPC00094,A01K67/02
IPC00095,A01K67/03
IPC00096,A01K67/04
IPC00097,A01K73/02
IPC00098,A01K75/00
IPC00099,A01K91/18
IPC00100,A01K97/00
IPC00101,A01K97/06
IPC00102,A01M1/02
IPC00103,A01M1/10
IPC00104,A01M13/00
IPC00105,A01M21/04
IPC00106,A01M29/06
IPC00107,A01M29/10
IPC00108,A01M29/12
IPC00109,A01M29/16
IPC00110,A01M29/18
IPC00111,A01M29/20
IPC00112,A01M29/32
IPC00113,A01M31/00
IPC00114,A01M7/00
IPC00115,A01N1/02
IPC00116,A01N25/00
IPC00117,A01N25/24
IPC00118,A01N25/34
IPC00119,A01N33/12
IPC00120,A01N43/16
IPC00121,A01N57/16
IPC00122,A01N59/00
IPC00123,A01N63/50
IPC00124,A01N65/00
IPC00125,A01N65/08
IPC00126,A01N65/12
IPC00127,A01N65/20
IPC00128,A01N65/22
IPC00129,A01N65/26
IPC00130,A21D10/02
IPC00131,A21D13/045
IPC00132,A21D13/06
IPC00133,A21D13/80
IPC00134,A21D2/36
IPC00135,A22C21/02
IPC00136,A22C25/02
IPC00137,A22C25/08
IPC00138,A22C25/14
IPC00139,A22C29/02
IPC00140,A22C7/00
IPC00141,A23B7/02
IPC00142,A23B7/04
IPC00143,A23B7/14
IPC00144,A23B7/15
IPC00145,A23B9/20
IPC00146,A23C21/00
IPC00147,A23C9/15
IPC00148,A23D7/02
IPC00149,A23D9/02
IPC00150,A23F3/06
IPC00151,A23F3/16
IPC00152,A23F3/34
IPC00153,A23F3/36
IPC00154,A23F5/24
IPC00155,A23G3/04
IPC00156,A23G3/34
IPC00157,A23G3/36
IPC00158,A23G3/48
IPC00159,A23G3/54
IPC00160,A23G9/04
IPC00161,A23G9/26
IPC00162,A23G9/32
IPC00163,A23G9/42
IPC00164,A23K10/12
IPC00165,A23K10/30
IPC00166,A23K10/37
IPC00167,A23K20/14
IPC00168,A23K20/15
IPC00169,A23K20/17
IPC00170,A23K40/10
IPC00171,A23K40/25
IPC00172,A23K50/10
IPC00173,A23K50/40
IPC00174,A23K50/48
IPC00175,A23K50/70
IPC00176,A23K50/75
IPC00177,A23K50/90
IPC00178,A23L1/30
IPC00179,A23L19/00
IPC00180,A23L25/00
IPC00181,A23L27/12
IPC00182,A23L29/00
IPC00183,A23L29/26
IPC00184,A23L3/00
IPC00185,A23L3/34
IPC00186,A23L3/35
IPC00187,A23L33/00
IPC00188,A23L33/10
IPC00189,A23L33/105
IPC00190,A23L33/15
IPC00191,A23L33/16
IPC00192,A23L33/22
IPC00193,A23L5/10
IPC00194,A23L5/41
IPC00195,A23L7/10
IPC00196,A23L7/11
IPC00197,A23N12/08
IPC00198,A23N17/00
IPC00199,A23N4/24
IPC00200,A23N5/00
IPC00201,A23N5/03
IPC00202,A23N5/08
IPC00203,A23P10/28
IPC00204,A23P10/40
IPC00205,A24B15/24
IPC00206,A24B15/28
IPC00207,A24B3/10
IPC00208,A24B5/02
IPC00209,A24C5/36
IPC00210,A24D3/06
IPC00211,A41B9/04
IPC00212,A41D1/00
IPC00213,A41D13/00
IPC00214,A41D13/01
IPC00215,A41D13/05
IPC00216,A41D13/11
IPC00217,A41D13/12
IPC00218,A41D19/00
IPC00219,A41D31/00
IPC00220,A41D31/12
IPC00221,A42B3/04
IPC00222,A42B3/06
IPC00223,A42B3/12
IPC00224,A42B3/22
IPC00225,A42B3/28
IPC00226,A42B3/30
IPC00227,A42C2/00
IPC00228,A43B1/00
IPC00229,A43B19/00
IPC00230,A43B3/00
IPC00231,A43B3/12
IPC00232,A43B3/34
IPC00233,A43B5/12
IPC00234,A43B7/00
IPC00235,A43C11/00
IPC00236,A45B19/00
IPC00237,A45B23/00
IPC00238,A45B25/02
IPC00239,A45B25/18
IPC00240,A45B25/28
IPC00241,A45C11/04
IPC00242,A45C11/20
IPC00243,A45C11/24
IPC00244,A45C13/24
IPC00245,A45C13/28
IPC00246,A45C5/14
IPC00247,A45D19/00
IPC00248,A45D20/12
IPC00249,A45D29/04
IPC00250,A45D34/04
IPC00251,A45D40/20
IPC00252,A45D44/00
IPC00253,A45D44/12
IPC00254,A45F3/04
IPC00255,A45F3/16
IPC00256,A45F3/20
IPC00257,A45F5/00
IPC00258,A45F5/02
IPC00259,A45F5/10
IPC00260,A46B11/00
IPC00261,A46B13/00
IPC00262,A46B15/00
IPC00263,A46B5/00
IPC00264,A46B5/02
IPC00265,A46B7/04
IPC00266,A46B9/02
IPC00267,A46B9/06
IPC00268,A46D1/00
IPC00269,A47B3/00
IPC00270,A47B47/00
IPC00271,A47B57/48
IPC00272,A47B63/00
IPC00273,A47B81/06
IPC00274,A47B85/00
IPC00275,A47B87/00
IPC00276,A47B96/02
IPC00277,A47B96/06
IPC00278,A47B96/14
IPC00279,A47C16/00
IPC00280,A47C16/02
IPC00281,A47C17/18
IPC00282,A47C29/00
IPC00283,A47C7/02
IPC00284,A47C7/38
IPC00285,A47C7/40
IPC00286,A47C9/00
IPC00287,A47F9/04
IPC00288,A47G19/16
IPC00289,A47G19/22
IPC00290,A47G21/00
IPC00291,A47G21/02
IPC00292,A47G21/04
IPC00293,A47G21/06
IPC00294,A47G23/16
IPC00295,A47G29/14
IPC00296,A47G29/20
IPC00297,A47G29/22
IPC00298,A47G7/04
IPC00299,A47J31/00
IPC00300,A47J31/06
IPC00301,A47J31/18
IPC00302,A47J31/20
IPC00303,A47J31/46
IPC00304,A47J31/56
IPC00305,A47J36/06
IPC00306,A47J36/16
IPC00307,A47J37/10
IPC00308,A47J37/12
IPC00309,A47J41/00
IPC00310,A47J43/04
IPC00311,A47J43/25
IPC00312,A47J43/28
IPC00313,A47J47/14
IPC00314,A47K11/04
IPC00315,A47K13/10
IPC00316,A47K17/02
IPC00317,A47K7/02
IPC00318,A47K7/04
IPC00319,A47L1/02
IPC00320,A47L11/40
IPC00321,A47L15/00
IPC00322,A47L17/00
IPC00323,A47L23/02
IPC00324,A47L23/22
IPC00325,A47L23/26
IPC00326,A47L5/22
IPC00327,A47L5/38
IPC00328,A47L9/00
IPC00329,A47L9/02
IPC00330,A47L9/06
IPC00331,A47L9/24
IPC00332,A47L9/28
IPC00333,A61B1/00
IPC00334,A61B1/01
IPC00335,A61B1/06
IPC00336,A61B1/24
IPC00337,A61B1/32
IPC00338,A61B10/00
IPC00339,A61B10/02
IPC00340,A61B17/00
IPC00341,A61B17/02
IPC00342,A61B17/06
IPC00343,A61B17/07
IPC00344,A61B17/12
IPC00345,A61B17/132
IPC00346,A61B17/135
IPC00347,A61B17/16
IPC00348,A61B17/22
IPC00349,A61B17/29
IPC00350,A61B17/32
IPC00351,A61B17/42
IPC00352,A61B17/80
IPC00353,A61B18/00
IPC00354,A61B18/02
IPC00355,A61B18/12
IPC00356,A61B18/14
IPC00357,A61B18/18
IPC00358,A61B3/00
IPC00359,A61B3/03
IPC00360,A61B3/11
IPC00361,A61B3/113
IPC00362,A61B3/12
IPC00363,A61B34/00
IPC00364,A61B34/20
IPC00365,A61B34/30
IPC00366,A61B42/00
IPC00367,A61B46/23
IPC00368,A61B5/00
IPC00369,A61B5/01
IPC00370,A61B5/02
IPC00371,A61B5/0205
IPC00372,A61B5/0215
IPC00373,A61B5/024
IPC00374,A61B5/026
IPC00375,A61B5/04
IPC00376,A61B5/0408
IPC00377,A61B5/0452
IPC00378,A61B5/0476
IPC00379,A61B5/0478
IPC00380,A61B5/05
IPC00381,A61B5/06
IPC00382,A61B5/07
IPC00383,A61B5/08
IPC00384,A61B5/10
IPC00385,A61B5/11
IPC00386,A61B5/14
IPC00387,A61B5/145
IPC00388,A61B5/1455
IPC00389,A61B5/1459
IPC00390,A61B5/15
IPC00391,A61B5/16
IPC00392,A61B5/18
IPC00393,A61B5/24
IPC00394,A61B5/25
IPC00395,A61B5/256
IPC00396,A61B5/259
IPC00397,A61B5/262
IPC00398,A61B5/28
IPC00399,A61B5/29
IPC00400,A61B5/291
IPC00401,A61B5/296
IPC00402,A61B5/308
IPC00403,A61B5/31
IPC00404,A61B5/318
IPC00405,A61B5/34
IPC00406,A61B5/352
IPC00407,A61B5/36
IPC00408,A61B5/361
IPC00409,A61B5/369
IPC00410,A61B5/374
IPC00411,A61B5/378
IPC00412,A61B5/38
IPC00413,A61B5/389
IPC00414,A61B5/392
IPC00415,A61B50/00
IPC00416,A61B6/00
IPC00417,A61B6/03
IPC00418,A61B6/14
IPC00419,A61B6/42
IPC00420,A61B6/50
IPC00421,A61B7/00
IPC00422,A61B7/02
IPC00423,A61B7/04
IPC00424,A61B8/00
IPC00425,A61B8/08
IPC00426,A61B8/12
IPC00427,A61B8/13
IPC00428,A61B8/14
IPC00429,A61B90/00
IPC00430,A61C1/07
IPC00431,A61C1/08
IPC00432,A61C13/00
IPC00433,A61C13/01
IPC00434,A61C13/15
IPC00435,A61C15/04
IPC00436,A61C17/02
IPC00437,A61C19/00
IPC00438,A61C19/04
IPC00439,A61C3/14
IPC00440,A61C5/00
IPC00441,A61C5/40
IPC00442,A61C5/90
IPC00443,A61C7/00
IPC00444,A61C7/02
IPC00445,A61C7/08
IPC00446,A61C7/12
IPC00447,A61C7/14
IPC00448,A61C7/16
IPC00449,A61C7/28
IPC00450,A61C7/30
IPC00451,A61C7/36
IPC00452,A61C8/00
IPC00453,A61C9/00
IPC00454,A61F13/08
IPC00455,A61F13/15
IPC00456,A61F13/47
IPC00457,A61F13/551
IPC00458,A61F13/56
IPC00459,A61F13/84
IPC00460,A61F2/00
IPC00461,A61F2/07
IPC00462,A61F2/12
IPC00463,A61F2/24
IPC00464,A61F2/28
IPC00465,A61F2/30
IPC00466,A61F2/34
IPC00467,A61F2/36
IPC00468,A61F2/40
IPC00469,A61F2/50
IPC00470,A61F2/54
IPC00471,A61F2/56
IPC00472,A61F2/58
IPC00473,A61F2/60
IPC00474,A61F2/68
IPC00475,A61F2/70
IPC00476,A61F2/72
IPC00477,A61F2/76
IPC00478,A61F2/78
IPC00479,A61F2/80
IPC00480,A61F2/82
IPC00481,A61F2/86
IPC00482,A61F4/00
IPC00483,A61F5/00
IPC00484,A61F5/01
IPC00485,A61F5/05
IPC00486,A61F5/37
IPC00487,A61F5/44
IPC00488,A61F5/45
IPC00489,A61F7/00
IPC00490,A61F7/02
IPC00491,A61F7/08
IPC00492,A61F9/00
IPC00493,A61F9/08
IPC00494,A61G1/02
IPC00495,A61G13/12
IPC00496,A61G3/00
IPC00497,A61G3/06
IPC00498,A61G3/08
IPC00499,A61G5/04
IPC00500,A61G5/06
IPC00501,A61G5/10
IPC00502,A61G5/12
IPC00503,A61G7/05
IPC00504,A61G7/10
IPC00505,A61H1/00
IPC00506,A61H1/02
IPC00507,A61H11/00
IPC00508,A61H15/00
IPC00509,A61H23/00
IPC00510,A61H23/02
IPC00511,A61H3/00
IPC00512,A61H3/02
IPC00513,A61H3/04
IPC00514,A61H3/06
IPC00515,A61H31/00
IPC00516,A61H39/08
IPC00517,A61H7/00
IPC00518,A61H9/00
IPC00519,A61J1/03
IPC00520,A61J15/00
IPC00521,A61J7/00
IPC00522,A61J7/04
IPC00523,A61K/47/12
IPC00524,A61K/47/14
IPC00525,A61K31/00
IPC00526,A61K31/04
IPC00527,A61K31/05
IPC00528,A61K31/12
IPC00529,A61K31/13
IPC00530,A61K31/16
IPC00531,A61K31/165
IPC00532,A61K31/18
IPC00533,A61K31/19
IPC00534,A61K31/21
IPC00535,A61K31/28
IPC00536,A61K31/282
IPC00537,A61K31/33
IPC00538,A61K31/337
IPC00539,A61K31/35
IPC00540,A61K31/36
IPC00541,A61K31/38
IPC00542,A61K31/381
IPC00543,A61K31/395
IPC00544,A61K31/404
IPC00545,A61K31/407
IPC00546,A61K31/4196
IPC00547,A61K31/42
IPC00548,A61K31/43
IPC00549,A61K31/436
IPC00550,A61K31/437
IPC00551,A61K31/44
IPC00552,A61K31/4409
IPC00553,A61K31/445
IPC00554,A61K31/47
IPC00555,A61K31/473
IPC00556,A61K31/4745
IPC00557,A61K31/49
IPC00558,A61K31/496
IPC00559,A61K31/498
IPC00560,A61K31/4985
IPC00561,A61K31/501
IPC00562,A61K31/502
IPC00563,A61K31/5025
IPC00564,A61K31/506
IPC00565,A61K31/51
IPC00566,A61K31/519
IPC00567,A61K31/52
IPC00568,A61K31/53
IPC00569,A61K31/5377
IPC00570,A61K31/55
IPC00571,A61K31/5517
IPC00572,A61K31/555
IPC00573,A61K31/56
IPC00574,A61K31/65
IPC00575,A61K31/66
IPC00576,A61K31/67
IPC00577,A61K31/70
IPC00578,A61K31/7036
IPC00579,A61K31/706
IPC00580,A61K31/7088
IPC00581,A61K31/71
IPC00582,A61K31/7105
IPC00583,A61K31/713
IPC00584,A61K33/04
IPC00585,A61K33/06
IPC00586,A61K33/14
IPC00587,A61K33/24
IPC00588,A61K33/30
IPC00589,A61K33/38
IPC00590,A61K33/42
IPC00591,A61K35/12
IPC00592,A61K35/13
IPC00593,A61K35/15
IPC00594,A61K35/28
IPC00595,A61K35/58
IPC00596,A61K35/74
IPC00597,A61K35/744
IPC00598,A61K36/00
IPC00599,A61K36/18
IPC00600,A61K36/185
IPC00601,A61K36/21
IPC00602,A61K36/22
IPC00603,A61K36/23
IPC00604,A61K36/25
IPC00605,A61K36/27
IPC00606,A61K36/28
IPC00607,A61K36/38
IPC00608,A61K36/47
IPC00609,A61K36/48
IPC00610,A61K36/53
IPC00611,A61K36/58
IPC00612,A61K36/60
IPC00613,A61K36/67
IPC00614,A61K36/68
IPC00615,A61K36/73
IPC00616,A61K36/75
IPC00617,A61K36/80
IPC00618,A61K36/82
IPC00619,A61K36/84
IPC00620,A61K36/88
IPC00621,A61K36/89
IPC00622,A61K36/90
IPC00623,A61K36/9066
IPC00624,A61K36/9068
IPC00625,A61K38/00
IPC00626,A61K38/02
IPC00627,A61K38/08
IPC00628,A61K38/16
IPC00629,A61K38/17
IPC00630,A61K38/18
IPC00631,A61K38/19
IPC00632,A61K38/21
IPC00633,A61K38/46
IPC00634,A61K38/47
IPC00635,A61K39/00
IPC00636,A61K39/108
IPC00637,A61K39/12
IPC00638,A61K39/14
IPC00639,A61K39/145
IPC00640,A61K39/21
IPC00641,A61K39/215
IPC00642,A61K39/25
IPC00643,A61K39/29
IPC00644,A61K39/39
IPC00645,A61K39/395
IPC00646,A61K41/00
IPC00647,A61K45/00
IPC00648,A61K45/06
IPC00649,A61K47/02
IPC00650,A61K47/10
IPC00651,A61K47/12
IPC00652,A61K47/18
IPC00653,A61K47/24
IPC00654,A61K47/26
IPC00655,A61K47/28
IPC00656,A61K47/32
IPC00657,A61K47/34
IPC00658,A61K47/36
IPC00659,A61K47/38
IPC00660,A61K47/44
IPC00661,A61K47/50
IPC00662,A61K47/54
IPC00663,A61K47/60
IPC00664,A61K47/64
IPC00665,A61K47/68
IPC00666,A61K47/69
IPC00667,A61K48/00
IPC00668,A61K49/00
IPC00669,A61K6/00
IPC00670,A61K6/08
IPC00671,A61K6/54
IPC00672,A61K6/78
IPC00673,A61K6/81
IPC00674,A61K6/82
IPC00675,A61K8/19
IPC00676,A61K8/20
IPC00677,A61K8/21
IPC00678,A61K8/29
IPC00679,A61K8/42
IPC00680,A61K8/49
IPC00681,A61K8/64
IPC00682,A61K8/73
IPC00683,A61K8/81
IPC00684,A61K8/84
IPC00685,A61K8/86
IPC00686,A61K8/89
IPC00687,A61K8/92
IPC00688,A61K8/97
IPC00689,A61K9/00
IPC00690,A61K9/02
IPC00691,A61K9/06
IPC00692,A61K9/08
IPC00693,A61K9/10
IPC00694,A61K9/12
IPC00695,A61K9/127
IPC00696,A61K9/14
IPC00697,A61K9/16
IPC00698,A61K9/20
IPC00699,A61K9/28
IPC00700,A61K9/30
IPC00701,A61K9/48
IPC00702,A61K9/50
IPC00703,A61K9/51
IPC00704,A61K9/52
IPC00705,A61K9/62
IPC00706,A61K9/70
IPC00707,A61L11/00
IPC00708,A61L15/18
IPC00709,A61L15/24
IPC00710,A61L15/28
IPC00711,A61L15/40
IPC00712,A61L15/44
IPC00713,A61L15/46
IPC00714,A61L15/60
IPC00715,A61L17/12
IPC00716,A61L2/04
IPC00717,A61L2/10
IPC00718,A61L2/14
IPC00719,A61L2/18
IPC00720,A61L2/22
IPC00721,A61L2/24
IPC00722,A61L24/00
IPC00723,A61L24/04
IPC00724,A61L26/00
IPC00725,A61L27/06
IPC00726,A61L27/12
IPC00727,A61L27/16
IPC00728,A61L27/18
IPC00729,A61L27/20
IPC00730,A61L27/22
IPC00731,A61L27/24
IPC00732,A61L27/26
IPC00733,A61L27/30
IPC00734,A61L27/32
IPC00735,A61L27/34
IPC00736,A61L27/36
IPC00737,A61L27/38
IPC00738,A61L27/44
IPC00739,A61L27/46
IPC00740,A61L27/50
IPC00741,A61L27/52
IPC00742,A61L27/54
IPC00743,A61L27/56
IPC00744,A61L29/04
IPC00745,A61L29/16
IPC00746,A61L31/04
IPC00747,A61L31/08
IPC00748,A61L31/10
IPC00749,A61L31/14
IPC00750,A61L31/16
IPC00751,A61L9/01
IPC00752,A61L9/02
IPC00753,A61L9/03
IPC00754,A61L9/04
IPC00755,A61L9/12
IPC00756,A61L9/14
IPC00757,A61L9/20
IPC00758,A61M1/00
IPC00759,A61M1/14
IPC00760,A61M1/16
IPC00761,A61M1/36
IPC00762,A61M11/00
IPC00763,A61M11/04
IPC00764,A61M15/00
IPC00765,A61M15/08
IPC00766,A61M16/00
IPC00767,A61M16/04
IPC00768,A61M16/06
IPC00769,A61M16/08
IPC00770,A61M16/10
IPC00771,A61M21/00
IPC00772,A61M21/02
IPC00773,A61M25/00
IPC00774,A61M25/01
IPC00775,A61M25/09
IPC00776,A61M25/10
IPC00777,A61M3/02
IPC00778,A61M35/00
IPC00779,A61M37/00
IPC00780,A61M5/00
IPC00781,A61M5/14
IPC00782,A61M5/142
IPC00783,A61M5/145
IPC00784,A61M5/15
IPC00785,A61M5/16
IPC00786,A61M5/168
IPC00787,A61M5/17
IPC00788,A61M5/172
IPC00789,A61M5/19
IPC00790,A61M5/24
IPC00791,A61M5/28
IPC00792,A61M5/31
IPC00793,A61M5/32
IPC00794,A61M5/42
IPC00795,A61M5/46
IPC00796,A61M5/50
IPC00797,A61N1/04
IPC00798,A61N1/05
IPC00799,A61N1/36
IPC00800,A61N1/37
IPC00801,A61N1/378
IPC00802,A61N1/39
IPC00803,A61N1/40
IPC00804,A61N2/00
IPC00805,A61N5/06
IPC00806,A61N5/10
IPC00807,A61N7/00
IPC00808,A61N7/02
IPC00809,A61P1/02
IPC00810,A61P1/04
IPC00811,A61P1/16
IPC00812,A61P11/00
IPC00813,A61P13/12
IPC00814,A61P15/18
IPC00815,A61P17/00
IPC00816,A61P17/02
IPC00817,A61P17/06
IPC00818,A61P19/00
IPC00819,A61P19/02
IPC00820,A61P19/06
IPC00821,A61P19/08
IPC00822,A61P19/10
IPC00823,A61P21/00
IPC00824,A61P25/00
IPC00825,A61P25/04
IPC00826,A61P25/06
IPC00827,A61P25/08
IPC00828,A61P25/14
IPC00829,A61P25/16
IPC00830,A61P25/18
IPC00831,A61P25/22
IPC00832,A61P25/24
IPC00833,A61P25/28
IPC00834,A61P27/00
IPC00835,A61P27/02
IPC00836,A61P27/06
IPC00837,A61P29/00
IPC00838,A61P3/00
IPC00839,A61P3/02
IPC00840,A61P3/04
IPC00841,A61P3/06
IPC00842,A61P3/08
IPC00843,A61P3/10
IPC00844,A61P31/00
IPC00845,A61P31/04
IPC00846,A61P31/06
IPC00847,A61P31/10
IPC00848,A61P31/14
IPC00849,A61P31/18
IPC00850,A61P33/06
IPC00851,A61P33/10
IPC00852,A61P35/00
IPC00853,A61P37/00
IPC00854,A61P37/02
IPC00855,A61P37/04
IPC00856,A61P37/06
IPC00857,A61P39/02
IPC00858,A61P39/06
IPC00859,A61P43/00
IPC00860,A61P5/00
IPC00861,A61P7/00
IPC00862,A61P9/00
IPC00863,A61P9/10
IPC00864,A61Q1/02
IPC00865,A61Q1/10
IPC00866,A61Q11/00
IPC00867,A61Q11/02
IPC00868,A61Q17/04
IPC00869,A61Q19/00
IPC00870,A61Q19/08
IPC00871,A61Q5/06
IPC00872,A61Q5/08
IPC00873,A61Q5/10
IPC00874,A61Q5/12
IPC00875,A61Q7/00
IPC00876,A62B1/22
IPC00877,A62B18/00
IPC00878,A62B23/02
IPC00879,A62B33/00
IPC00880,A62B35/04
IPC00881,A62C3/02
IPC00882,A62C37/36
IPC00883,A63B21/00
IPC00884,A63B21/06
IPC00885,A63B21/16
IPC00886,A63B23/16
IPC00887,A63B24/00
IPC00888,A63B27/02
IPC00889,A63B29/02
IPC00890,A63B47/02
IPC00891,A63B6/00
IPC00892,A63B65/02
IPC00893,A63B69/00
IPC00894,A63B71/00
IPC00895,A63B71/06
IPC00896,A63C17/12
IPC00897,A63C17/22
IPC00898,A63F13/21
IPC00899,A63F13/23
IPC00900,A63F13/24
IPC00901,A63F13/30
IPC00902,A63F13/46
IPC00903,A63F13/65
IPC00904,A63F13/69
IPC00905,A63F13/79
IPC00906,A63F13/80
IPC00907,A63F3/00
IPC00908,A63F3/02
IPC00909,A63F3/04
IPC00910,A63F7/32
IPC00911,A63F9/04
IPC00912,A63F9/18
IPC00913,A63F9/24
IPC00914,A63H13/08
IPC00915,A63H27/08B64C31/06B64D17/62
IPC00916,A63H27/28
IPC00917,A63H3/28
IPC00918,A63H30/04
IPC00919,A63K3/04
IPC00920,B01D1/00
IPC00921,B01D1/22
IPC00922,B01D11/02
IPC00923,B01D15/16
IPC00924,B01D15/20
IPC00925,B01D15/30
IPC00926,B01D15/38
IPC00927,B01D21/26
IPC00928,B01D36/00
IPC00929,B01D39/16
IPC00930,B01D39/20
IPC00931,B01D45/08
IPC00932,B01D45/12
IPC00933,B01D45/16
IPC00934,B01D46/00
IPC00935,B01D46/24
IPC00936,B01D46/44
IPC00937,B01D46/52
IPC00938,B01D5/00
IPC00939,B01D53/00
IPC00940,B01D53/02
IPC00941,B01D53/04
IPC00942,B01D53/22
IPC00943,B01D53/26
IPC00944,B01D53/32
IPC00945,B01D53/44
IPC00946,B01D53/62
IPC00947,B01D53/72
IPC00948,B01D53/86
IPC00949,B01D61/00
IPC00950,B01D61/02
IPC00951,B01D61/08
IPC00952,B01D61/10
IPC00953,B01D61/12
IPC00954,B01D61/42
IPC00955,B01D65/08
IPC00956,B01D65/10
IPC00957,B01D67/00
IPC00958,B01D69/08
IPC00959,B01D69/14
IPC00960,B01F13/00
IPC00961,B01F23/213
IPC00962,B01F23/237
IPC00963,B01F23/40
IPC00964,B01F23/41
IPC00965,B01F25/41
IPC00966,B01F3/04
IPC00967,B01F35/71
IPC00968,B01F5/00
IPC00969,B01F7/00
IPC00970,B01F7/30
IPC00971,B01J19/00
IPC00972,B01J19/08
IPC00973,B01J19/24
IPC00974,B01J20/04
IPC00975,B01J20/08
IPC00976,B01J20/10
IPC00977,B01J20/20
IPC00978,B01J20/22
IPC00979,B01J20/24
IPC00980,B01J20/28
IPC00981,B01J20/30
IPC00982,B01J20/32
IPC00983,B01J21/06
IPC00984,B01J23/04
IPC00985,B01J23/06
IPC00986,B01J23/10
IPC00987,B01J23/14
IPC00988,B01J23/72
IPC00989,B01J23/75
IPC00990,B01J23/80
IPC00991,B01J23/88
IPC00992,B01J23/89
IPC00993,B01J27/185
IPC00994,B01J27/24
IPC00995,B01J29/40
IPC00996,B01J31/00
IPC00997,B01J31/16
IPC00998,B01J31/22
IPC00999,B01J35/00
IPC01000,B01J35/10
IPC01001,B01J35/39
IPC01002,B01J35/45
IPC01003,B01J37/00
IPC01004,B01J37/02
IPC01005,B01J37/18
IPC01006,B01J39/20
IPC01007,B01J49/00
IPC01008,B01J8/02
IPC01009,B01L3/00
IPC01010,B01L3/02
IPC01011,B01L7/00
IPC01012,B02B7/00
IPC01013,B02C17/08
IPC01014,B02C17/10
IPC01015,B02C17/16
IPC01016,B02C17/18
IPC01017,B02C17/20
IPC01018,B02C18/00
IPC01019,B02C18/06
IPC01020,B02C23/08
IPC01021,B03B9/06
IPC01022,B03C1/03
IPC01023,B03C1/28
IPC01024,B03C1/30
IPC01025,B03C3/38
IPC01026,B03D1/02
IPC01027,B03D1/14
IPC01028,B04C11/00
IPC01029,B04C5/13
IPC01030,B04C9/00
IPC01031,B05B1/00
IPC01032,B05B1/02
IPC01033,B05B1/08
IPC01034,B05B1/12
IPC01035,B05B1/26
IPC01036,B05B1/30
IPC01037,B05B11/00
IPC01038,B05B12/00
IPC01039,B05B16/20
IPC01040,B05B17/04
IPC01041,B05B17/06
IPC01042,B05B7/00
IPC01043,B05B7/10
IPC01044,B05B7/16
IPC01045,B05B7/24
IPC01046,B05B7/32
IPC01047,B05B9/08
IPC01048,B05C11/10
IPC01049,B05D1/00
IPC01050,B05D1/02
IPC01051,B05D3/00
IPC01052,B05D3/02
IPC01053,B05D5/08
IPC01054,B05D7/14
IPC01055,B05D7/24
IPC01056,B06B1/02
IPC01057,B06B1/06
IPC01058,B07B9/00
IPC01059,B07C1/16
IPC01060,B07C3/00
IPC01061,B07C5/36
IPC01062,B08B1/00
IPC01063,B08B1/04
IPC01064,B08B3/02
IPC01065,B08B3/04
IPC01066,B08B3/12
IPC01067,B08B5/02
IPC01068,B08B7/00
IPC01069,B08B9/02
IPC01070,B08B9/08
IPC01071,B08B9/09
IPC01072,B09B1/00
IPC01073,B09B3/00
IPC01074,B09B3/30
IPC01075,B09B3/35
IPC01076,B09B3/40
IPC01077,B09B5/00
IPC01078,B21B3/00
IPC01079,B21C23/00
IPC01080,B21C25/02
IPC01081,B21D47/00
IPC01082,B21J13/02
IPC01083,B21J15/02
IPC01084,B22D11/00
IPC01085,B22D11/04
IPC01086,B22D17/30
IPC01087,B22D19/00
IPC01088,B22D21/00
IPC01089,B22D25/00
IPC01090,B22D39/00
IPC01091,B22F1/00
IPC01092,B22F1/02
IPC01093,B22F1/054
IPC01094,B22F10/00
IPC01095,B22F10/20
IPC01096,B22F10/36
IPC01097,B22F10/50
IPC01098,B22F3/02
IPC01099,B22F3/10
IPC01100,B22F3/11
IPC01101,B22F7/04
IPC01102,B22F9/24
IPC01103,B23B27/14
IPC01104,B23B5/02
IPC01105,B23D67/00
IPC01106,B23K1/00
IPC01107,B23K103/10
IPC01108,B23K103/14
IPC01109,B23K11/18
IPC01110,B23K20/00
IPC01111,B23K20/12
IPC01112,B23K20/22
IPC01113,B23K20/26
IPC01114,B23K23/00
IPC01115,B23K35/28
IPC01116,B23P25/00
IPC01117,B23Q11/10
IPC01118,B23Q7/04
IPC01119,B24B1/00
IPC01120,B24B41/00
IPC01121,B24B49/16
IPC01122,B24B55/05
IPC01123,B24B55/06
IPC01124,B25B5/14
IPC01125,B25G3/16
IPC01126,B25J11/00
IPC01127,B25J13/00
IPC01128,B25J13/08
IPC01129,B25J15/00
IPC01130,B25J15/08
IPC01131,B25J17/00
IPC01132,B25J17/02
IPC01133,B25J18/00
IPC01134,B25J18/02
IPC01135,B25J18/06
IPC01136,B25J19/00
IPC01137,B25J19/02
IPC01138,B25J5/00
IPC01139,B25J9/00
IPC01140,B25J9/04
IPC01141,B25J9/06
IPC01142,B25J9/10
IPC01143,B25J9/16
IPC01144,B26D5/08
IPC01145,B26D7/00
IPC01146,B26D7/06
IPC01147,B26D7/26
IPC01148,B26F3/00
IPC01149,B27B1/00
IPC01150,B27C7/00
IPC01151,B27C7/04
IPC01152,B27J1/00
IPC01153,B27K3/50
IPC01154,B27L9/00
IPC01155,B27N1/02
IPC01156,B27N3/04
IPC01157,B28B11/24
IPC01158,B28B17/00
IPC01159,B28B19/00
IPC01160,B28C7/04
IPC01161,B28D5/02
IPC01162,B28D7/04
IPC01163,B29B11/12
IPC01164,B29B17/00
IPC01165,B29B17/02
IPC01166,B29B17/04
IPC01167,B29C33/00
IPC01168,B29C33/10
IPC01169,B29C33/38
IPC01170,B29C35/02
IPC01171,B29C41/42
IPC01172,B29C43/00
IPC01173,B29C43/02
IPC01174,B29C43/36
IPC01175,B29C45/02
IPC01176,B29C45/14
IPC01177,B29C45/76
IPC01178,B29C48/02
IPC01179,B29C48/08
IPC01180,B29C48/09
IPC01181,B29C48/28
IPC01182,B29C48/46
IPC01183,B29C48/57
IPC01184,B29C48/67
IPC01185,B29C48/92
IPC01186,B29C55/00
IPC01187,B29C64/10
IPC01188,B29C64/106
IPC01189,B29C64/11
IPC01190,B29C64/118
IPC01191,B29C64/129
IPC01192,B29C64/16
IPC01193,B29C64/20
IPC01194,B29C64/205
IPC01195,B29C64/209
IPC01196,B29C64/227
IPC01197,B29C64/245
IPC01198,B29C64/29
IPC01199,B29C64/295
IPC01200,B29C64/30
IPC01201,B29C64/321
IPC01202,B29C64/329
IPC01203,B29C64/35
IPC01204,B29C64/393
IPC01205,B29C64/40
IPC01206,B29C65/00
IPC01207,B29C65/04
IPC01208,B29C65/08
IPC01209,B29C65/56
IPC01210,B29C65/78
IPC01211,B29C67/00
IPC01212,B29C70/08
IPC01213,B29C70/38
IPC01214,B29C70/44
IPC01215,B29C70/48
IPC01216,B29D11/00
IPC01217,B29D24/00
IPC01218,B29K105/06
IPC01219,B29K21/00
IPC01220,B29K301/12
IPC01221,B29K309/08
IPC01222,B29K63/00
IPC01223,B29K709/08
IPC01224,B29K75/00
IPC01225,B29K83/00
IPC01226,B29L23/00
IPC01227,B29L31/00
IPC01228,B29L31/10
IPC01229,B29L31/30
IPC01230,B30B9/30
IPC01231,B31D5/00
IPC01232,B32B15/04
IPC01233,B32B15/08
IPC01234,B32B15/092
IPC01235,B32B17/10
IPC01236,B32B23/08
IPC01237,B32B25/08
IPC01238,B32B25/16
IPC01239,B32B27/00
IPC01240,B32B27/02
IPC01241,B32B27/04
IPC01242,B32B27/06
IPC01243,B32B27/08
IPC01244,B32B27/12
IPC01245,B32B27/18
IPC01246,B32B27/20
IPC01247,B32B27/30
IPC01248,B32B27/32
IPC01249,B32B27/34
IPC01250,B32B27/36
IPC01251,B32B3/12
IPC01252,B32B37/04
IPC01253,B32B37/12
IPC01254,B32B37/14
IPC01255,B32B37/24
IPC01256,B32B5/02
IPC01257,B32B5/16
IPC01258,B32B5/18
IPC01259,B32B5/26
IPC01260,B32B7/02
IPC01261,B32B7/12
IPC01262,B32B9/00
IPC01263,B32B9/02
IPC01264,B32B9/04
IPC01265,B33Y10/00
IPC01266,B33Y30/00
IPC01267,B33Y40/00
IPC01268,B33Y40/20
IPC01269,B33Y50/00
IPC01270,B33Y50/02
IPC01271,B33Y70/00
IPC01272,B33Y70/10
IPC01273,B33Y80/00
IPC01274,B33Y99/00
IPC01275,B41F13/28
IPC01276,B41J11/42
IPC01277,B41J2/04
IPC01278,B41J2/14
IPC01279,B41J2/16
IPC01280,B41J25/00
IPC01281,B41J29/17
IPC01282,B41J3/32
IPC01283,B41J3/40
IPC01284,B41J3/44
IPC01285,B41J5/10
IPC01286,B41K1/02
IPC01287,B41K1/32
IPC01288,B41K1/36
IPC01289,B41K1/54
IPC01290,B41M5/00
IPC01291,B41M5/32
IPC01292,B42C15/00
IPC01293,B42D5/04
IPC01294,B42F1/08
IPC01295,B42F1/12
IPC01296,B43K19/00
IPC01297,B43K23/10
IPC01298,B43K27/00
IPC01299,B43K29/00
IPC01300,B43L1/00
IPC01301,B43L1/06
IPC01302,B43L13/00
IPC01303,B43L13/02
IPC01304,B43L21/02
IPC01305,B43L7/00
IPC01306,B43L9/02
IPC01307,B43M99/00
IPC01308,B44B1/00
IPC01309,B60B19/12
IPC01310,B60B7/00
IPC01311,B60C11/03
IPC01312,B60C23/04
IPC01313,B60C23/06
IPC01314,B60C23/20
IPC01315,B60F5/02
IPC01316,B60G11/02
IPC01317,B60G13/14
IPC01318,B60H1/00
IPC01319,B60H1/03
IPC01320,B60H3/00
IPC01321,B60K16/00
IPC01322,B60K28/06
IPC01323,B60K31/00
IPC01324,B60K35/10
IPC01325,B60K6/36
IPC01326,B60K6/38
IPC01327,B60K6/44
IPC01328,B60K6/48
IPC01329,B60K7/00
IPC01330,B60L15/20
IPC01331,B60L3/04
IPC01332,B60L5/20
IPC01333,B60L5/22
IPC01334,B60L5/24
IPC01335,B60L5/30
IPC01336,B60L5/38
IPC01337,B60L50/51
IPC01338,B60L50/60
IPC01339,B60L53/00
IPC01340,B60L53/12
IPC01341,B60L53/14
IPC01342,B60L53/16
IPC01343,B60L53/20
IPC01344,B60L53/22
IPC01345,B60L53/30
IPC01346,B60L53/31
IPC01347,B60L53/35
IPC01348,B60L53/51
IPC01349,B60L53/52
IPC01350,B60L53/53
IPC01351,B60L53/62
IPC01352,B60L53/63
IPC01353,B60L53/65
IPC01354,B60L53/66
IPC01355,B60L53/67
IPC01356,B60L53/80
IPC01357,B60L55/00
IPC01358,B60L58/10
IPC01359,B60L58/12
IPC01360,B60L58/13
IPC01361,B60L58/18
IPC01362,B60L58/22
IPC01363,B60L58/26
IPC01364,B60L58/40
IPC01365,B60L7/10
IPC01366,B60L8/00
IPC01367,B60M3/00
IPC01368,B60N2/02
IPC01369,B60N2/06
IPC01370,B60N2/24
IPC01371,B60N2/28
IPC01372,B60N2/50
IPC01373,B60N3/06
IPC01374,B60Q1/32
IPC01375,B60Q1/34
IPC01376,B60Q1/40
IPC01377,B60Q1/42
IPC01378,B60Q1/50
IPC01379,B60Q1/52
IPC01380,B60Q9/00
IPC01381,B60R1/00
IPC01382,B60R1/20
IPC01383,B60R11/02
IPC01384,B60R21/00
IPC01385,B60R21/01
IPC01386,B60R21/16
IPC01387,B60R21/18
IPC01388,B60R21/23
IPC01389,B60R22/02
IPC01390,B60R22/18
IPC01391,B60R22/48
IPC01392,B60R25/02
IPC01393,B60R25/04
IPC01394,B60R25/10
IPC01395,B60R25/102
IPC01396,B60R25/25
IPC01397,B60R25/30
IPC01398,B60S1/08
IPC01399,B60S3/04
IPC01400,B60S3/06
IPC01401,B60T1/00
IPC01402,B60T1/06
IPC01403,B60T17/22
IPC01404,B60T8/17
IPC01405,B60T8/32
IPC01406,B60T8/40
IPC01407,B60T8/48
IPC01408,B60T8/66
IPC01409,B60T8/90
IPC01410,B60T8/96
IPC01411,B60V1/00
IPC01412,B60V1/11
IPC01413,B60V1/14
IPC01414,B60V1/16
IPC01415,B60V3/06
IPC01416,B60W10/06
IPC01417,B60W10/08
IPC01418,B60W10/18
IPC01419,B60W10/20
IPC01420,B60W20/11
IPC01421,B60W30/09
IPC01422,B60W30/18
IPC01423,B60W40/08
IPC01424,B60W50/00
IPC01425,B60W50/02
IPC01426,B60W50/14
IPC01427,B60W60/00
IPC01428,B61K9/04
IPC01429,B61L15/00
IPC01430,B61L23/04
IPC01431,B61L23/34
IPC01432,B61L27/00
IPC01433,B61L27/04
IPC01434,B62B3/14
IPC01435,B62B5/00
IPC01436,B62D1/06
IPC01437,B62D15/02
IPC01438,B62D25/08
IPC01439,B62D31/02
IPC01440,B62D35/00
IPC01441,B62D35/02
IPC01442,B62D37/02
IPC01443,B62D57/02
IPC01444,B62D57/03
IPC01445,B62D61/10
IPC01446,B62H1/02
IPC01447,B62H5/00
IPC01448,B62H5/16
IPC01449,B62H5/20
IPC01450,B62J27/00
IPC01451,B62K11/00
IPC01452,B62K11/02
IPC01453,B62K15/00
IPC01454,B62K21/16
IPC01455,B62K3/02
IPC01456,B62M6/45
IPC01457,B62M6/55
IPC01458,B62M6/60
IPC01459,B62M6/90
IPC01460,B62M7/12
IPC01461,B63B29/02
IPC01462,B63B34/56
IPC01463,B63B35/00
IPC01464,B63B35/32
IPC01465,B63B35/44
IPC01466,B63B35/50
IPC01467,B63C11/52
IPC01468,B63C7/26
IPC01469,B63G11/00
IPC01470,B63G13/02
IPC01471,B63G8/00
IPC01472,B63H1/36
IPC01473,B63H20/10
IPC01474,B64B1/22
IPC01475,B64B1/30
IPC01476,B64C11/06
IPC01477,B64C11/18
IPC01478,B64C11/30
IPC01479,B64C13/16
IPC01480,B64C21/06
IPC01481,B64C21/10
IPC01482,B64C23/00
IPC01483,B64C25/58
IPC01484,B64C27/08
IPC01485,B64C29/00
IPC01486,B64C3/14
IPC01487,B64C3/26
IPC01488,B64C3/38
IPC01489,B64C3/44
IPC01490,B64C3/54
IPC01491,B64C3/56
IPC01492,B64C30/00
IPC01493,B64C33/00
IPC01494,B64C33/02
IPC01495,B64C35/00
IPC01496,B64C35/02
IPC01497,B64C37/00
IPC01498,B64C39/00
IPC01499,B64C39/02
IPC01500,B64D1/12
IPC01501,B64D1/18
IPC01502,B64D15/20
IPC01503,B64D17/02
IPC01504,B64D27/24
IPC01505,B64D29/06
IPC01506,B64D33/02
IPC01507,B64D33/04
IPC01508,B64D47/08
IPC01509,B64F1/00
IPC01510,B64F1/04
IPC01511,B64F1/06
IPC01512,B64F1/12
IPC01513,B64F1/20
IPC01514,B64F1/36
IPC01515,B64G1/002
IPC01516,B64G1/10
IPC01517,B64G1/16
IPC01518,B64G1/22
IPC01519,B64G1/24
IPC01520,B64G1/28
IPC01521,B64G1/36
IPC01522,B64G1/40
IPC01523,B64G3/00
IPC01524,B64U10/10
IPC01525,B64U10/13
IPC01526,B64U10/40
IPC01527,B64U10/80
IPC01528,B64U101/30
IPC01529,B64U101/60
IPC01530,B64U20/40
IPC01531,B64U20/50
IPC01532,B64U20/70
IPC01533,B64U30/12
IPC01534,B64U30/20
IPC01535,B64U40/10
IPC01536,B64U50/19
IPC01537,B64U50/37
IPC01538,B64U50/39
IPC01539,B64U70/00
IPC01540,B64U80/25
IPC01541,B65B15/02
IPC01542,B65D1/24
IPC01543,B65D21/02
IPC01544,B65D21/08
IPC01545,B65D23/00
IPC01546,B65D25/20
IPC01547,B65D5/06
IPC01548,B65D51/16
IPC01549,B65D51/24
IPC01550,B65D51/28
IPC01551,B65D53/00
IPC01552,B65D6/22
IPC01553,B65D65/46
IPC01554,B65D73/02
IPC01555,B65D81/05
IPC01556,B65D81/18
IPC01557,B65D81/38
IPC01558,B65D85/72
IPC01559,B65D85/80
IPC01560,B65F1/00
IPC01561,B65F1/02
IPC01562,B65F1/06
IPC01563,B65F1/14
IPC01564,B65F1/16
IPC01565,B65F3/00
IPC01566,B65F3/02
IPC01567,B65F3/04
IPC01568,B65G1/04
IPC01569,B65G1/137
IPC01570,B65G17/38
IPC01571,B65G47/00
IPC01572,B65G47/14
IPC01573,B65G47/34
IPC01574,B65G47/46
IPC01575,B65G47/64
IPC01576,B65G47/96
IPC01577,B65G65/24
IPC01578,B65G67/00
IPC01579,B65G69/00
IPC01580,B65G7/08
IPC01581,B65H37/04
IPC01582,B65H5/38
IPC01583,B65H57/26
IPC01584,B66B1/24
IPC01585,B66B1/34
IPC01586,B66B5/02
IPC01587,B66B9/02
IPC01588,B66F11/04
IPC01589,B66F17/00
IPC01590,B67C9/00
IPC01591,B67D1/04
IPC01592,B67D1/08
IPC01593,B67D3/00
IPC01594,B67D7/04
IPC01595,B67D7/08
IPC01596,B67D7/42
IPC01597,B67D7/52
IPC01598,B81B7/02
IPC01599,B81C1/00
IPC01600,B82B3/00
IPC01601,B82Y10/00
IPC01602,B82Y15/00
IPC01603,B82Y20/00
IPC01604,B82Y25/00
IPC01605,B82Y30/00
IPC01606,B82Y40/00
IPC01607,B82Y5/00
IPC01608,C01B13/02
IPC01609,C01B25/32
IPC01610,C01B25/45
IPC01611,C01B3/08
IPC01612,C01B3/32
IPC01613,C01B3/36
IPC01614,C01B3/38
IPC01615,C01B3/48
IPC01616,C01B3/50
IPC01617,C01B31/02
IPC01618,C01B32/05
IPC01619,C01B32/15
IPC01620,C01B32/158
IPC01621,C01B32/16
IPC01622,C01B32/18
IPC01623,C01B32/182
IPC01624,C01B32/184
IPC01625,C01B32/194
IPC01626,C01B32/20
IPC01627,C01B32/32
IPC01628,C01B32/95
IPC01629,C01B35/04
IPC01630,C01B35/10
IPC01631,C01B35/12
IPC01632,C01F11/18
IPC01633,C01F17/20
IPC01634,C01F7/02
IPC01635,C01G1/02
IPC01636,C01G1/12
IPC01637,C01G19/02
IPC01638,C01G23/05
IPC01639,C01G23/053
IPC01640,C01G23/08
IPC01641,C01G3/02
IPC01642,C01G33/00
IPC01643,C01G43/025
IPC01644,C01G43/04
IPC01645,C01G45/12
IPC01646,C01G49/02
IPC01647,C01G49/04
IPC01648,C01G49/08
IPC01649,C01G51/06
IPC01650,C01G53/504
IPC01651,C01G53/506
IPC01652,C01G9/02
IPC01653,C02F1/00
IPC01654,C02F1/04
IPC01655,C02F1/14
IPC01656,C02F1/28
IPC01657,C02F1/30
IPC01658,C02F1/32
IPC01659,C02F1/38
IPC01660,C02F1/40
IPC01661,C02F1/42
IPC01662,C02F1/44
IPC01663,C02F1/46
IPC01664,C02F1/48
IPC01665,C02F1/50
IPC01666,C02F1/52
IPC01667,C02F1/56
IPC01668,C02F1/58
IPC01669,C02F1/66
IPC01670,C02F1/70
IPC01671,C02F1/72
IPC01672,C02F1/78
IPC01673,C02F101/14
IPC01674,C02F101/16
IPC01675,C02F101/18
IPC01676,C02F101/20
IPC01677,C02F101/30
IPC01678,C02F101/32
IPC01679,C02F101/38
IPC01680,C02F103/00
IPC01681,C02F103/06
IPC01682,C02F103/08
IPC01683,C02F103/30
IPC01684,C02F11/04
IPC01685,C02F11/20
IPC01686,C02F3/00
IPC01687,C02F3/04
IPC01688,C02F3/06
IPC01689,C02F3/08
IPC01690,C02F3/10
IPC01691,C02F3/20
IPC01692,C02F3/28
IPC01693,C02F3/30
IPC01694,C02F3/32
IPC01695,C02F3/34
IPC01696,C02F9/00
IPC01697,C03B11/08
IPC01698,C03B37/01
IPC01699,C03C17/00
IPC01700,C03C21/00
IPC01701,C03C27/12
IPC01702,C03C3/06
IPC01703,C03C4/06
IPC01704,C03C4/12
IPC01705,C03C8/04
IPC01706,C04B111/00
IPC01707,C04B111/10
IPC01708,C04B111/20
IPC01709,C04B111/21
IPC01710,C04B111/40
IPC01711,C04B12/00
IPC01712,C04B14/04
IPC01713,C04B14/06
IPC01714,C04B14/18
IPC01715,C04B14/38
IPC01716,C04B16/06
IPC01717,C04B18/04
IPC01718,C04B18/08
IPC01719,C04B18/12
IPC01720,C04B18/14
IPC01721,C04B18/16
IPC01722,C04B18/24
IPC01723,C04B20/10
IPC01724,C04B22/08
IPC01725,C04B24/38
IPC01726,C04B26/26
IPC01727,C04B28/00
IPC01728,C04B28/02
IPC01729,C04B28/04
IPC01730,C04B28/06
IPC01731,C04B28/08
IPC01732,C04B28/10
IPC01733,C04B28/14
IPC01734,C04B28/18
IPC01735,C04B33/13
IPC01736,C04B35/48
IPC01737,C04B35/53
IPC01738,C04B35/565
IPC01739,C04B35/62
IPC01740,C04B35/626
IPC01741,C04B35/634
IPC01742,C04B35/64
IPC01743,C04B35/66
IPC01744,C04B35/80
IPC01745,C04B38/10
IPC01746,C04B40/00
IPC01747,C04B40/02
IPC01748,C04B40/06
IPC01749,C04B41/00
IPC01750,C04B41/50
IPC01751,C05D9/00
IPC01752,C05F11/00
IPC01753,C05F11/02
IPC01754,C05F17/00
IPC01755,C05F17/05
IPC01756,C05F17/90
IPC01757,C05F17/993
IPC01758,C05F3/00
IPC01759,C05F3/06
IPC01760,C05F7/00
IPC01761,C05G3/00
IPC01762,C05G3/70
IPC01763,C05G3/80
IPC01764,C06B29/02
IPC01765,C06F5/00
IPC01766,C07B61/00
IPC01767,C07C209/00
IPC01768,C07C229/12
IPC01769,C07C249/12
IPC01770,C07C249/16
IPC01771,C07C251/86
IPC01772,C07C253/30
IPC01773,C07C31/02
IPC01774,C07C39/12
IPC01775,C07C45/51
IPC01776,C07C45/78
IPC01777,C07C47/544
IPC01778,C07C49/248
IPC01779,C07C51/00
IPC01780,C07C51/27
IPC01781,C07C59/70
IPC01782,C07C63/26
IPC01783,C07C67/02
IPC01784,C07C69/00
IPC01785,C07C69/82
IPC01786,C07D207/452
IPC01787,C07D209/42
IPC01788,C07D209/46
IPC01789,C07D209/86
IPC01790,C07D209/94
IPC01791,C07D213/72
IPC01792,C07D215/46
IPC01793,C07D221/14
IPC01794,C07D233/61
IPC01795,C07D241/44
IPC01796,C07D243/06
IPC01797,C07D243/10
IPC01798,C07D243/12
IPC01799,C07D243/14
IPC01800,C07D249/04
IPC01801,C07D249/18
IPC01802,C07D293/10
IPC01803,C07D293/12
IPC01804,C07D295/26
IPC01805,C07D303/42
IPC01806,C07D307/46
IPC01807,C07D307/52
IPC01808,C07D309/28
IPC01809,C07D311/58
IPC01810,C07D333/52
IPC01811,C07D401/04
IPC01812,C07D401/12
IPC01813,C07D401/14
IPC01814,C07D403/04
IPC01815,C07D403/06
IPC01816,C07D403/14
IPC01817,C07D409/12
IPC01818,C07D409/14
IPC01819,C07D413/04
IPC01820,C07D413/12
IPC01821,C07D417/06
IPC01822,C07D417/14
IPC01823,C07D487/02
IPC01824,C07D487/04
IPC01825,C07D487/22
IPC01826,C07D491/08
IPC01827,C07D493/10
IPC01828,C07D495/04
IPC01829,C07D501/04
IPC01830,C07D501/16
IPC01831,C07D501/36
IPC01832,C07D519/00
IPC01833,C07F15/00
IPC01834,C07F3/06
IPC01835,C07F5/02
IPC01836,C07F5/06
IPC01837,C07F7/24
IPC01838,C07H15/23
IPC01839,C07H17/08
IPC01840,C07H21/04
IPC01841,C07H23/00
IPC01842,C07K14/00
IPC01843,C07K14/165
IPC01844,C07K14/28
IPC01845,C07K14/31
IPC01846,C07K14/32
IPC01847,C07K14/43
IPC01848,C07K14/46
IPC01849,C07K14/47
IPC01850,C07K16/00
IPC01851,C07K16/12
IPC01852,C07K16/14
IPC01853,C07K16/18
IPC01854,C07K16/22
IPC01855,C07K16/28
IPC01856,C07K16/40
IPC01857,C07K16/46
IPC01858,C07K7/06
IPC01859,C07K7/08
IPC01860,C07K7/64
IPC01861,C08B15/00
IPC01862,C08B37/00
IPC01863,C08B37/08
IPC01864,C08C19/08
IPC01865,C08C19/22
IPC01866,C08F10/02
IPC01867,C08F110/00
IPC01868,C08F2/00
IPC01869,C08F2/01
IPC01870,C08F2/22
IPC01871,C08F2/44
IPC01872,C08F212/08
IPC01873,C08F220/32
IPC01874,C08F251/00
IPC01875,C08F255/00
IPC01876,C08F255/02
IPC01877,C08F261/04
IPC01878,C08F290/06
IPC01879,C08F4/08
IPC01880,C08F8/00
IPC01881,C08F8/22
IPC01882,C08F8/42
IPC01883,C08G101/00
IPC01884,C08G18/08
IPC01885,C08G18/10
IPC01886,C08G18/32
IPC01887,C08G18/36
IPC01888,C08G18/42
IPC01889,C08G18/44
IPC01890,C08G18/62
IPC01891,C08G18/76
IPC01892,C08G18/78
IPC01893,C08G59/14
IPC01894,C08G59/18
IPC01895,C08G59/40
IPC01896,C08G59/42
IPC01897,C08G59/50
IPC01898,C08G59/62
IPC01899,C08G59/68
IPC01900,C08G61/12
IPC01901,C08G63/91
IPC01902,C08G69/26
IPC01903,C08G69/50
IPC01904,C08G71/04
IPC01905,C08G73/02
IPC01906,C08G73/10
IPC01907,C08G73/12
IPC01908,C08G75/00
IPC01909,C08G77/08
IPC01910,C08G83/00
IPC01911,C08J11/04
IPC01912,C08J11/06
IPC01913,C08J11/10
IPC01914,C08J11/12
IPC01915,C08J11/16
IPC01916,C08J11/24
IPC01917,C08J3/075
IPC01918,C08J3/09
IPC01919,C08J3/20
IPC01920,C08J3/24
IPC01921,C08J5/04
IPC01922,C08J5/06
IPC01923,C08J5/08
IPC01924,C08J5/18
IPC01925,C08J5/24
IPC01926,C08J7/04
IPC01927,C08J9/00
IPC01928,C08J9/02
IPC01929,C08J9/14
IPC01930,C08J9/28
IPC01931,C08J9/32
IPC01932,C08J9/36
IPC01933,C08K3/01
IPC01934,C08K3/011
IPC01935,C08K3/04
IPC01936,C08K3/08
IPC01937,C08K3/22
IPC01938,C08K3/34
IPC01939,C08K3/36
IPC01940,C08K5/00
IPC01941,C08K5/05
IPC01942,C08K5/101
IPC01943,C08K5/11
IPC01944,C08K5/14
IPC01945,C08K5/15
IPC01946,C08K5/372
IPC01947,C08K7/02
IPC01948,C08K7/06
IPC01949,C08K7/14
IPC01950,C08K9/00
IPC01951,C08K9/02
IPC01952,C08K9/04
IPC01953,C08L1/02
IPC01954,C08L101/00
IPC01955,C08L101/12
IPC01956,C08L101/16
IPC01957,C08L15/00
IPC01958,C08L23/06
IPC01959,C08L23/08
IPC01960,C08L23/10
IPC01961,C08L23/12
IPC01962,C08L23/16
IPC01963,C08L23/28
IPC01964,C08L25/04
IPC01965,C08L25/06
IPC01966,C08L27/16
IPC01967,C08L29/04
IPC01968,C08L3/02
IPC01969,C08L33/02
IPC01970,C08L5/00
IPC01971,C08L5/04
IPC01972,C08L5/08
IPC01973,C08L51/06
IPC01974,C08L55/02
IPC01975,C08L61/06
IPC01976,C08L63/00
IPC01977,C08L63/02
IPC01978,C08L65/00
IPC01979,C08L67/00
IPC01980,C08L67/02
IPC01981,C08L67/04
IPC01982,C08L69/00
IPC01983,C08L75/04
IPC01984,C08L75/08
IPC01985,C08L77/06
IPC01986,C08L79/02
IPC01987,C08L79/08
IPC01988,C08L81/00
IPC01989,C08L83/00
IPC01990,C08L83/04
IPC01991,C08L83/08
IPC01992,C08L9/06
IPC01993,C08L91/06
IPC01994,C08L95/00
IPC01995,C08L97/02
IPC01996,C09B57/00
IPC01997,C09B57/08
IPC01998,C09B61/00
IPC01999,C09B67/20
IPC02000,C09B67/22
IPC02001,C09C1/00
IPC02002,C09C1/36
IPC02003,C09C1/48
IPC02004,C09D11/02
IPC02005,C09D11/03
IPC02006,C09D11/101
IPC02007,C09D11/102
IPC02008,C09D11/104
IPC02009,C09D11/106
IPC02010,C09D11/107
IPC02011,C09D11/16
IPC02012,C09D11/17
IPC02013,C09D11/30
IPC02014,C09D11/52
IPC02015,C09D123/06
IPC02016,C09D125/10
IPC02017,C09D13/00
IPC02018,C09D163/00
IPC02019,C09D175/04
IPC02020,C09D179/08
IPC02021,C09D191/06
IPC02022,C09D5/08
IPC02023,C09D5/16
IPC02024,C09D5/24
IPC02025,C09D5/32
IPC02026,C09D7/12
IPC02027,C09D7/61
IPC02028,C09D75/04
IPC02029,C09K11/02
IPC02030,C09K11/06
IPC02031,C09K11/65
IPC02032,C09K11/66
IPC02033,C09K11/77
IPC02034,C09K13/00
IPC02035,C09K17/00
IPC02036,C09K17/02
IPC02037,C09K17/40
IPC02038,C09K17/50
IPC02039,C09K17/52
IPC02040,C09K21/04
IPC02041,C09K3/10
IPC02042,C10B53/02
IPC02043,C10B53/07
IPC02044,C10G1/00
IPC02045,C10G1/08
IPC02046,C10G1/10
IPC02047,C10G2/00
IPC02048,C10G35/09
IPC02049,C10G47/04
IPC02050,C10J3/00
IPC02051,C10J3/48
IPC02052,C10J3/56
IPC02053,C10L1/02
IPC02054,C10L1/16
IPC02055,C10L1/18
IPC02056,C10L10/02
IPC02057,C10L3/12
IPC02058,C10L5/36
IPC02059,C10L5/44
IPC02060,C10L5/48
IPC02061,C10L9/08
IPC02062,C10L9/10
IPC02063,C10N10/04
IPC02064,C10N30/00
IPC02065,C10N30/10
IPC02066,C10N40/25
IPC02067,C11B1/10
IPC02068,C11D1/62
IPC02069,C11D17/00
IPC02070,C11D3/00
IPC02071,C11D3/20
IPC02072,C11D3/33
IPC02073,C11D7/26
IPC02074,C11D7/32
IPC02075,C12C11/11
IPC02076,C12C12/00
IPC02077,C12C5/00
IPC02078,C12M1/00
IPC02079,C12M1/02
IPC02080,C12M1/06
IPC02081,C12M1/10
IPC02082,C12M1/12
IPC02083,C12M1/34
IPC02084,C12M1/38
IPC02085,C12M1/42
IPC02086,C12M3/00
IPC02087,C12M3/06
IPC02088,C12N1/00
IPC02089,C12N1/04
IPC02090,C12N1/12
IPC02091,C12N1/14
IPC02092,C12N1/16
IPC02093,C12N1/20
IPC02094,C12N1/21
IPC02095,C12N11/02
IPC02096,C12N11/04
IPC02097,C12N15/01
IPC02098,C12N15/10
IPC02099,C12N15/11
IPC02100,C12N15/13
IPC02101,C12N15/52
IPC02102,C12N15/62
IPC02103,C12N15/63
IPC02104,C12N15/67
IPC02105,C12N15/69
IPC02106,C12N15/70
IPC02107,C12N15/75
IPC02108,C12N15/79
IPC02109,C12N15/81
IPC02110,C12N15/82
IPC02111,C12N15/87
IPC02112,C12N15/88
IPC02113,C12N5/00
IPC02114,C12N5/06
IPC02115,C12N5/07
IPC02116,C12N5/071
IPC02117,C12N5/16
IPC02118,C12N7/00
IPC02119,C12N9/00
IPC02120,C12N9/02
IPC02121,C12N9/04
IPC02122,C12N9/16
IPC02123,C12N9/22
IPC02124,C12N9/24
IPC02125,C12N9/38
IPC02126,C12N9/64
IPC02127,C12P17/10
IPC02128,C12P19/04
IPC02129,C12P19/26
IPC02130,C12P21/06
IPC02131,C12P3/00
IPC02132,C12P39/00
IPC02133,C12P5/02
IPC02134,C12P7/04
IPC02135,C12P7/42
IPC02136,C12P7/64
IPC02137,C12Q1/00
IPC02138,C12Q1/04
IPC02139,C12Q1/18
IPC02140,C12Q1/28
IPC02141,C12Q1/37
IPC02142,C12Q1/68
IPC02143,C12Q1/6806
IPC02144,C12Q1/6813
IPC02145,C12Q1/6869
IPC02146,C12Q1/6876
IPC02147,C12Q1/6883
IPC02148,C12Q1/689
IPC02149,C12Q1/70
IPC02150,C12R1/12
IPC02151,C12R1/67
IPC02152,C14C3/12
IPC02153,C21B7/06
IPC02154,C21C5/48
IPC02155,C21C7/06
IPC02156,C21D8/02
IPC02157,C21D9/46
IPC02158,C22B11/00
IPC02159,C22B15/00
IPC02160,C22B3/00
IPC02161,C22B59/00
IPC02162,C22B7/00
IPC02163,C22C1/04
IPC02164,C22C1/05
IPC02165,C22C1/10
IPC02166,C22C14/00
IPC02167,C22C21/00
IPC02168,C22C21/02
IPC02169,C22C21/04
IPC02170,C22C21/06
IPC02171,C22C27/00
IPC02172,C22C27/02
IPC02173,C22C32/00
IPC02174,C22C38/00
IPC02175,C22C38/02
IPC02176,C22C38/04
IPC02177,C22C38/06
IPC02178,C22C38/20
IPC02179,C22C38/28
IPC02180,C22C49/12
IPC02181,C22C9/00
IPC02182,C22F1/18
IPC02183,C23C14/00
IPC02184,C23C14/02
IPC02185,C23C14/08
IPC02186,C23C14/16
IPC02187,C23C14/20
IPC02188,C23C14/24
IPC02189,C23C14/28
IPC02190,C23C14/34
IPC02191,C23C14/35
IPC02192,C23C14/56
IPC02193,C23C14/58
IPC02194,C23C16/00
IPC02195,C23C16/02
IPC02196,C23C16/30
IPC02197,C23C16/34
IPC02198,C23C16/40
IPC02199,C23C16/45
IPC02200,C23C16/52
IPC02201,C25B1/00
IPC02202,C25B1/04
IPC02203,C25B1/27
IPC02204,C25B1/46
IPC02205,C25B1/55
IPC02206,C25B11/03
IPC02207,C25B11/037
IPC02208,C25B11/04
IPC02209,C25B11/046
IPC02210,C25B11/051
IPC02211,C25B11/052
IPC02212,C25B11/054
IPC02213,C25B11/06
IPC02214,C25B11/091
IPC02215,C25B11/10
IPC02216,C25B13/02
IPC02217,C25B15/02
IPC02218,C25C1/12
IPC02219,C25D11/12
IPC02220,C30B15/00
IPC02221,C30B25/02
IPC02222,C30B25/18
IPC02223,C30B29/12
IPC02224,C30B29/22
IPC02225,C40B40/06
IPC02226,CC8K3/011
IPC02227,D01B7/00
IPC02228,D01B7/02
IPC02229,D01B7/06
IPC02230,D01C1/00
IPC02231,D01D5/00
IPC02232,D01D5/06
IPC02233,D01F1/10
IPC02234,D01F6/62
IPC02235,D02G3/08
IPC02236,D04H1/42
IPC02237,D04H13/00
IPC02238,D04H3/16
IPC02239,D05B97/12
IPC02240,D06F17/06
IPC02241,D06F17/10
IPC02242,D06F19/00
IPC02243,D06F35/00
IPC02244,D06F37/40
IPC02245,D06F39/08
IPC02246,D06F67/04
IPC02247,D06F93/00
IPC02248,D06F95/00
IPC02249,D06M11/74
IPC02250,D06M13/46
IPC02251,D06N3/00
IPC02252,D21H11/12
IPC02253,D21H17/45
IPC02254,D21H21/10
IPC02255,D21H25/18
IPC02256,E01B2/00
IPC02257,E01C1/00
IPC02258,E01C19/52
IPC02259,E01C23/06
IPC02260,E01C23/09
IPC02261,E01C3/00
IPC02262,E01C3/04
IPC02263,E01C7/18
IPC02264,E01D19/12
IPC02265,E01F3/00
IPC02266,E01F7/04
IPC02267,E01H1/05
IPC02268,E01H1/08
IPC02269,E01H1/12
IPC02270,E02B15/04
IPC02271,E02B15/08
IPC02272,E02B15/10
IPC02273,E02B3/06
IPC02274,E02B3/12
IPC02275,E02B7/34
IPC02276,E02B7/36
IPC02277,E02C5/00
IPC02278,E02D1/02
IPC02279,E02D17/20
IPC02280,E02D27/34
IPC02281,E02D29/02
IPC02282,E02D29/12
IPC02283,E02D29/14
IPC02284,E02D3/00
IPC02285,E02D3/12
IPC02286,E02D31/00
IPC02287,E02F3/36
IPC02288,E02F3/47
IPC02289,E02F9/22
IPC02290,E02F9/26
IPC02291,E03B1/04
IPC02292,E03B3/02
IPC02293,E03B3/28
IPC02294,E03B3/34
IPC02295,E03B7/07
IPC02296,E03C1/26
IPC02297,E03C1/30
IPC02298,E03D9/04
IPC02299,E03F1/00
IPC02300,E03F3/06
IPC02301,E03F5/02
IPC02302,E03F5/10
IPC02303,E03F5/22
IPC02304,E04B1/343
IPC02305,E04B1/98
IPC02306,E04B2/00
IPC02307,E04B2/74
IPC02308,E04B2/76
IPC02309,E04B2/78
IPC02310,E04B2/82
IPC02311,E04B2/88
IPC02312,E04B2/96
IPC02313,E04B5/38
IPC02314,E04C1/39
IPC02315,E04G1/15
IPC02316,E04G1/24
IPC02317,E04G21/22
IPC02318,E04G21/32
IPC02319,E04G23/02
IPC02320,E04G7/30
IPC02321,E04H1/02
IPC02322,E04H1/12
IPC02323,E04H12/24
IPC02324,E04H4/00
IPC02325,E04H4/12
IPC02326,E04H4/14
IPC02327,E04H4/16
IPC02328,E04H6/06
IPC02329,E04H9/02
IPC02330,E05B15/02
IPC02331,E05B47/00
IPC02332,E05F15/611
IPC02333,E05F15/71
IPC02334,E05F15/73
IPC02335,E05G1/10
IPC02336,E06B7/28
IPC02337,E06B7/36
IPC02338,E06B9/24
IPC02339,E06B9/26
IPC02340,E06B9/68
IPC02341,E06C1/39
IPC02342,E06C7/44
IPC02343,E21B17/00
IPC02344,E21B21/06
IPC02345,E21B33/14
IPC02346,E21B4/02
IPC02347,E21B4/14
IPC02348,E21B41/00
IPC02349,E21B43/26
IPC02350,E21B44/00
IPC02351,E21B47/00
IPC02352,E21B47/022
IPC02353,E21B47/11
IPC02354,E21B47/12
IPC02355,E21B49/00
IPC02356,E21B7/02
IPC02357,E21B7/16
IPC02358,E21D9/00
IPC02359,F01D25/08
IPC02360,F01D5/08
IPC02361,F01D5/28
IPC02362,F01K13/02
IPC02363,F01K23/04
IPC02364,F01K23/06
IPC02365,F01K25/08
IPC02366,F01K25/10
IPC02367,F01K3/00
IPC02368,F01N1/08
IPC02369,F01N1/24
IPC02370,F01N13/00
IPC02371,F01N13/18
IPC02372,F01N3/02
IPC02373,F01N3/021
IPC02374,F01N3/10
IPC02375,F01N3/20
IPC02376,F01N5/02
IPC02377,F01N9/00
IPC02378,F01P11/02
IPC02379,F01P7/10
IPC02380,F01P7/16
IPC02381,F02B1/14
IPC02382,F02B19/00
IPC02383,F02B19/12
IPC02384,F02B25/24
IPC02385,F02B3/06
IPC02386,F02B33/22
IPC02387,F02B33/30
IPC02388,F02B37/00
IPC02389,F02B41/06
IPC02390,F02B75/28
IPC02391,F02C1/00
IPC02392,F02C3/10
IPC02393,F02C3/30
IPC02394,F02C7/00
IPC02395,F02C7/04
IPC02396,F02C7/10
IPC02397,F02C7/14
IPC02398,F02C7/23
IPC02399,F02C7/36
IPC02400,F02C9/28
IPC02401,F02D19/06
IPC02402,F02D19/08
IPC02403,F02D25/04
IPC02404,F02D35/02
IPC02405,F02D41/00
IPC02406,F02D41/02
IPC02407,F02D41/06
IPC02408,F02D41/14
IPC02409,F02D41/38
IPC02410,F02D41/40
IPC02411,F02D9/04
IPC02412,F02F1/42
IPC02413,F02G1/04
IPC02414,F02G5/02
IPC02415,F02K7/10
IPC02416,F02K7/14
IPC02417,F02K9/52
IPC02418,F02K9/64
IPC02419,F02M25/08
IPC02420,F02M31/18
IPC02421,F02M35/10
IPC02422,F02M43/04
IPC02423,F02M57/02
IPC02424,F02M61/16
IPC02425,F02M63/00
IPC02426,F02M63/02
IPC02427,F02P1/00
IPC02428,F02P17/12
IPC02429,F02P3/00
IPC02430,F02P9/00
IPC02431,F03B13/10
IPC02432,F03B13/12
IPC02433,F03B13/18
IPC02434,F03B13/20
IPC02435,F03B13/26
IPC02436,F03B17/06
IPC02437,F03B3/12
IPC02438,F03D1/02
IPC02439,F03D1/06
IPC02440,F03D13/20
IPC02441,F03D15/00
IPC02442,F03D3/00
IPC02443,F03D3/02
IPC02444,F03D3/06
IPC02445,F03D7/02
IPC02446,F03D7/04
IPC02447,F03D9/00
IPC02448,F03D9/11
IPC02449,F03D9/25
IPC02450,F03G3/00
IPC02451,F03G7/08
IPC02452,F03H1/00
IPC02453,F03H99/00
IPC02454,F04B39/02
IPC02455,F04B43/00
IPC02456,F04B43/08
IPC02457,F04B43/12
IPC02458,F04B53/10
IPC02459,F04C2/34
IPC02460,F04C29/00
IPC02461,F04C29/02
IPC02462,F04D13/02
IPC02463,F04D25/08
IPC02464,F04D25/10
IPC02465,F04D27/00
IPC02466,F15B15/14
IPC02467,F15D1/00
IPC02468,F15D1/12
IPC02469,F16B31/02
IPC02470,F16B37/04
IPC02471,F16B5/06
IPC02472,F16C11/06
IPC02473,F16C17/18
IPC02474,F16C19/06
IPC02475,F16C32/00
IPC02476,F16C32/04
IPC02477,F16C32/06
IPC02478,F16C33/10
IPC02479,F16D121/04
IPC02480,F16D23/12
IPC02481,F16D23/14
IPC02482,F16D27/01
IPC02483,F16D43/12
IPC02484,F16D65/12
IPC02485,F16D65/14
IPC02486,F16F15/00
IPC02487,F16F15/02
IPC02488,F16F15/023
IPC02489,F16F15/027
IPC02490,F16F15/12
IPC02491,F16F7/10
IPC02492,F16F7/12
IPC02493,F16F9/12
IPC02494,F16F9/32
IPC02495,F16F9/46
IPC02496,F16G5/16
IPC02497,F16H1/22
IPC02498,F16H19/04
IPC02499,F16H55/06
IPC02500,F16H57/04
IPC02501,F16H63/34
IPC02502,F16K11/07
IPC02503,F16L27/10
IPC02504,F16L55/18
IPC02505,F16L55/28
IPC02506,F16L59/06
IPC02507,F16M11/08
IPC02508,F16M13/02
IPC02509,F16M13/04
IPC02510,F17C13/00
IPC02511,F17D3/01
IPC02512,F17D5/00
IPC02513,F17D5/02
IPC02514,F17D5/06
IPC02515,F21K99/00
IPC02516,F21L4/00
IPC02517,F21L4/08
IPC02518,F21S6/00
IPC02519,F21S8/04
IPC02520,F21S8/08
IPC02521,F21S9/03
IPC02522,F21V19/04
IPC02523,F21V21/22
IPC02524,F21V21/36
IPC02525,F21V23/04
IPC02526,F21V29/77
IPC02527,F21V33/00
IPC02528,F21V5/00
IPC02529,F21V8/00
IPC02530,F21W131/10
IPC02531,F21Y115/10
IPC02532,F22B1/00
IPC02533,F22B35/18
IPC02534,F23D11/24
IPC02535,F23D14/02
IPC02536,F23D14/46
IPC02537,F23D14/62
IPC02538,F23D14/70
IPC02539,F23G5/02
IPC02540,F23G5/16
IPC02541,F23G7/12
IPC02542,F23M5/08
IPC02543,F23N1/02
IPC02544,F23N5/16
IPC02545,F23Q3/00
IPC02546,F23R3/28
IPC02547,F24C15/10
IPC02548,F24D1/00
IPC02549,F24D11/00
IPC02550,F24D13/02
IPC02551,F24D19/10
IPC02552,F24F1/00
IPC02553,F24F1/52
IPC02554,F24F1/54
IPC02555,F24F10/50
IPC02556,F24F11/00
IPC02557,F24F11/30
IPC02558,F24F11/58
IPC02559,F24F11/77
IPC02560,F24F110/70
IPC02561,F24F3/14
IPC02562,F24F3/16
IPC02563,F24F5/00
IPC02564,F24F8/10
IPC02565,F24F8/22
IPC02566,F24H9/12
IPC02567,F24J2/46
IPC02568,F24J2/52
IPC02569,F24S23/70
IPC02570,F24S23/74
IPC02571,F24S40/20
IPC02572,F24S60/30
IPC02573,F24S70/22
IPC02574,F25B1/10
IPC02575,F25B21/02
IPC02576,F25B21/04
IPC02577,F25B23/00
IPC02578,F25B25/00
IPC02579,F25B27/00
IPC02580,F25B31/00
IPC02581,F25B41/20
IPC02582,F25B41/39
IPC02583,F25B49/02
IPC02584,F25B9/00
IPC02585,F25B9/10
IPC02586,F25B9/14
IPC02587,F25C5/18
IPC02588,F25D11/00
IPC02589,F25D17/04
IPC02590,F25D19/00
IPC02591,F25D23/10
IPC02592,F25D25/00
IPC02593,F25D29/00
IPC02594,F25D31/00
IPC02595,F25J1/00
IPC02596,F25J1/02
IPC02597,F25J3/02
IPC02598,F25J3/04
IPC02599,F26B21/00
IPC02600,F26B21/02
IPC02601,F26B21/12
IPC02602,F26B25/00
IPC02603,F28D15/02
IPC02604,F28D20/00
IPC02605,F28D20/02
IPC02606,F28D21/00
IPC02607,F28D9/00
IPC02608,F28F13/16
IPC02609,F28F21/02
IPC02610,F28F3/08
IPC02611,F41B6/00
IPC02612,F41G7/22
IPC02613,F41G7/26
IPC02614,F41G7/28
IPC02615,F41H11/02
IPC02616,F41H11/04
IPC02617,F41H11/16
IPC02618,F41H13/00
IPC02619,F41H5/00
IPC02620,F41J5/16
IPC02621,F42B14/00
IPC02622,G01B11/16
IPC02623,G01B11/25
IPC02624,G01B11/30
IPC02625,G01B3/10
IPC02626,G01B3/56
IPC02627,G01B5/14
IPC02628,G01B7/00
IPC02629,G01B7/02
IPC02630,G01B7/14
IPC02631,G01C21/00
IPC02632,G01C21/16
IPC02633,G01C21/20
IPC02634,G01C21/26
IPC02635,G01C21/34
IPC02636,G01C21/36
IPC02637,G01C22/00
IPC02638,G01C3/18
IPC02639,G01C7/04
IPC02640,G01C9/16
IPC02641,G01D21/00
IPC02642,G01D21/02
IPC02643,G01D4/00
IPC02644,G01D5/14
IPC02645,G01D5/16
IPC02646,G01D5/24
IPC02647,G01D5/241
IPC02648,G01D5/26
IPC02649,G01D5/35
IPC02650,G01D5/353
IPC02651,G01D9/00
IPC02652,G01F1/58
IPC02653,G01F1/66
IPC02654,G01F1/68
IPC02655,G01F1/74
IPC02656,G01F1/84
IPC02657,G01F19/00
IPC02658,G01F23/29
IPC02659,G01G19/52
IPC02660,G01G19/58
IPC02661,G01G21/22
IPC02662,G01H1/00
IPC02663,G01H11/08
IPC02664,G01J1/02
IPC02665,G01J1/42
IPC02666,G01J11/00
IPC02667,G01J3/00
IPC02668,G01J3/02
IPC02669,G01J3/28
IPC02670,G01J3/42
IPC02671,G01J3/44
IPC02672,G01J3/46
IPC02673,G01J5/00
IPC02674,G01J5/80
IPC02675,G01J9/02
IPC02676,G01K1/02
IPC02677,G01K11/32
IPC02678,G01K11/3206
IPC02679,G01K7/36
IPC02680,G01L1/18
IPC02681,G01L1/20
IPC02682,G01L1/24
IPC02683,G01L19/00
IPC02684,G01L19/14
IPC02685,G01L5/00
IPC02686,G01L5/04
IPC02687,G01L5/14
IPC02688,G01L9/00
IPC02689,G01L9/06
IPC02690,G01M13/00
IPC02691,G01M13/04
IPC02692,G01M15/04
IPC02693,G01M17/00
IPC02694,G01M3/04
IPC02695,G01M3/24
IPC02696,G01M5/00
IPC02697,G01M7/02
IPC02698,G01M7/08
IPC02699,G01N1/00
IPC02700,G01N1/08
IPC02701,G01N1/22
IPC02702,G01N1/28
IPC02703,G01N1/31
IPC02704,G01N1/32
IPC02705,G01N1/34
IPC02706,G01N1/40
IPC02707,G01N11/00
IPC02708,G01N11/04
IPC02709,G01N11/14
IPC02710,G01N11/16
IPC02711,G01N15/00
IPC02712,G01N15/02
IPC02713,G01N15/06
IPC02714,G01N15/14
IPC02715,G01N17/00
IPC02716,G01N19/02
IPC02717,G01N21/00
IPC02718,G01N21/01
IPC02719,G01N21/05
IPC02720,G01N21/17
IPC02721,G01N21/21
IPC02722,G01N21/25
IPC02723,G01N21/29
IPC02724,G01N21/31
IPC02725,G01N21/33
IPC02726,G01N21/35
IPC02727,G01N21/3563
IPC02728,G01N21/3577
IPC02729,G01N21/359
IPC02730,G01N21/41
IPC02731,G01N21/47
IPC02732,G01N21/49
IPC02733,G01N21/63
IPC02734,G01N21/64
IPC02735,G01N21/65
IPC02736,G01N21/71
IPC02737,G01N21/77
IPC02738,G01N21/78
IPC02739,G01N21/84
IPC02740,G01N21/85
IPC02741,G01N21/88
IPC02742,G01N21/95
IPC02743,G01N21/954
IPC02744,G01N23/20
IPC02745,G01N23/22
IPC02746,G01N25/20
IPC02747,G01N27/00
IPC02748,G01N27/02
IPC02749,G01N27/04
IPC02750,G01N27/06
IPC02751,G01N27/12
IPC02752,G01N27/26
IPC02753,G01N27/30
IPC02754,G01N27/32
IPC02755,G01N27/327
IPC02756,G01N27/33
IPC02757,G01N27/333
IPC02758,G01N27/40
IPC02759,G01N27/407
IPC02760,G01N27/41
IPC02761,G01N27/416
IPC02762,G01N27/44
IPC02763,G01N27/447
IPC02764,G01N27/48
IPC02765,G01N27/49
IPC02766,G01N27/62
IPC02767,G01N29/04
IPC02768,G01N29/12
IPC02769,G01N29/14
IPC02770,G01N29/24
IPC02771,G01N29/42
IPC02772,G01N29/44
IPC02773,G01N29/46
IPC02774,G01N3/00
IPC02775,G01N3/02
IPC02776,G01N3/08
IPC02777,G01N3/20
IPC02778,G01N3/24
IPC02779,G01N3/30
IPC02780,G01N3/313
IPC02781,G01N3/56
IPC02782,G01N30/06
IPC02783,G01N30/88
IPC02784,G01N31/22
IPC02785,G01N33/00
IPC02786,G01N33/02
IPC02787,G01N33/04
IPC02788,G01N33/08
IPC02789,G01N33/12
IPC02790,G01N33/14
IPC02791,G01N33/18
IPC02792,G01N33/20
IPC02793,G01N33/22
IPC02794,G01N33/24
IPC02795,G01N33/28
IPC02796,G01N33/38
IPC02797,G01N33/42
IPC02798,G01N33/48
IPC02799,G01N33/483
IPC02800,G01N33/487
IPC02801,G01N33/49
IPC02802,G01N33/50
IPC02803,G01N33/52
IPC02804,G01N33/53
IPC02805,G01N33/54
IPC02806,G01N33/56
IPC02807,G01N33/57
IPC02808,G01N33/58
IPC02809,G01N33/68
IPC02810,G01N33/72
IPC02811,G01N33/84
IPC02812,G01N33/92
IPC02813,G01N35/00
IPC02814,G01N35/02
IPC02815,G01N35/04
IPC02816,G01N35/08
IPC02817,G01N35/10
IPC02818,G01N9/00
IPC02819,G01N9/02
IPC02820,G01P15/08
IPC02821,G01P15/12
IPC02822,G01P5/02
IPC02823,G01P5/08
IPC02824,G01R1/06
IPC02825,G01R13/00
IPC02826,G01R13/02
IPC02827,G01R15/09
IPC02828,G01R15/20
IPC02829,G01R15/22
IPC02830,G01R19/00
IPC02831,G01R19/04
IPC02832,G01R19/165
IPC02833,G01R19/25
IPC02834,G01R21/00
IPC02835,G01R21/13
IPC02836,G01R21/133
IPC02837,G01R22/06
IPC02838,G01R22/10
IPC02839,G01R25/00
IPC02840,G01R27/06
IPC02841,G01R27/26
IPC02842,G01R27/28
IPC02843,G01R29/10
IPC02844,G01R29/18
IPC02845,G01R31/00
IPC02846,G01R31/02
IPC02847,G01R31/08
IPC02848,G01R31/28
IPC02849,G01R31/31
IPC02850,G01R31/316
IPC02851,G01R31/34
IPC02852,G01R31/36
IPC02853,G01R31/382
IPC02854,G01R31/40
IPC02855,G01R31/52
IPC02856,G01R31/58
IPC02857,G01R31/62
IPC02858,G01R33/00
IPC02859,G01R33/02
IPC02860,G01R33/03
IPC02861,G01R33/07
IPC02862,G01R33/09
IPC02863,G01R33/12
IPC02864,G01R33/48
IPC02865,G01R35/00
IPC02866,G01S13/00
IPC02867,G01S13/34
IPC02868,G01S13/58
IPC02869,G01S13/86
IPC02870,G01S13/87
IPC02871,G01S13/88
IPC02872,G01S13/89
IPC02873,G01S13/90
IPC02874,G01S13/91
IPC02875,G01S13/93
IPC02876,G01S15/50
IPC02877,G01S15/58
IPC02878,G01S15/60
IPC02879,G01S15/87
IPC02880,G01S15/88
IPC02881,G01S15/89
IPC02882,G01S15/93
IPC02883,G01S15/96
IPC02884,G01S17/34
IPC02885,G01S17/42
IPC02886,G01S17/58
IPC02887,G01S17/66
IPC02888,G01S17/86
IPC02889,G01S17/89
IPC02890,G01S17/93
IPC02891,G01S19/13
IPC02892,G01S19/14
IPC02893,G01S19/15
IPC02894,G01S19/30
IPC02895,G01S19/33
IPC02896,G01S19/37
IPC02897,G01S19/42
IPC02898,G01S19/48
IPC02899,G01S3/78
IPC02900,G01S5/00
IPC02901,G01S5/02
IPC02902,G01S5/16
IPC02903,G01S7/00
IPC02904,G01S7/02
IPC02905,G01S7/35
IPC02906,G01S7/40
IPC02907,G01S7/41
IPC02908,G01S7/48
IPC02909,G01S7/481
IPC02910,G01S7/49
IPC02911,G01S7/52
IPC02912,G01S7/526
IPC02913,G01T1/16
IPC02914,G01V1/00
IPC02915,G01V1/01
IPC02916,G01V1/22
IPC02917,G01V1/28
IPC02918,G01V1/38
IPC02919,G01V11/00
IPC02920,G01V3/08
IPC02921,G01V5/00
IPC02922,G01V8/10
IPC02923,G01W1/02
IPC02924,G01W1/10
IPC02925,G01W1/14
IPC02926,G02B1/00
IPC02927,G02B1/14
IPC02928,G02B21/00
IPC02929,G02B21/34
IPC02930,G02B21/36
IPC02931,G02B25/00
IPC02932,G02B26/00
IPC02933,G02B26/08
IPC02934,G02B26/12
IPC02935,G02B27/00
IPC02936,G02B27/01
IPC02937,G02B27/58
IPC02938,G02B27/64
IPC02939,G02B3/04
IPC02940,G02B5/08
IPC02941,G02B5/28
IPC02942,G02B6/00
IPC02943,G02B6/02
IPC02944,G02B6/10
IPC02945,G02B6/12
IPC02946,G02B6/122
IPC02947,G02B6/124
IPC02948,G02B6/13
IPC02949,G02B6/14
IPC02950,G02B6/24
IPC02951,G02B6/26
IPC02952,G02B6/28
IPC02953,G02B6/29
IPC02954,G02B6/38
IPC02955,G02B6/42
IPC02956,G02B6/44
IPC02957,G02B7/02
IPC02958,G02B7/08
IPC02959,G02C11/00
IPC02960,G02F1/13
IPC02961,G02F1/15
IPC02962,G02F1/1503
IPC02963,G02F1/153
IPC02964,G02F1/155
IPC02965,G02F1/16
IPC02966,G02F1/29
IPC02967,G02F1/33
IPC02968,G02F1/35
IPC02969,G02F1/36
IPC02970,G02F3/00
IPC02971,G03B17/56
IPC02972,G03B21/16
IPC02973,G03B35/20
IPC02974,G03B37/00
IPC02975,G03B37/04
IPC02976,G03B42/04
IPC02977,G03C1/00
IPC02978,G03C1/01
IPC02979,G03C1/06
IPC02980,G03C1/30
IPC02981,G03F7/00
IPC02982,G03F7/20
IPC02983,G03F7/30
IPC02984,G03G15/00
IPC02985,G03G15/01
IPC02986,G03G15/08
IPC02987,G03G15/20
IPC02988,G03G21/18
IPC02989,G03G5/04
IPC02990,G03G9/09
IPC02991,G03H1/08
IPC02992,G04B23/02
IPC02993,G04B23/03
IPC02994,G04B23/10
IPC02995,G04B47/02
IPC02996,G04G13/02
IPC02997,G04G21/02
IPC02998,G04G9/00
IPC02999,G05B13/00
IPC03000,G05B13/02
IPC03001,G05B13/04
IPC03002,G05B15/02
IPC03003,G05B17/02
IPC03004,G05B19/02
IPC03005,G05B19/04
IPC03006,G05B19/042
IPC03007,G05B19/40
IPC03008,G05B19/4063
IPC03009,G05B19/4099
IPC03010,G05B19/41
IPC03011,G05B19/418
IPC03012,G05B23/02
IPC03013,G05D1/00
IPC03014,G05D1/02
IPC03015,G05D1/06
IPC03016,G05D1/08
IPC03017,G05D1/10
IPC03018,G05D22/02
IPC03019,G05D7/01
IPC03020,G05F1/10
IPC03021,G05F1/57
IPC03022,G05F1/66
IPC03023,G05F1/67
IPC03024,G05G9/04
IPC03025,G05G9/047
IPC03026,G05G9/053
IPC03027,G06F1/02
IPC03028,G06F1/16
IPC03029,G06F1/20
IPC03030,G06F1/26
IPC03031,G06F1/30
IPC03032,G06F1/32
IPC03033,G06F11/00
IPC03034,G06F11/07
IPC03035,G06F11/10
IPC03036,G06F11/14
IPC03037,G06F11/16
IPC03038,G06F11/20
IPC03039,G06F11/22
IPC03040,G06F11/26
IPC03041,G06F11/263
IPC03042,G06F11/30
IPC03043,G06F11/34
IPC03044,G06F11/36
IPC03045,G06F113/04
IPC03046,G06F113/26
IPC03047,G06F119/06
IPC03048,G06F119/10
IPC03049,G06F119/14
IPC03050,G06F12/02
IPC03051,G06F12/08
IPC03052,G06F12/0842
IPC03053,G06F12/12
IPC03054,G06F13/00
IPC03055,G06F13/12
IPC03056,G06F13/28
IPC03057,G06F13/40
IPC03058,G06F13/42
IPC03059,G06F15/00
IPC03060,G06F15/16
IPC03061,G06F15/78
IPC03062,G06F16/21
IPC03063,G06F16/22
IPC03064,G06F16/23
IPC03065,G06F16/24
IPC03066,G06F16/25
IPC03067,G06F16/26
IPC03068,G06F16/27
IPC03069,G06F16/28
IPC03070,G06F16/29
IPC03071,G06F16/33
IPC03072,G06F16/34
IPC03073,G06F16/35
IPC03074,G06F16/36
IPC03075,G06F16/58
IPC03076,G06F16/68
IPC03077,G06F16/73
IPC03078,G06F16/783
IPC03079,G06F16/90
IPC03080,G06F16/901
IPC03081,G06F16/9035
IPC03082,G06F16/906
IPC03083,G06F16/95
IPC03084,G06F16/951
IPC03085,G06F17/00
IPC03086,G06F17/10
IPC03087,G06F17/11
IPC03088,G06F17/13
IPC03089,G06F17/14
IPC03090,G06F17/16
IPC03091,G06F17/18
IPC03092,G06F17/21
IPC03093,G06F17/22
IPC03094,G06F17/27
IPC03095,G06F17/28
IPC03096,G06F17/30
IPC03097,G06F17/50
IPC03098,G06F18/00
IPC03099,G06F18/20
IPC03100,G06F18/21
IPC03101,G06F18/213
IPC03102,G06F18/22
IPC03103,G06F18/23
IPC03104,G06F18/24
IPC03105,G06F18/25
IPC03106,G06F19/00
IPC03107,G06F21/00
IPC03108,G06F21/10
IPC03109,G06F21/14
IPC03110,G06F21/31
IPC03111,G06F21/32
IPC03112,G06F21/53
IPC03113,G06F21/55
IPC03114,G06F21/56
IPC03115,G06F21/57
IPC03116,G06F21/60
IPC03117,G06F21/62
IPC03118,G06F21/64
IPC03119,G06F21/70
IPC03120,G06F21/72
IPC03121,G06F21/75
IPC03122,G06F21/78
IPC03123,G06F21/79
IPC03124,G06F3/00
IPC03125,G06F3/01
IPC03126,G06F3/02
IPC03127,G06F3/03
IPC03128,G06F3/04
IPC03129,G06F3/041
IPC03130,G06F3/042
IPC03131,G06F3/048
IPC03132,G06F3/04883
IPC03133,G06F3/06
IPC03134,G06F3/14
IPC03135,G06F3/16
IPC03136,G06F30/00
IPC03137,G06F30/10
IPC03138,G06F30/13
IPC03139,G06F30/15
IPC03140,G06F30/17
IPC03141,G06F30/18
IPC03142,G06F30/20
IPC03143,G06F30/23
IPC03144,G06F30/28
IPC03145,G06F30/30
IPC03146,G06F30/32
IPC03147,G06F30/33
IPC03148,G06F30/34
IPC03149,G06F30/36
IPC03150,G06F30/39
IPC03151,G06F40/16
IPC03152,G06F40/20
IPC03153,G06F40/226
IPC03154,G06F40/23
IPC03155,G06F40/24
IPC03156,G06F40/26
IPC03157,G06F40/27
IPC03158,G06F40/279
IPC03159,G06F40/28
IPC03160,G06F40/29
IPC03161,G06F40/30
IPC03162,G06F40/40
IPC03163,G06F40/58
IPC03164,G06F5/01
IPC03165,G06F7/00
IPC03166,G06F7/52
IPC03167,G06F7/58
IPC03168,G06F7/74
IPC03169,G06F8/10
IPC03170,G06F8/20
IPC03171,G06F8/30
IPC03172,G06F8/35
IPC03173,G06F8/36
IPC03174,G06F8/60
IPC03175,G06F8/61
IPC03176,G06F8/70
IPC03177,G06F8/71
IPC03178,G06F8/77
IPC03179,G06F9/00
IPC03180,G06F9/30
IPC03181,G06F9/32
IPC03182,G06F9/44
IPC03183,G06F9/45
IPC03184,G06F9/455
IPC03185,G06F9/48
IPC03186,G06F9/50
IPC03187,G06F9/54
IPC03188,G06G30/20
IPC03189,G06G7/48
IPC03190,G06K15/22
IPC03191,G06K17/00
IPC03192,G06K19/07
IPC03193,G06K19/077
IPC03194,G06K7/00
IPC03195,G06K7/10
IPC03196,G06K7/14
IPC03197,G06K9/00
IPC03198,G06K9/03
IPC03199,G06K9/22
IPC03200,G06K9/46
IPC03201,G06K9/62
IPC03202,G06M1/10
IPC03203,G06N10/00
IPC03204,G06N10/20
IPC03205,G06N10/40
IPC03206,G06N10/60
IPC03207,G06N20/00
IPC03208,G06N20/10
IPC03209,G06N20/20
IPC03210,G06N3/00
IPC03211,G06N3/02
IPC03212,G06N3/04
IPC03213,G06N3/044
IPC03214,G06N3/045
IPC03215,G06N3/0464
IPC03216,G06N3/0475
IPC03217,G06N3/06
IPC03218,G06N3/063
IPC03219,G06N3/08
IPC03220,G06N3/084
IPC03221,G06N3/092
IPC03222,G06N3/098
IPC03223,G06N3/12
IPC03224,G06N5/00
IPC03225,G06N5/01
IPC03226,G06N5/02
IPC03227,G06N5/04
IPC03228,G06N5/045
IPC03229,G06N7/00
IPC03230,G06N7/01
IPC03231,G06N99/00
IPC03232,G06Q10/00
IPC03233,G06Q10/02
IPC03234,G06Q10/04
IPC03235,G06Q10/047
IPC03236,G06Q10/06
IPC03237,G06Q10/063
IPC03238,G06Q10/0631
IPC03239,G06Q10/08
IPC03240,G06Q10/10
IPC03241,G06Q10/20
IPC03242,G06Q10/30
IPC03243,G06Q20/04
IPC03244,G06Q20/06
IPC03245,G06Q20/10
IPC03246,G06Q20/14
IPC03247,G06Q20/18
IPC03248,G06Q20/20
IPC03249,G06Q20/28
IPC03250,G06Q20/32
IPC03251,G06Q20/34
IPC03252,G06Q20/36
IPC03253,G06Q20/38
IPC03254,G06Q20/40
IPC03255,G06Q30/00
IPC03256,G06Q30/01
IPC03257,G06Q30/02
IPC03258,G06Q30/0207
IPC03259,G06Q30/04
IPC03260,G06Q30/06
IPC03261,G06Q30/0645
IPC03262,G06Q30/08
IPC03263,G06Q40/00
IPC03264,G06Q40/02
IPC03265,G06Q40/03
IPC03266,G06Q40/04
IPC03267,G06Q40/06
IPC03268,G06Q40/08
IPC03269,G06Q40/12
IPC03270,G06Q50/00
IPC03271,G06Q50/02
IPC03272,G06Q50/04
IPC03273,G06Q50/06
IPC03274,G06Q50/10
IPC03275,G06Q50/12
IPC03276,G06Q50/14
IPC03277,G06Q50/16
IPC03278,G06Q50/163
IPC03279,G06Q50/18
IPC03280,G06Q50/20
IPC03281,G06Q50/22
IPC03282,G06Q50/26
IPC03283,G06Q50/28
IPC03284,G06Q50/30
IPC03285,G06Q50/40
IPC03286,G06Q90/00
IPC03287,G06Q99/00
IPC03288,G06T1/00
IPC03289,G06T1/20
IPC03290,G06T11/00
IPC03291,G06T11/20
IPC03292,G06T11/60
IPC03293,G06T19/00
IPC03294,G06T19/20
IPC03295,G06T5/00
IPC03296,G06T5/40
IPC03297,G06T5/77
IPC03298,G06T7/00
IPC03299,G06T7/10
IPC03300,G06T7/11
IPC03301,G06T7/13
IPC03302,G06T7/19
IPC03303,G06T7/20
IPC03304,G06T7/24
IPC03305,G06T7/30
IPC03306,G06T7/33
IPC03307,G06T7/50
IPC03308,G06T7/58
IPC03309,G06T7/62
IPC03310,G06T7/73
IPC03311,G06T7/80
IPC03312,G06T7/90
IPC03313,G06V10/00
IPC03314,G06V10/10
IPC03315,G06V10/20
IPC03316,G06V10/25
IPC03317,G06V10/70
IPC03318,G06V10/72
IPC03319,G06V10/76
IPC03320,G06V10/762
IPC03321,G06V10/764
IPC03322,G06V10/774
IPC03323,G06V10/80
IPC03324,G06V10/82
IPC03325,G06V20/10
IPC03326,G06V20/13
IPC03327,G06V20/18
IPC03328,G06V20/40
IPC03329,G06V20/50
IPC03330,G06V20/52
IPC03331,G06V20/56
IPC03332,G06V20/58
IPC03333,G06V20/62
IPC03334,G06V20/64
IPC03335,G06V20/68
IPC03336,G06V30/10
IPC03337,G06V30/16
IPC03338,G06V30/18
IPC03339,G06V30/19
IPC03340,G06V30/224
IPC03341,G06V30/24
IPC03342,G06V40/00
IPC03343,G06V40/10
IPC03344,G06V40/16
IPC03345,G06V40/18
IPC03346,G06V40/19
IPC03347,G06V40/20
IPC03348,G07B15/04
IPC03349,G07B15/06
IPC03350,G07C13/00
IPC03351,G07C5/08
IPC03352,G07C9/00
IPC03353,G07C9/25
IPC03354,G07C9/27
IPC03355,G07C9/37
IPC03356,G07F13/02
IPC03357,G07F15/00
IPC03358,G07F15/06
IPC03359,G07F17/00
IPC03360,G07F17/12
IPC03361,G07F17/32
IPC03362,G07F19/00
IPC03363,G07F7/02
IPC03364,G07F7/08
IPC03365,G07F7/10
IPC03366,G07F9/02
IPC03367,G07G1/00
IPC03368,G08B13/08
IPC03369,G08B13/19
IPC03370,G08B13/196
IPC03371,G08B13/24
IPC03372,G08B13/26
IPC03373,G08B15/00
IPC03374,G08B17/00
IPC03375,G08B17/02
IPC03376,G08B17/06
IPC03377,G08B17/10
IPC03378,G08B17/11
IPC03379,G08B17/12
IPC03380,G08B19/02
IPC03381,G08B21/02
IPC03382,G08B21/04
IPC03383,G08B21/06
IPC03384,G08B21/08
IPC03385,G08B21/10
IPC03386,G08B21/12
IPC03387,G08B21/18
IPC03388,G08B21/24
IPC03389,G08B25/00
IPC03390,G08B25/01
IPC03391,G08B25/08
IPC03392,G08B25/10
IPC03393,G08B25/14
IPC03394,G08B27/00
IPC03395,G08B29/04
IPC03396,G08B3/10
IPC03397,G08B31/00
IPC03398,G08B6/00
IPC03399,G08B7/06
IPC03400,G08C17/02
IPC03401,G08G1/00
IPC03402,G08G1/005
IPC03403,G08G1/01
IPC03404,G08G1/017
IPC03405,G08G1/04
IPC03406,G08G1/05
IPC03407,G08G1/052
IPC03408,G08G1/07
IPC03409,G08G1/08
IPC03410,G08G1/087
IPC03411,G08G1/09
IPC03412,G08G1/095
IPC03413,G08G1/0965
IPC03414,G08G1/0967
IPC03415,G08G1/0969
IPC03416,G08G1/12
IPC03417,G08G1/14
IPC03418,G08G1/16
IPC03419,G08G5/00
IPC03420,G08G5/02
IPC03421,G08G5/04
IPC03422,G09B1/20
IPC03423,G09B1/22
IPC03424,G09B11/00
IPC03425,G09B17/00
IPC03426,G09B19/00
IPC03427,G09B19/04
IPC03428,G09B19/06
IPC03429,G09B19/08
IPC03430,G09B19/22
IPC03431,G09B21/00
IPC03432,G09B21/02
IPC03433,G09B21/04
IPC03434,G09B23/00
IPC03435,G09B23/06
IPC03436,G09B23/08
IPC03437,G09B23/10
IPC03438,G09B23/18
IPC03439,G09B23/20
IPC03440,G09B23/24
IPC03441,G09B23/26
IPC03442,G09B23/28
IPC03443,G09B23/30
IPC03444,G09B27/08
IPC03445,G09B29/10
IPC03446,G09B5/00
IPC03447,G09B5/02
IPC03448,G09B5/04
IPC03449,G09B5/06
IPC03450,G09B5/14
IPC03451,G09B7/00
IPC03452,G09B7/02
IPC03453,G09B7/04
IPC03454,G09B9/00
IPC03455,G09C1/00
IPC03456,G09F13/04
IPC03457,G09F21/04
IPC03458,G09F3/00
IPC03459,G09F3/10
IPC03460,G09G3/00
IPC03461,G09G3/20
IPC03462,G09G3/32
IPC03463,G09G3/36
IPC03464,G09G5/00
IPC03465,G09G5/02
IPC03466,G09G5/24
IPC03467,G10D1/00
IPC03468,G10D13/01
IPC03469,G10D7/00
IPC03470,G10D9/06
IPC03471,G10H1/00
IPC03472,G10H1/36
IPC03473,G10H1/38
IPC03474,G10H3/18
IPC03475,G10K11/17
IPC03476,G10L13/00
IPC03477,G10L13/02
IPC03478,G10L13/08
IPC03479,G10L15/00
IPC03480,G10L15/02
IPC03481,G10L15/04
IPC03482,G10L15/08
IPC03483,G10L15/16
IPC03484,G10L15/18
IPC03485,G10L15/22
IPC03486,G10L15/25
IPC03487,G10L15/26
IPC03488,G10L15/28
IPC03489,G10L19/02
IPC03490,G10L19/24
IPC03491,G10L21/02
IPC03492,G10L21/06
IPC03493,G10L25/18
IPC03494,G10L25/51
IPC03495,G10L25/63
IPC03496,G10L25/78
IPC03497,G11B17/04
IPC03498,G11B20/00
IPC03499,G11B20/10
IPC03500,G11B20/18
IPC03501,G11B27/10
IPC03502,G11B27/34
IPC03503,G11B5/718
IPC03504,G11B7/09
IPC03505,G11B7/25
IPC03506,G11C11/16
IPC03507,G11C11/22
IPC03508,G11C11/408
IPC03509,G11C11/41
IPC03510,G11C11/56
IPC03511,G11C13/00
IPC03512,G11C16/34
IPC03513,G11C29/50
IPC03514,G11C5/05
IPC03515,G11C7/10
IPC03516,G11C7/22
IPC03517,G11C8/08
IPC03518,G16B15/00
IPC03519,G16B15/30
IPC03520,G16B20/00
IPC03521,G16B20/20
IPC03522,G16B30/00
IPC03523,G16B35/00
IPC03524,G16B40/00
IPC03525,G16B5/00
IPC03526,G16B50/00
IPC03527,G16C20/30
IPC03528,G16C20/50
IPC03529,G16C20/90
IPC03530,G16H10/00
IPC03531,G16H10/20
IPC03532,G16H10/40
IPC03533,G16H10/60
IPC03534,G16H15/00
IPC03535,G16H20/00
IPC03536,G16H20/10
IPC03537,G16H20/13
IPC03538,G16H20/17
IPC03539,G16H20/30
IPC03540,G16H20/60
IPC03541,G16H20/70
IPC03542,G16H30/20
IPC03543,G16H30/40
IPC03544,G16H40/20
IPC03545,G16H40/60
IPC03546,G16H40/63
IPC03547,G16H40/67
IPC03548,G16H50/00
IPC03549,G16H50/20
IPC03550,G16H50/30
IPC03551,G16H50/50
IPC03552,G16H50/70
IPC03553,G16H50/80
IPC03554,G16H80/00
IPC03555,G16Y10/00
IPC03556,G16Y10/05
IPC03557,G16Y10/50
IPC03558,G16Y30/00
IPC03559,G16Y30/10
IPC03560,G16Y40/10
IPC03561,G16Y40/35
IPC03562,G16Y40/50
IPC03563,G16Z99/00
IPC03564,G21C17/00
IPC03565,G21C17/10
IPC03566,G21F1/00
IPC03567,G21F1/10
IPC03568,H01B1/02
IPC03569,H01B1/04
IPC03570,H01B1/08
IPC03571,H01B1/22
IPC03572,H01B11/18
IPC03573,H01B13/00
IPC03574,H01F1/04
IPC03575,H01F1/047
IPC03576,H01F1/053
IPC03577,H01F1/14
IPC03578,H01F1/18
IPC03579,H01F17/04
IPC03580,H01F27/24
IPC03581,H01F27/26
IPC03582,H01F27/28
IPC03583,H01F27/40
IPC03584,H01F3/08
IPC03585,H01F41/02
IPC03586,H01F7/02
IPC03587,H01F7/06
IPC03588,H01F7/08
IPC03589,H01F7/122
IPC03590,H01G11/00
IPC03591,H01G11/10
IPC03592,H01G11/22
IPC03593,H01G11/24
IPC03594,H01G11/30
IPC03595,H01G11/36
IPC03596,H01G11/38
IPC03597,H01G11/56
IPC03598,H01G11/58
IPC03599,H01G11/66
IPC03600,H01G11/84
IPC03601,H01G11/86
IPC03602,H01G4/12
IPC03603,H01G4/30
IPC03604,H01G5/14
IPC03605,H01G7/06
IPC03606,H01G9/02
IPC03607,H01G9/04
IPC03608,H01G9/15
IPC03609,H01G9/20
IPC03610,H01H50/54
IPC03611,H01J1/304
IPC03612,H01J37/22
IPC03613,H01J37/24
IPC03614,H01J37/32
IPC03615,H01J49/10
IPC03616,H01K1/00
IPC03617,H01K3/32
IPC03618,H01L1/00
IPC03619,H01L21/00
IPC03620,H01L21/02
IPC03621,H01L21/03
IPC03622,H01L21/20
IPC03623,H01L21/26
IPC03624,H01L21/265
IPC03625,H01L21/268
IPC03626,H01L21/28
IPC03627,H01L21/30
IPC03628,H01L21/31
IPC03629,H01L21/32
IPC03630,H01L21/335
IPC03631,H01L21/336
IPC03632,H01L21/338
IPC03633,H01L21/443
IPC03634,H01L21/66
IPC03635,H01L21/67
IPC03636,H01L21/68
IPC03637,H01L21/76
IPC03638,H01L21/82
IPC03639,H01L21/822
IPC03640,H01L23/00
IPC03641,H01L23/15
IPC03642,H01L23/36
IPC03643,H01L23/367
IPC03644,H01L23/37
IPC03645,H01L23/42
IPC03646,H01L23/46
IPC03647,H01L23/47
IPC03648,H01L23/48
IPC03649,H01L23/49
IPC03650,H01L23/492
IPC03651,H01L23/52
IPC03652,H01L23/53
IPC03653,H01L23/55
IPC03654,H01L23/66
IPC03655,H01L27/00
IPC03656,H01L27/02
IPC03657,H01L27/11
IPC03658,H01L27/11507
IPC03659,H01L27/1159
IPC03660,H01L27/12
IPC03661,H01L27/14
IPC03662,H01L27/32
IPC03663,H01L29/00
IPC03664,H01L29/06
IPC03665,H01L29/10
IPC03666,H01L29/15
IPC03667,H01L29/16
IPC03668,H01L29/20
IPC03669,H01L29/24
IPC03670,H01L29/40
IPC03671,H01L29/41
IPC03672,H01L29/42
IPC03673,H01L29/49
IPC03674,H01L29/51
IPC03675,H01L29/66
IPC03676,H01L29/73
IPC03677,H01L29/74
IPC03678,H01L29/77
IPC03679,H01L29/778
IPC03680,H01L29/78
IPC03681,H01L29/785
IPC03682,H01L29/786
IPC03683,H01L29/788
IPC03684,H01L31/02
IPC03685,H01L31/03
IPC03686,H01L31/032
IPC03687,H01L31/04
IPC03688,H01L31/05
IPC03689,H01L31/052
IPC03690,H01L31/10
IPC03691,H01L31/18
IPC03692,H01L33/00
IPC03693,H01L33/06
IPC03694,H01L33/20
IPC03695,H01L33/50
IPC03696,H01L33/62
IPC03697,H01L35/00
IPC03698,H01L35/22
IPC03699,H01L35/30
IPC03700,H01L35/32
IPC03701,H01L39/12
IPC03702,H01L39/24
IPC03703,H01L41/04
IPC03704,H01L41/05
IPC03705,H01L41/08
IPC03706,H01L41/09
IPC03707,H01L41/11
IPC03708,H01L41/29
IPC03709,H01L41/43
IPC03710,H01L43/02
IPC03711,H01L43/06
IPC03712,H01L43/08
IPC03713,H01L43/10
IPC03714,H01L45/00
IPC03715,H01L49/02
IPC03716,H01L51/00
IPC03717,H01L51/05
IPC03718,H01L51/42
IPC03719,H01L51/50
IPC03720,H01L51/52
IPC03721,H01M10/04
IPC03722,H01M10/05
IPC03723,H01M10/052
IPC03724,H01M10/0525
IPC03725,H01M10/054
IPC03726,H01M10/0562
IPC03727,H01M10/0567
IPC03728,H01M10/0568
IPC03729,H01M10/0569
IPC03730,H01M10/058
IPC03731,H01M10/36
IPC03732,H01M10/39
IPC03733,H01M10/42
IPC03734,H01M10/44
IPC03735,H01M10/46
IPC03736,H01M10/48
IPC03737,H01M10/525
IPC03738,H01M10/54
IPC03739,H01M10/61
IPC03740,H01M10/613
IPC03741,H01M10/617
IPC03742,H01M10/62
IPC03743,H01M10/625
IPC03744,H01M10/63
IPC03745,H01M10/65
IPC03746,H01M10/653
IPC03747,H01M10/654
IPC03748,H01M10/6556
IPC03749,H01M10/6568
IPC03750,H01M10/657
IPC03751,H01M14/00
IPC03752,H01M16/00
IPC03753,H01M2/02
IPC03754,H01M2/06
IPC03755,H01M2/10
IPC03756,H01M4/02
IPC03757,H01M4/04
IPC03758,H01M4/131
IPC03759,H01M4/134
IPC03760,H01M4/1391
IPC03761,H01M4/1395
IPC03762,H01M4/26
IPC03763,H01M4/36
IPC03764,H01M4/38
IPC03765,H01M4/40
IPC03766,H01M4/485
IPC03767,H01M4/50
IPC03768,H01M4/505
IPC03769,H01M4/525
IPC03770,H01M4/58
IPC03771,H01M4/587
IPC03772,H01M4/60
IPC03773,H01M4/62
IPC03774,H01M4/66
IPC03775,H01M4/86
IPC03776,H01M4/90
IPC03777,H01M4/92
IPC03778,H01M4/96
IPC03779,H01M50/24
IPC03780,H01M50/41
IPC03781,H01M50/54
IPC03782,H01M6/34
IPC03783,H01M8/0202
IPC03784,H01M8/0247
IPC03785,H01M8/0263
IPC03786,H01M8/0297
IPC03787,H01M8/04
IPC03788,H01M8/06
IPC03789,H01M8/10
IPC03790,H01M8/16
IPC03791,H01M8/18
IPC03792,H01M8/20
IPC03793,H01M8/24
IPC03794,H01M8/244
IPC03795,H01P1/20
IPC03796,H01P5/04
IPC03797,H01P5/12
IPC03798,H01P5/16
IPC03799,H01P5/18
IPC03800,H01P7/08
IPC03801,H01Q1/22
IPC03802,H01Q1/24
IPC03803,H01Q1/27
IPC03804,H01Q1/28
IPC03805,H01Q1/32
IPC03806,H01Q1/34
IPC03807,H01Q1/36
IPC03808,H01Q1/38
IPC03809,H01Q1/42
IPC03810,H01Q1/48
IPC03811,H01Q1/50
IPC03812,H01Q1/52
IPC03813,H01Q11/04
IPC03814,H01Q11/08
IPC03815,H01Q13/02
IPC03816,H01Q13/08
IPC03817,H01Q13/10
IPC03818,H01Q13/18
IPC03819,H01Q15/00
IPC03820,H01Q15/14
IPC03821,H01Q19/10
IPC03822,H01Q19/30
IPC03823,H01Q21/00
IPC03824,H01Q21/06
IPC03825,H01Q21/24
IPC03826,H01Q21/30
IPC03827,H01Q3/20
IPC03828,H01Q3/26
IPC03829,H01Q3/44
IPC03830,H01Q3/46
IPC03831,H01Q5/22
IPC03832,H01Q9/04
IPC03833,H01Q9/27
IPC03834,H01Q9/30
IPC03835,H01Q9/40
IPC03836,H01R13/19
IPC03837,H01R13/58
IPC03838,H01R13/66
IPC03839,H01R24/60
IPC03840,H01R25/00
IPC03841,H01R9/05
IPC03842,H01S3/06
IPC03843,H01S3/30
IPC03844,H01S5/0231
IPC03845,H01S5/04
IPC03846,H01S5/0683
IPC03847,H01S5/11
IPC03848,H01S5/34
IPC03849,H01S5/40
IPC03850,H01T1/06
IPC03851,H01T23/00
IPC03852,H02G1/00
IPC03853,H02G1/02
IPC03854,H02G7/20
IPC03855,H02H1/00
IPC03856,H02H3/00
IPC03857,H02H9/04
IPC03858,H02J1/02
IPC03859,H02J1/10
IPC03860,H02J1/12
IPC03861,H02J13/00
IPC03862,H02J3/00
IPC03863,H02J3/01
IPC03864,H02J3/14
IPC03865,H02J3/18
IPC03866,H02J3/32
IPC03867,H02J3/38
IPC03868,H02J3/46
IPC03869,H02J3/50
IPC03870,H02J50/00
IPC03871,H02J50/10
IPC03872,H02J50/12
IPC03873,H02J50/20
IPC03874,H02J50/70
IPC03875,H02J50/90
IPC03876,H02J7/00
IPC03877,H02J7/02
IPC03878,H02J7/04
IPC03879,H02J7/14
IPC03880,H02J7/34
IPC03881,H02J7/35
IPC03882,H02J7/60
IPC03883,H02J7/82
IPC03884,H02J7/90
IPC03885,H02J9/06
IPC03886,H02K1/14
IPC03887,H02K1/16
IPC03888,H02K1/26
IPC03889,H02K1/27
IPC03890,H02K1/278
IPC03891,H02K15/03
IPC03892,H02K17/00
IPC03893,H02K19/06
IPC03894,H02K21/02
IPC03895,H02K23/04
IPC03896,H02K35/02
IPC03897,H02K35/04
IPC03898,H02K5/18
IPC03899,H02K5/24
IPC03900,H02K53/00
IPC03901,H02K7/00
IPC03902,H02K7/14
IPC03903,H02K7/18
IPC03904,H02K9/06
IPC03905,H02K9/19
IPC03906,H02M1/00
IPC03907,H02M1/08
IPC03908,H02M1/088
IPC03909,H02M1/10
IPC03910,H02M1/12
IPC03911,H02M1/14
IPC03912,H02M1/32
IPC03913,H02M1/34
IPC03914,H02M1/38
IPC03915,H02M1/42
IPC03916,H02M1/4208
IPC03917,H02M1/44
IPC03918,H02M3/00
IPC03919,H02M3/07
IPC03920,H02M3/155
IPC03921,H02M3/156
IPC03922,H02M3/158
IPC03923,H02M3/22
IPC03924,H02M3/33
IPC03925,H02M3/335
IPC03926,H02M5/04
IPC03927,H02M5/20
IPC03928,H02M5/22
IPC03929,H02M5/45
IPC03930,H02M7/04
IPC03931,H02M7/155
IPC03932,H02M7/162
IPC03933,H02M7/219
IPC03934,H02M7/48
IPC03935,H02M7/483
IPC03936,H02M7/5387
IPC03937,H02M7/5388
IPC03938,H02N1/00
IPC03939,H02N11/00
IPC03940,H02N2/18
IPC03941,H02P21/20
IPC03942,H02P23/14
IPC03943,H02P25/00
IPC03944,H02P25/08
IPC03945,H02P25/09
IPC03946,H02P25/092
IPC03947,H02P25/098
IPC03948,H02P27/08
IPC03949,H02P3/14
IPC03950,H02P6/10
IPC03951,H02P6/17
IPC03952,H02P7/29
IPC03953,H02P7/292
IPC03954,H02P8/14
IPC03955,H02P9/08
IPC03956,H02S10/00
IPC03957,H02S10/12
IPC03958,H02S10/40
IPC03959,H02S20/30
IPC03960,H02S20/32
IPC03961,H02S30/10
IPC03962,H02S40/10
IPC03963,H02S40/22
IPC03964,H02S40/30
IPC03965,H02S40/38
IPC03966,H02S40/42
IPC03967,H02S50/00
IPC03968,H02S50/10
IPC03969,H03B1/00
IPC03970,H03B19/00
IPC03971,H03B19/10
IPC03972,H03B19/14
IPC03973,H03B5/04
IPC03974,H03B5/12
IPC03975,H03B5/30
IPC03976,H03C3/26
IPC03977,H03D3/24
IPC03978,H03F1/00
IPC03979,H03F1/02
IPC03980,H03F1/26
IPC03981,H03F1/56
IPC03982,H03F3/19
IPC03983,H03F3/21
IPC03984,H03F3/45
IPC03985,H03G1/00
IPC03986,H03G9/06
IPC03987,H03G9/14
IPC03988,H03H11/24
IPC03989,H03H11/36
IPC03990,H03H17/06
IPC03991,H03H3/00
IPC03992,H03H7/01
IPC03993,H03H7/24
IPC03994,H03H9/02
IPC03995,H03H9/10
IPC03996,H03H9/24
IPC03997,H03K17/00
IPC03998,H03K17/06
IPC03999,H03K17/08
IPC04000,H03K17/16
IPC04001,H03K17/56
IPC04002,H03K17/94
IPC04003,H03K19/17
IPC04004,H03K19/195
IPC04005,H03K3/03
IPC04006,H03K3/35
IPC04007,H03K4/00
IPC04008,H03K5/00
IPC04009,H03K5/13
IPC04010,H03K5/15
IPC04011,H03K5/19
IPC04012,H03K7/08
IPC04013,H03L7/08
IPC04014,H03L7/089
IPC04015,H03L7/09
IPC04016,H03L7/099
IPC04017,H03L7/10
IPC04018,H03M1/10
IPC04019,H03M1/12
IPC04020,H03M1/36
IPC04021,H03M1/46
IPC04022,H03M1/50
IPC04023,H03M13/00
IPC04024,H03M13/09
IPC04025,H03M13/11
IPC04026,H03M13/13
IPC04027,H03M13/15
IPC04028,H03M13/19
IPC04029,H03M3/00
IPC04030,H03M7/46
IPC04031,H04B1/00
IPC04032,H04B1/04
IPC04033,H04B1/38
IPC04034,H04B1/40
IPC04035,H04B1/401
IPC04036,H04B1/70
IPC04037,H04B1/707
IPC04038,H04B1/71
IPC04039,H04B10/00
IPC04040,H04B10/11
IPC04041,H04B10/116
IPC04042,H04B10/25
IPC04043,H04B10/29
IPC04044,H04B10/516
IPC04045,H04B10/61
IPC04046,H04B10/67
IPC04047,H04B10/70
IPC04048,H04B13/00
IPC04049,H04B17/31
IPC04050,H04B17/33
IPC04051,H04B17/39
IPC04052,H04B5/00
IPC04053,H04B7/00
IPC04054,H04B7/04
IPC04055,H04B7/06
IPC04056,H04B7/08
IPC04057,H04B7/18
IPC04058,H04B7/26
IPC04059,H04H60/46
IPC04060,H04H60/56
IPC04061,H04J11/00
IPC04062,H04J13/00
IPC04063,H04J13/10
IPC04064,H04J13/14
IPC04065,H04J13/16
IPC04066,H04J14/02
IPC04067,H04K3/00
IPC04068,H04L1/00
IPC04069,H04L1/04
IPC04070,H04L1/08
IPC04071,H04L1/16
IPC04072,H04L1/18
IPC04073,H04L1/1812
IPC04074,H04L12/18
IPC04075,H04L12/24
IPC04076,H04L12/26
IPC04077,H04L12/28
IPC04078,H04L12/40
IPC04079,H04L12/56
IPC04080,H04L12/58
IPC04081,H04L12/64
IPC04082,H04L12/66
IPC04083,H04L12/70
IPC04084,H04L12/72
IPC04085,H04L12/721
IPC04086,H04L12/74
IPC04087,H04L25/02
IPC04088,H04L25/03
IPC04089,H04L27/00
IPC04090,H04L27/20
IPC04091,H04L27/26
IPC04092,H04L27/34
IPC04093,H04L27/36
IPC04094,H04L27/38
IPC04095,H04L29/06
IPC04096,H04L29/08
IPC04097,H04L29/12
IPC04098,H04L41/06
IPC04099,H04L41/14
IPC04100,H04L41/22
IPC04101,H04L43/08
IPC04102,H04L43/10
IPC04103,H04L43/12
IPC04104,H04L43/16
IPC04105,H04L43/50
IPC04106,H04L45/00
IPC04107,H04L45/125
IPC04108,H04L45/24
IPC04109,H04L45/50
IPC04110,H04L47/12
IPC04111,H04L47/24
IPC04112,H04L47/32
IPC04113,H04L47/70
IPC04114,H04L47/83
IPC04115,H04L49/10
IPC04116,H04L49/109
IPC04117,H04L49/15
IPC04118,H04L49/25
IPC04119,H04L5/00
IPC04120,H04L5/02
IPC04121,H04L5/14
IPC04122,H04L51/00
IPC04123,H04L51/02
IPC04124,H04L51/04
IPC04125,H04L51/21
IPC04126,H04L51/22
IPC04127,H04L51/52
IPC04128,H04L65/60
IPC04129,H04L65/80
IPC04130,H04L67/00
IPC04131,H04L67/02
IPC04132,H04L67/10
IPC04133,H04L67/12
IPC04134,H04L67/14
IPC04135,H04L67/30
IPC04136,H04L67/50
IPC04137,H04L67/55
IPC04138,H04L69/16
IPC04139,H04L69/32
IPC04140,H04L7/00
IPC04141,H04L9/00
IPC04142,H04L9/06
IPC04143,H04L9/08
IPC04144,H04L9/12
IPC04145,H04L9/14
IPC04146,H04L9/30
IPC04147,H04L9/32
IPC04148,H04L9/40
IPC04149,H04M1/02
IPC04150,H04M1/03
IPC04151,H04M1/04
IPC04152,H04M1/12
IPC04153,H04M1/60
IPC04154,H04M1/65
IPC04155,H04M1/67
IPC04156,H04M1/72
IPC04157,H04M1/725
IPC04158,H04M11/04
IPC04159,H04M3/22
IPC04160,H04M3/52
IPC04161,H04M3/56
IPC04162,H04M7/00
IPC04163,H04N1/00
IPC04164,H04N1/10
IPC04165,H04N1/60
IPC04166,H04N1/62
IPC04167,H04N13/23
IPC04168,H04N13/33
IPC04169,H04N13/363
IPC04170,H04N17/00
IPC04171,H04N19/10
IPC04172,H04N19/11
IPC04173,H04N19/13
IPC04174,H04N19/15
IPC04175,H04N19/17
IPC04176,H04N19/33
IPC04177,H04N19/44
IPC04178,H04N19/527
IPC04179,H04N19/53
IPC04180,H04N19/59
IPC04181,H04N19/61
IPC04182,H04N21/21
IPC04183,H04N21/23
IPC04184,H04N21/25
IPC04185,H04N21/27
IPC04186,H04N21/42
IPC04187,H04N21/43
IPC04188,H04N21/44
IPC04189,H04N21/45
IPC04190,H04N21/46
IPC04191,H04N21/47
IPC04192,H04N21/475
IPC04193,H04N21/48
IPC04194,H04N21/64
IPC04195,H04N21/65
IPC04196,H04N21/83
IPC04197,H04N21/84
IPC04198,H04N21/85
IPC04199,H04N23/51
IPC04200,H04N23/56
IPC04201,H04N23/58
IPC04202,H04N23/60
IPC04203,H04N23/663
IPC04204,H04N23/90
IPC04205,H04N23/957
IPC04206,H04N5/21
IPC04207,H04N5/22
IPC04208,H04N5/23
IPC04209,H04N5/232
IPC04210,H04N5/262
IPC04211,H04N5/33
IPC04212,H04N5/77
IPC04213,H04N7/025
IPC04214,H04N7/035
IPC04215,H04N7/14
IPC04216,H04N7/15
IPC04217,H04N7/16
IPC04218,H04N7/18
IPC04219,H04N9/31
IPC04220,H04N9/73
IPC04221,H04Q11/00
IPC04222,H04Q9/00
IPC04223,H04R1/02
IPC04224,H04R1/10
IPC04225,H04R17/00
IPC04226,H04R17/02
IPC04227,H04R25/00
IPC04228,H04R3/00
IPC04229,H04R3/04
IPC04230,H04R5/02
IPC04231,H04R5/04
IPC04232,H04W12/00
IPC04233,H04W12/02
IPC04234,H04W12/04
IPC04235,H04W12/06
IPC04236,H04W12/08
IPC04237,H04W12/12
IPC04238,H04W12/50
IPC04239,H04W16/14
IPC04240,H04W16/20
IPC04241,H04W16/26
IPC04242,H04W16/28
IPC04243,H04W24/02
IPC04244,H04W24/04
IPC04245,H04W24/06
IPC04246,H04W24/08
IPC04247,H04W28/02
IPC04248,H04W28/04
IPC04249,H04W28/06
IPC04250,H04W28/08
IPC04251,H04W28/16
IPC04252,H04W28/22
IPC04253,H04W28/24
IPC04254,H04W36/14
IPC04255,H04W36/18
IPC04256,H04W36/22
IPC04257,H04W4/02
IPC04258,H04W4/021
IPC04259,H04W4/029
IPC04260,H04W4/06
IPC04261,H04W4/12
IPC04262,H04W4/14
IPC04263,H04W4/24
IPC04264,H04W4/38
IPC04265,H04W4/40
IPC04266,H04W4/44
IPC04267,H04W4/46
IPC04268,H04W4/70
IPC04269,H04W4/80
IPC04270,H04W4/90
IPC04271,H04W40/02
IPC04272,H04W40/10
IPC04273,H04W40/12
IPC04274,H04W40/20
IPC04275,H04W40/24
IPC04276,H04W48/02
IPC04277,H04W48/16
IPC04278,H04W48/18
IPC04279,H04W52/02
IPC04280,H04W52/04
IPC04281,H04W52/36
IPC04282,H04W56/00
IPC04283,H04W64/00
IPC04284,H04W72/02
IPC04285,H04W72/04
IPC04286,H04W72/08
IPC04287,H04W72/12
IPC04288,H04W72/23
IPC04289,H04W74/08
IPC04290,H04W76/25
IPC04291,H04W76/50
IPC04292,H04W8/00
IPC04293,H04W8/26
IPC04294,H04W84/04
IPC04295,H04W84/06
IPC04296,H04W84/12
IPC04297,H04W84/18
IPC04298,H04W88/02
IPC04299,H04W88/08
IPC04300,H04W88/10
IPC04301,H05B3/74
IPC04302,H05B31/00
IPC04303,H05B33/14
IPC04304,H05B37/02
IPC04305,H05B47/11
IPC04306,H05B47/15
IPC04307,H05B47/16
IPC04308,H05B47/19
IPC04309,H05B6/12
IPC04310,H05B6/44
IPC04311,H05B6/64
IPC04312,H05H1/24
IPC04313,H05K1/02
IPC04314,H05K1/03
IPC04315,H05K1/09
IPC04316,H05K1/11
IPC04317,H05K1/14
IPC04318,H05K1/16
IPC04319,H05K3/00
IPC04320,H05K3/06
IPC04321,H05K3/12
IPC04322,H05K3/46
IPC04323,H05K7/20
IPC04324,H05K9/00
IPC04325,H10B10/00
IPC04326,H10B12/00
IPC04327,H10B63/00
IPC04328,H10D30/47
IPC04329,H10D30/60
IPC04330,H10D30/66
IPC04331,H10D62/00
IPC04332,H10D62/10
IPC04333,H10D62/13
IPC04334,H10D62/80
IPC04335,H10D64/00
IPC04336,H10H29/45
IPC04337,H10K10/46
IPC04338,H10K30/20
IPC04339,H10K30/50
IPC04340,H10K50/10
IPC04341,H10K50/11
IPC04342,H10K59/13
IPC04343,H10K85/10
IPC04344,H10K85/30
IPC04345,H10K85/50
IPC04346,H10K85/60
IPC04347,H10K99/00
IPC04348,H10N10/01
IPC04349,H10N10/13
IPC04350,H10N10/17
IPC04351,H10N10/81
IPC04352,H10N30/00
IPC04353,H10N30/30
IPC04354,H10N30/85
IPC04355,H10N70/00
IPC04356,H10N70/20
