rank,researcher,institution,theses,research_score
1,AKSHATHA PRASANNA,R V College of Engineering,4,12
2,JYOTHI R,R V College of Engineering,3,9
3,Atheeth S,Indian Institute of Science Bangalore,3,9
4,VIDYA PATIL,R V College of Engineering,3,9
5,Jayant Hemang Kumar,Indian Institute of Science Bangalore,2,6
6,Kalyan N,R V College of Engineering,2,6
7,M Santoshi Kumari,B.M.S. College of Engineering,2,6
8,Kumar Naveen,Indian Institute of Science Bangalore,2,6
9,Jeny Varghese,M.S. Ramaiah Institute of Technology,2,6
10,Kumar Kundan,Indian Institute of Science Bangalore,2,6
11,Chandravanshi Dharita,Indian Institute of Science Bangalore,2,6
12,Anitha H M,B.M.S. College of Engineering,2,6
13,Dube Anoop Kumar,Indian Institute of Science Bangalore,2,6
14,Meleet Merin,R V College of Engineering,2,6
15,Mishra Arpita,Indian Institute of Science Bangalore,2,6
16,Nanditha Krishna,R V College of Engineering,2,6
17,Nareddy Kartheek Kumar Reddy,Indian Institute of Science Bangalore,2,6
18,Pushkar Dasika,Indian Institute of Science Bangalore,2,6
19,Sharma Shubham,Indian Institute of Science Bangalore,2,6
20,Shobha N S,R V College of Engineering,2,6
21,Shrivastava Swapnil,International Institute of Information Technology Bangalore,2,6
22,SHUBHA B BARAVANI,R V College of Engineering,2,6
23,Singh Prachi,Indian Institute of Science Bangalore,2,6
24,Sruthi C S,Indian Institute of Science Bangalore,2,6
25,Suma N,R V College of Engineering,2,6
26,Sumantha H S,B.M.S. College of Engineering,2,6
27,V P Sanjay,International Institute of Information Technology Bangalore,2,6
28,Vanishree K,R V College of Engineering,2,6
29,Yadav Sangeeta,Indian Institute of Science Bangalore,1,3
30,Yadav Shivani,Indian Institute of Science Bangalore,1,3
31,Yaduraj,R V College of Engineering,1,3
32,Yarajena Sai Saraswathi,Indian Institute of Science Bangalore,1,3
33,Yarra Chiranjeevi,Indian Institute of Science Bangalore,1,3
34,Yasodharan Sarath Ampadi,Indian Institute of Science Bangalore,1,3
35,Yatish Muddappa,B.M.S. College of Engineering,1,3
36,Yazar K U,Indian Institute of Science Bangalore,1,3
37,Yeggina Subash,Indian Institute of Science Bangalore,1,3
38,Yousuf Mohamed Amali Uthuman,Indian Institute of Science Bangalore,1,3
39,Yuvaraj I,Indian Institute of Science Bangalore,1,3
40,Addanki Tirumala Nireekshit,Indian Institute of Science Bangalore,1,3
41,Ahuja Kartika,Indian Institute of Science Bangalore,1,3
42,Ajay K M,R V College of Engineering,1,3
43,Ajey S N R,CMR Institute of Technology,1,3
44,Ajith Gopika,Indian Institute of Science Bangalore,1,3
45,Ajith S,Indian Institute of Science Bangalore,1,3
46,AKSHATHA M D,R V College of Engineering,1,3
47,Alakesh,Indian Institute of Science Bangalore,1,3
48,Alamuru Susmitha,CMR Institute of Technology,1,3
49,Alekya B,Indian Institute of Science Bangalore,1,3
50,Alexander Ann Ashlin,Indian Institute of Science Bangalore,1,3
51,Aliyu Ahmed,Indian Institute of Science Bangalore,1,3
52,Amaresh C,R V College of Engineering,1,3
53,Ambadi Niranjana,Indian Institute of Science Bangalore,1,3
54,Amith Shekhar C,R V College of Engineering,1,3
55,Amulyashree S,R V College of Engineering,1,3
56,Anagha K Kowshik,PES University,1,3
57,Anand Deepti J,International Institute of Information Technology Bangalore,1,3
58,Anand R,CMR Institute of Technology,1,3
59,Ananda Kumar S R,PES University,1,3
60,Anandan Megala,Indian Institute of Science Bangalore,1,3
61,Ananthan M,Indian Institute of Science Bangalore,1,3
62,Ananthanarasimhan J,Indian Institute of Science Bangalore,1,3
63,Angappan M,Indian Institute of Science Bangalore,1,3
64,Anil Amith G,Indian Institute of Science Bangalore,1,3
65,Anil Kumar R,Dayananda Sagar College of Engineering,1,3
66,Anil Kumar V,International Institute of Information Technology Bangalore,1,3
67,Anil Vishnu G K,Indian Institute of Science Bangalore,1,3
68,ANITHA N,R V College of Engineering,1,3
69,Ankit Kumar,Indian Institute of Science Bangalore,1,3
70,Annam Chandrakanth,Indian Institute of Science Bangalore,1,3
71,Anoop A M,Indian Institute of Science Bangalore,1,3
72,Anoop C S,Indian Institute of Science Bangalore,1,3
73,Ansari Aslam Md,Indian Institute of Science Bangalore,1,3
74,Ansh,Indian Institute of Science Bangalore,1,3
75,Anthony Christy Melson,B.M.S. College of Engineering,1,3
76,Anurenjan P R,Indian Institute of Science Bangalore,1,3
77,Anusha T M,B.M.S. College of Engineering,1,3
78,Aparanji Santosh,Indian Institute of Science Bangalore,1,3
79,Archana K,Indian Institute of Science Bangalore,1,3
80,Archana Nawandhar,CMR Institute of Technology,1,3
81,Arjun B S,Indian Institute of Science Bangalore,1,3
82,Arjun Somnath,Indian Institute of Science Bangalore,1,3
83,Arora Sweety,Indian Institute of Science Bangalore,1,3
84,Arthi S,Indian Institute of Science Bangalore,1,3
85,Arun I,Indian Institute of Science Bangalore,1,3
86,Arun Kalore Shubham,Indian Institute of Science Bangalore,1,3
87,Arunchaitanya Gadi Venkat,Indian Institute of Science Bangalore,1,3
88,Arunkumar K P,Indian Institute of Science Bangalore,1,3
89,Arunkumar P Chavan,R V College of Engineering,1,3
90,Arya Abhinav,Indian Institute of Science Bangalore,1,3
91,Asha K,R V College of Engineering,1,3
92,Ashwin K,Indian Institute of Science Bangalore,1,3
93,ASHWINI GADAG,R V College of Engineering,1,3
94,Ashwini H R,PES University,1,3
95,Aswal Abhilasha,International Institute of Information Technology Bangalore,1,3
96,Athaiya Snigdha,Indian Institute of Science Bangalore,1,3
97,Athul Joseph,Indian Institute of Science Bangalore,1,3
98,Austin Deepa,International Institute of Information Technology Bangalore,1,3
99,Avasarala Sankeerthana,Indian Institute of Science Bangalore,1,3
100,Awasthi Navchetan,Indian Institute of Science Bangalore,1,3
101,Ayobami Ajisafe Victor,Indian Institute of Science Bangalore,1,3
102,Azra Nasreen,R V College of Engineering,1,3
103,B S Ajay,International Institute of Information Technology Bangalore,1,3
104,B S Sowmya Lakshmi,B.M.S. College of Engineering,1,3
105,Babalad Shilpa,Indian Institute of Science Bangalore,1,3
106,Babu Jangala Ramesh,Indian Institute of Science Bangalore,1,3
107,Badhuk Pabitra,Indian Institute of Science Bangalore,1,3
108,Badita Ajay Kumar,Indian Institute of Science Bangalore,1,3
109,Badnikar Kedar Ashutosh,Indian Institute of Science Bangalore,1,3
110,Badola Mayank,Indian Institute of Science Bangalore,1,3
111,Bajaj Ketan,Indian Institute of Science Bangalore,1,3
112,Balachandar S,CMR Institute of Technology,1,3
113,Balachandra Kumaraswamy,International Institute of Information Technology Bangalore,1,3
114,Balaji Lakkimsetti,Indian Institute of Science Bangalore,1,3
115,Balaji Ramakrishnan,Dayananda Sagar College of Engineering,1,3
116,Bandla Sri Divya,Indian Institute of Science Bangalore,1,3
117,Bandyopadhyay Sambaran,Indian Institute of Science Bangalore,1,3
118,Banerjee Avijit,Indian Institute of Science Bangalore,1,3
119,Banerjee Poulami,Indian Institute of Science Bangalore,1,3
120,Bangaru Rajasekhar,Indian Institute of Science Bangalore,1,3
121,Bansal Ujjval,Indian Institute of Science Bangalore,1,3
122,Bansiwal Ashok,Indian Institute of Science Bangalore,1,3
123,Barman Pubali,Indian Institute of Science Bangalore,1,3
124,Baruah Dhrubjyoti,Indian Institute of Science Bangalore,1,3
125,Basha Mulla Saleem,Indian Institute of Science Bangalore,1,3
126,Basu Pranab,Indian Institute of Science Bangalore,1,3
127,Basu Subhadip,Indian Institute of Science Bangalore,1,3
128,Basumatary Jigmi,Indian Institute of Science Bangalore,1,3
129,Beera Damayanthi Jesudas,Indian Institute of Science Bangalore,1,3
130,Bhadak Bhalchandra,Indian Institute of Science Bangalore,1,3
131,Bhaduri Baibaswata,Indian Institute of Science Bangalore,1,3
132,Bhagwan Vaidya Girish,Indian Institute of Science Bangalore,1,3
133,Bhagyashri R Hanji,R V College of Engineering,1,3
134,Bharadwaj Pallavi,Indian Institute of Science Bangalore,1,3
135,Bharadwaja Sameera H,Indian Institute of Science Bangalore,1,3
136,Bharat Biswajit,Indian Institute of Science Bangalore,1,3
137,Bharath S,Indian Institute of Science Bangalore,1,3
138,Bharathi Gururaj,R V College of Engineering,1,3
139,Bhardwaj Devanshi,Indian Institute of Science Bangalore,1,3
140,Bhardwaj Mayank Ratan,Indian Institute of Science Bangalore,1,3
141,Bhardwaj Shubhangi,Indian Institute of Science Bangalore,1,3
142,Bharti Chandan,Indian Institute of Science Bangalore,1,3
143,Bhat Furqan A,Indian Institute of Science Bangalore,1,3
144,Bhat Sandeep,Indian Institute of Science Bangalore,1,3
145,Bhat Vighnesh S,Indian Institute of Science Bangalore,1,3
146,Bhat Vijayashree,Indian Institute of Science Bangalore,1,3
147,Bhatt Apoorv Naresh,Indian Institute of Science Bangalore,1,3
148,Bhatt Jaya,Indian Institute of Science Bangalore,1,3
149,Bhattacharjee Yudhajit,Indian Institute of Science Bangalore,1,3
150,Bhattacharya Debanjali,International Institute of Information Technology Bangalore,1,3
151,Bhavana V,R V College of Engineering,1,3
152,BHAVYA R,R V College of Engineering,1,3
153,Bibhanshu Nitish,Indian Institute of Science Bangalore,1,3
154,BINU D,R V College of Engineering,1,3
155,Bisen Omeshwari Yadorao,Indian Institute of Science Bangalore,1,3
156,Bishwajit Pal,Dayananda Sagar College of Engineering,1,3
157,Biswas Arpita,Indian Institute of Science Bangalore,1,3
158,Biswas Bidhan,Indian Institute of Science Bangalore,1,3
159,Biswas Mehek,Indian Institute of Science Bangalore,1,3
160,Biswas Rabindra,Indian Institute of Science Bangalore,1,3
161,Borah Pritam Jyoti,Indian Institute of Science Bangalore,1,3
162,Boruah Bhanupriya,Indian Institute of Science Bangalore,1,3
163,Brahma Madhuchhanda,Indian Institute of Science Bangalore,1,3
164,Burra Lakshmi Ramya Krishna,Indian Institute of Science Bangalore,1,3
165,Burud Nitin Baban,Indian Institute of Science Bangalore,1,3
166,C Usha,Dayananda Sagar College of Engineering,1,3
167,Chakka Sai Pradeep,International Institute of Information Technology Bangalore,1,3
168,Chakrabortty Tuhin,Indian Institute of Science Bangalore,1,3
169,CHALAPATHIRAJU KANUMURI,R V College of Engineering,1,3
170,Challa Vinay Reddy,Indian Institute of Science Bangalore,1,3
171,Chandra Aitichya,Indian Institute of Science Bangalore,1,3
172,Chandra Navin Kumar,Indian Institute of Science Bangalore,1,3
173,Chandrababu Anushka,International Institute of Information Technology Bangalore,1,3
174,Chandrahas,Indian Institute of Science Bangalore,1,3
175,Chandran Deepu,Indian Institute of Science Bangalore,1,3
176,Chandrasekhar Abishek,Indian Institute of Science Bangalore,1,3
177,Chandravanshi Vivek Kumar,Indian Institute of Science Bangalore,1,3
178,Chatterjee Aritra,Indian Institute of Science Bangalore,1,3
179,Chatterjee Kumar Suman,Indian Institute of Science Bangalore,1,3
180,Chatterjee Suman,Indian Institute of Science Bangalore,1,3
181,Chaturvedi Abhishek,Indian Institute of Science Bangalore,1,3
182,Chauhan Ayushi,Indian Institute of Science Bangalore,1,3
183,Chaupatnaik Anshuman,Indian Institute of Science Bangalore,1,3
184,Chavan Chandrashekhar Pomu,Indian Institute of Science Bangalore,1,3
185,Chavhan Suresh,Indian Institute of Science Bangalore,1,3
186,Chetan H,CMR Institute of Technology,1,3
187,Chethana G,R V College of Engineering,1,3
188,Chetupalli Srikanth Raj,Indian Institute of Science Bangalore,1,3
189,Chhajer Harsh,Indian Institute of Science Bangalore,1,3
190,Chhavi Gupta,R V College of Engineering,1,3
191,Chinmayananda A,Indian Institute of Science Bangalore,1,3
192,Chitnis Virupaksha,Indian Institute of Science Bangalore,1,3
193,Choubey Nipun,Indian Institute of Science Bangalore,1,3
194,Choudhary Harish Kumar,Indian Institute of Science Bangalore,1,3
195,Choudhury Samlesh,Indian Institute of Science Bangalore,1,3
196,Choudhury Saswat,Indian Institute of Science Bangalore,1,3
197,Chouhan Arun Singh,Indian Institute of Science Bangalore,1,3
198,Chowdhury Anubhab,Indian Institute of Science Bangalore,1,3
199,Chowdhury Arun Malla,Indian Institute of Science Bangalore,1,3
200,Chowdhury Jayabrata,Indian Institute of Science Bangalore,1,3
201,Chowdhury Rohit,Indian Institute of Science Bangalore,1,3
202,Chowdhury Shreya,Indian Institute of Science Bangalore,1,3
203,D Kavitha,R V College of Engineering,1,3
204,D R SASI REKHA,B.M.S. College of Engineering,1,3
205,D R Vasanthi,International Institute of Information Technology Bangalore,1,3
206,D Radha,R V College of Engineering,1,3
207,Dam Shimul Kumar,Indian Institute of Science Bangalore,1,3
208,Dandu Medha,Indian Institute of Science Bangalore,1,3
209,Danthuluri Sudha,CMR Institute of Technology,1,3
210,Dara V Krishna Sashank,International Institute of Information Technology Bangalore,1,3
211,Das Adhikary Gobinda,Indian Institute of Science Bangalore,1,3
212,Das Biswapriyo,Indian Institute of Science Bangalore,1,3
213,Das Debanjan,Indian Institute of Science Bangalore,1,3
214,Das Debasree,Indian Institute of Science Bangalore,1,3
215,Das Reshmi,Indian Institute of Science Bangalore,1,3
216,Das Sanhita,Indian Institute of Science Bangalore,1,3
217,Das Sarthak,Indian Institute of Science Bangalore,1,3
218,Das Saurabh Mohan,Indian Institute of Science Bangalore,1,3
219,Das Sayantan,Indian Institute of Science Bangalore,1,3
220,Das Shome Subhra,Indian Institute of Science Bangalore,1,3
221,Das Soumitra,Indian Institute of Science Bangalore,1,3
222,Das Subhas Chandra,Indian Institute of Science Bangalore,1,3
223,Dasgupta Pallavi,Indian Institute of Science Bangalore,1,3
224,Dash Aneesh,Indian Institute of Science Bangalore,1,3
225,Dash Anuj,Indian Institute of Science Bangalore,1,3
226,Dash Avinash,Indian Institute of Science Bangalore,1,3
227,Dash Rahul K,Indian Institute of Science Bangalore,1,3
228,Dash Sarthak,Indian Institute of Science Bangalore,1,3
229,Datta Prasad Madurai Ramesh,Indian Institute of Science Bangalore,1,3
230,Dave Himanshu L,Indian Institute of Science Bangalore,1,3
231,Dawnee S,Indian Institute of Science Bangalore,1,3
232,De Arnab,Indian Institute of Science Bangalore,1,3
233,Debnath Bhanjan,Indian Institute of Science Bangalore,1,3
234,Debnath Tutan,Indian Institute of Science Bangalore,1,3
235,Deekshith P K,Indian Institute of Science Bangalore,1,3
236,Deep Sneh,Indian Institute of Science Bangalore,1,3
237,Deepa L,Indian Institute of Science Bangalore,1,3
238,Deepa N P,Dayananda Sagar College of Engineering,1,3
239,DeepaH K,M.S. Ramaiah Institute of Technology,1,3
240,DEEPIKA B V,B.M.S. College of Engineering,1,3
241,DEEPIKA K,R V College of Engineering,1,3
242,DEEPTHI MURTHY T S,R V College of Engineering,1,3
243,Deepthi Rao M,PES University,1,3
244,Deheri Rashmita,Indian Institute of Science Bangalore,1,3
245,Deka Jayanta Kumar,Indian Institute of Science Bangalore,1,3
246,Deka Mandeep,Indian Institute of Science Bangalore,1,3
247,Desai Akshay,Indian Institute of Science Bangalore,1,3
248,Deshmukh Jayati,International Institute of Information Technology Bangalore,1,3
249,Devaraj Manoj Kumar K,Indian Institute of Science Bangalore,1,3
250,Dewani Rahul,Indian Institute of Science Bangalore,1,3
251,Dey Manoj,Indian Institute of Science Bangalore,1,3
252,Dey Pankaj,Indian Institute of Science Bangalore,1,3
253,Dhami Harish Singh,Indian Institute of Science Bangalore,1,3
254,Dhas Bensingh P,Indian Institute of Science Bangalore,1,3
255,Dhiman Jitendra Kumar,Indian Institute of Science Bangalore,1,3
256,Diddigi Raghuram Bharadwaj,Indian Institute of Science Bangalore,1,3
257,Dileepkumar V G,PES University,1,3
258,Dilip R,R V College of Engineering,1,3
259,Divya M N,M.S. Ramaiah Institute of Technology,1,3
260,Divya Mitta,Indian Institute of Science Bangalore,1,3
261,Divya R,CMR Institute of Technology,1,3
262,Divya Sharma,CMR Institute of Technology,1,3
263,Divya TL,R V College of Engineering,1,3
264,Divya Viswanath,CMR Institute of Technology,1,3
265,Divyaprabha K N,PES University,1,3
266,Diwan Chaitali,International Institute of Information Technology Bangalore,1,3
267,Dixit Saurabh,Indian Institute of Science Bangalore,1,3
268,Dolai Atanu,Indian Institute of Science Bangalore,1,3
269,Dominic Anumol,Indian Institute of Science Bangalore,1,3
270,Dr Mamtha V,R V College of Engineering,1,3
271,Dravid Ameya Atul,Indian Institute of Science Bangalore,1,3
272,Dsouza Peter Varun,Indian Institute of Science Bangalore,1,3
273,Duddu Atchuta Srinivas,Indian Institute of Science Bangalore,1,3
274,Dutta Ankit Kumar,Indian Institute of Science Bangalore,1,3
275,Dutta Gupta Sayak,Indian Institute of Science Bangalore,1,3
276,Dutta Sudakshina,Indian Institute of Science Bangalore,1,3
277,Dutta Suman,Indian Institute of Science Bangalore,1,3
278,Dutta Tanmay,Indian Institute of Science Bangalore,1,3
279,Dutta Titir,Indian Institute of Science Bangalore,1,3
280,Edachery Vimal,Indian Institute of Science Bangalore,1,3
281,Ering Pinom,Indian Institute of Science Bangalore,1,3
282,Esakkiraja N,Indian Institute of Science Bangalore,1,3
283,Evelyne Rita J,Indian Institute of Science Bangalore,1,3
284,Ezudheen P,Indian Institute of Science Bangalore,1,3
285,Feroz Morab,B.M.S. College of Engineering,1,3
286,Francis Biben,Indian Institute of Science Bangalore,1,3
287,G Gowda Bindu,International Institute of Information Technology Bangalore,1,3
288,G Pillai Anjali,Indian Institute of Science Bangalore,1,3
289,G V SHIVA REDDY,CMR Institute of Technology,1,3
290,Gandreti Santhosh B,Indian Institute of Science Bangalore,1,3
291,Ganesan Nithya,International Institute of Information Technology Bangalore,1,3
292,Ganguly Sourav,Indian Institute of Science Bangalore,1,3
293,Gaonkar Pradnya Tukaram,International Institute of Information Technology Bangalore,1,3
294,Garud Meera,Indian Institute of Science Bangalore,1,3
295,Gaur Jeet Kumar,Indian Institute of Science Bangalore,1,3
296,Gaur Tushar,Indian Institute of Science Bangalore,1,3
297,Gautam Ravi,Indian Institute of Science Bangalore,1,3
298,Gavaskar Ruturaj G,Indian Institute of Science Bangalore,1,3
299,Gayathri H,Indian Institute of Science Bangalore,1,3
300,Gayatri T,PES University,1,3
301,Gayen Meghabarna,Indian Institute of Science Bangalore,1,3
302,Gebrekrstos Amanuel,Indian Institute of Science Bangalore,1,3
303,GEENA GEORGE,B.M.S. College of Engineering,1,3
304,George Elizabeth Baby,Indian Institute of Science Bangalore,1,3
305,George Sweta Mariam,Indian Institute of Science Bangalore,1,3
306,Geremew Fekadu Mihret,Indian Institute of Science Bangalore,1,3
307,Ghalme Ganesh Sambhaji,Indian Institute of Science Bangalore,1,3
308,Ghatak Sambrita,Indian Institute of Science Bangalore,1,3
309,Ghosh Anupam,Indian Institute of Science Bangalore,1,3
310,Ghosh Archita,Indian Institute of Science Bangalore,1,3
311,Ghosh Prasenjit,Indian Institute of Science Bangalore,1,3
312,Ghosh Sanjay,Indian Institute of Science Bangalore,1,3
313,Ghoshal Suprovat,Indian Institute of Science Bangalore,1,3
314,Ghulyani Manu,Indian Institute of Science Bangalore,1,3
315,Girish B,Dayananda Sagar College of Engineering,1,3
316,Girish B,Indian Institute of Science Bangalore,1,3
317,Girish Kumar R,R V College of Engineering,1,3
318,GIRISH KUMAR R [1RV13PMN06] Under the,R V College of Engineering,1,3
319,Gladwin Jos K T,Indian Institute of Science Bangalore,1,3
320,Gnanavignesh R,Indian Institute of Science Bangalore,1,3
321,Godbole Mayur G,Indian Institute of Science Bangalore,1,3
322,Goel Priya,Indian Institute of Science Bangalore,1,3
323,Gopakumar R,Indian Institute of Science Bangalore,1,3
324,Gopan Gopika K,International Institute of Information Technology Bangalore,1,3
325,Gopi Lalgy,Indian Institute of Science Bangalore,1,3
326,Gorantla Bala Venkata Ramulu,Indian Institute of Science Bangalore,1,3
327,Gorantla Sruthi,Indian Institute of Science Bangalore,1,3
328,Goswami Shubham Kumar,Indian Institute of Science Bangalore,1,3
329,Govindan Srinivasan,Indian Institute of Science Bangalore,1,3
330,Gowdham Prabhakar P G,Indian Institute of Science Bangalore,1,3
331,GOWRAMMA G S,R V College of Engineering,1,3
332,Gowri R,Indian Institute of Science Bangalore,1,3
333,Gracious Tony,Indian Institute of Science Bangalore,1,3
334,Gubbi Venkatesh Sagar,Indian Institute of Science Bangalore,1,3
335,Guha Sirsha,Indian Institute of Science Bangalore,1,3
336,Guin Soumyajit,Indian Institute of Science Bangalore,1,3
337,Gunjal Samyama G H,Indian Institute of Science Bangalore,1,3
338,Gupta Abhay,Indian Institute of Science Bangalore,1,3
339,Gupta Anjali,Indian Institute of Science Bangalore,1,3
340,Gupta Arvind,Indian Institute of Science Bangalore,1,3
341,Gupta Deepika,Indian Institute of Science Bangalore,1,3
342,Gupta Devyani,Indian Institute of Science Bangalore,1,3
343,Gupta Garima,Indian Institute of Science Bangalore,1,3
344,Gupta Nikhil,Indian Institute of Science Bangalore,1,3
345,Gupta Nitin,Indian Institute of Science Bangalore,1,3
346,Gupta Pradeep,Indian Institute of Science Bangalore,1,3
347,Gupta Rahul,Indian Institute of Science Bangalore,1,3
348,Gupta Rajeev Kumar,Indian Institute of Science Bangalore,1,3
349,Gupta Ravi,Indian Institute of Science Bangalore,1,3
350,Gupta Saarthak,Indian Institute of Science Bangalore,1,3
351,Gupta Saurabh Kumar,Indian Institute of Science Bangalore,1,3
352,Gupta Shubham,Indian Institute of Science Bangalore,1,3
353,Gupta Swati,Indian Institute of Science Bangalore,1,3
354,Gurudatt H M,Indian Institute of Science Bangalore,1,3
355,H PAVITHRA,R V College of Engineering,1,3
356,Habeeb P,Indian Institute of Science Bangalore,1,3
357,Hanbal Rajesh Dinesh,International Institute of Information Technology Bangalore,1,3
358,Hanumesha A G,CMR Institute of Technology,1,3
359,Haque Asraful,Indian Institute of Science Bangalore,1,3
360,Haque Inzemamul,Indian Institute of Science Bangalore,1,3
361,Haribabu Gowtham Nimmal,Indian Institute of Science Bangalore,1,3
362,Hariprasad M,Indian Institute of Science Bangalore,1,3
363,Harish Kumar J R,Indian Institute of Science Bangalore,1,3
364,Harish Kumar N,Dayananda Sagar College of Engineering,1,3
365,Haritha K,Indian Institute of Science Bangalore,1,3
366,Harsha,CMR Institute of Technology,1,3
367,Harsha,R V College of Engineering,1,3
368,Harsha S V,B.M.S. College of Engineering,1,3
369,Harsha Vajjarapu,Indian Institute of Science Bangalore,1,3
370,Hebbale Deepthi,Indian Institute of Science Bangalore,1,3
371,Hebbar Archana P,Indian Institute of Science Bangalore,1,3
372,Hegde Abhijit,Indian Institute of Science Bangalore,1,3
373,Hegde Aditya,Indian Institute of Science Bangalore,1,3
374,Hegde Gautam,Indian Institute of Science Bangalore,1,3
375,HEMALATHA J N,R V College of Engineering,1,3
376,Hemanthini A R,Indian Institute of Science Bangalore,1,3
377,Hijazi Faizan,Indian Institute of Science Bangalore,1,3
378,Himanshu,Indian Institute of Science Bangalore,1,3
379,Hoque Syed Jiaul,Indian Institute of Science Bangalore,1,3
380,Hossain Md Nurtaj,Indian Institute of Science Bangalore,1,3
381,Hudhaifa Mohammed Abdulwahab,M.S. Ramaiah Institute of Technology,1,3
382,Iddalagi Pavan,International Institute of Information Technology Bangalore,1,3
383,Ilanila I P,Indian Institute of Science Bangalore,1,3
384,Illa Aravind,Indian Institute of Science Bangalore,1,3
385,Imthias Mohammed,Indian Institute of Science Bangalore,1,3
386,Indrakumar Sushma,Indian Institute of Science Bangalore,1,3
387,Ishani Mishra,CMR Institute of Technology,1,3
388,Ishaquddin Mohammed,Indian Institute of Science Bangalore,1,3
389,J Harsha,R V College of Engineering,1,3
390,Jacob Georgin,Indian Institute of Science Bangalore,1,3
391,Jacob John,Dayananda Sagar College of Engineering,1,3
392,Jaddivada Siddhartha,Indian Institute of Science Bangalore,1,3
393,Jagadeesh Bagali,R V College of Engineering,1,3
394,Jagadeshvaran P L,Indian Institute of Science Bangalore,1,3
395,Jagadish Akshatha,Indian Institute of Science Bangalore,1,3
396,Jaganathan Anuja,Indian Institute of Science Bangalore,1,3
397,JAGANNATHA K B,B.M.S. College of Engineering,1,3
398,Jagtap Suraj,Indian Institute of Science Bangalore,1,3
399,Jain Aditi,Indian Institute of Science Bangalore,1,3
400,Jain Hemant,Indian Institute of Science Bangalore,1,3
401,Jain Kritika,Indian Institute of Science Bangalore,1,3
402,Jain Noopur,Indian Institute of Science Bangalore,1,3
403,Jain Paras,Indian Institute of Science Bangalore,1,3
404,Jain Ritika,Indian Institute of Science Bangalore,1,3
405,Jairaja R,Indian Institute of Science Bangalore,1,3
406,Jalali Syed Idrees Afzal,Indian Institute of Science Bangalore,1,3
407,Jangde Ashutosh,Indian Institute of Science Bangalore,1,3
408,Jaswal Manpreet Kaur,International Institute of Information Technology Bangalore,1,3
409,Jat Sharmistha,Indian Institute of Science Bangalore,1,3
410,Jawahar J,Dayananda Sagar College of Engineering,1,3
411,Jawed Saniya,PES University,1,3
412,Jayamohan Meenu,Indian Institute of Science Bangalore,1,3
413,Jayanthi PN,R V College of Engineering,1,3
414,Jayashri Baburao Madalgi,R V College of Engineering,1,3
415,Jayasimha S R,R V College of Engineering,1,3
416,JeevithaShree D V,Indian Institute of Science Bangalore,1,3
417,Jha Neeta,International Institute of Information Technology Bangalore,1,3
418,Jha Pawan Kumar,Indian Institute of Science Bangalore,1,3
419,Jinan Rooji,Indian Institute of Science Bangalore,1,3
420,Jinka Ranganayakulu,R V College of Engineering,1,3
421,JITHA P T,B.M.S. College of Engineering,1,3
422,John Indu,Indian Institute of Science Bangalore,1,3
423,John Josy,Indian Institute of Science Bangalore,1,3
424,Joji Jinu,Indian Institute of Science Bangalore,1,3
425,Joseph Akhil,Indian Institute of Science Bangalore,1,3
426,Joseph Francis C,Indian Institute of Science Bangalore,1,3
427,Joseph Geethu,Indian Institute of Science Bangalore,1,3
428,Joseph Gracy,International Institute of Information Technology Bangalore,1,3
429,Joseph Joel P,Indian Institute of Science Bangalore,1,3
430,Joseph Robin,Indian Institute of Science Bangalore,1,3
431,Joshi Prakash,Indian Institute of Science Bangalore,1,3
432,Joshi Rakshitha Ulhas,Indian Institute of Science Bangalore,1,3
433,Joshi Rathin K,Indian Institute of Science Bangalore,1,3
434,Jyothi H R,Dayananda Sagar College of Engineering,1,3
435,Jyothsna K M,Indian Institute of Science Bangalore,1,3
436,Jyoti Neeli,R V College of Engineering,1,3
437,Jyoti Shetty,R V College of Engineering,1,3
438,K Ashraf Ameena,International Institute of Information Technology Bangalore,1,3
439,K N Nikhila,International Institute of Information Technology Bangalore,1,3
440,K R Rohit,Indian Institute of Science Bangalore,1,3
441,Kaamini M D,Indian Institute of Science Bangalore,1,3
442,Kabaleeshwaran R,Indian Institute of Science Bangalore,1,3
443,Kabiraj Arnab,Indian Institute of Science Bangalore,1,3
444,Kadambari Sai Kiran,Indian Institute of Science Bangalore,1,3
445,Kaka Fiyanshu,Indian Institute of Science Bangalore,1,3
446,Kalakanti Arun Kumar,International Institute of Information Technology Bangalore,1,3
447,kalnoor Gauri,B.M.S. College of Engineering,1,3
448,Kalra Anisha,Indian Institute of Science Bangalore,1,3
449,Kamal Arif Mohd,Indian Institute of Science Bangalore,1,3
450,Kamanchi Chandramouli,Indian Institute of Science Bangalore,1,3
451,Kamble Smita,Indian Institute of Science Bangalore,1,3
452,Kamna R Choudhury,CMR Institute of Technology,1,3
453,Kandula Muni Kumar,Indian Institute of Science Bangalore,1,3
454,Kandula Venkata Rama Sateesh,Indian Institute of Science Bangalore,1,3
455,Kanjilal Anwesha,Indian Institute of Science Bangalore,1,3
456,Kanthimathi S,CMR Institute of Technology,1,3
457,Kar Gurudas,Indian Institute of Science Bangalore,1,3
458,Karat Nujoom Sageer,Indian Institute of Science Bangalore,1,3
459,Karishma,International Institute of Information Technology Bangalore,1,3
460,Karthika P S,Indian Institute of Science Bangalore,1,3
461,Kashi Rajanikanth N,International Institute of Information Technology Bangalore,1,3
462,Katti Prajakta Prathamkumar,Indian Institute of Science Bangalore,1,3
463,Kaur Navjot,Indian Institute of Science Bangalore,1,3
464,Kaushal Ishaan,Indian Institute of Science Bangalore,1,3
465,Kaushik Deepak,Indian Institute of Science Bangalore,1,3
466,Kavitha J,R V College of Engineering,1,3
467,Keshav Kirti,Indian Institute of Science Bangalore,1,3
468,KESHAV M,R V College of Engineering,1,3
469,Khan Mohammed Tabish,Indian Institute of Science Bangalore,1,3
470,Khan Rizwan,Indian Institute of Science Bangalore,1,3
471,Khandelwal Ashish,Indian Institute of Science Bangalore,1,3
472,Khanna Sumeet Rajesh,Indian Institute of Science Bangalore,1,3
473,Khanwalkar Preeti,Indian Institute of Science Bangalore,1,3
474,Khatavkar Nikhil,Indian Institute of Science Bangalore,1,3
475,Khochare Aakash,Indian Institute of Science Bangalore,1,3
476,Kimmi Kumari,M.S. Ramaiah Institute of Technology,1,3
477,Kiran Aramanda Shanmukha,Indian Institute of Science Bangalore,1,3
478,Kiran Kumar Challa,Indian Institute of Science Bangalore,1,3
479,Kiran Rama,Indian Institute of Science Bangalore,1,3
480,Kiran S,Indian Institute of Science Bangalore,1,3
481,Kiranbabu T S,CMR Institute of Technology,1,3
482,Kirthi Suresh K,Indian Institute of Science Bangalore,1,3
483,Kishore H A S Shri,Indian Institute of Science Bangalore,1,3
484,Kolli Naimisha,Indian Institute of Science Bangalore,1,3
485,Kolluru Ramesh,Indian Institute of Science Bangalore,1,3
486,Kondamadugula Sita,International Institute of Information Technology Bangalore,1,3
487,Korada Vijaya Sree,Indian Institute of Science Bangalore,1,3
488,Kotail Andal,R V College of Engineering,1,3
489,Kothai Andal C,R V College of Engineering,1,3
490,Kottapalli Aditya,Indian Institute of Science Bangalore,1,3
491,Koushik J,Indian Institute of Science Bangalore,1,3
492,Kranthi Nagothu Karmel,Indian Institute of Science Bangalore,1,3
493,Krishna A S Lal,Indian Institute of Science Bangalore,1,3
494,Krishna Anand,Indian Institute of Science Bangalore,1,3
495,Krishna Anu V,Indian Institute of Science Bangalore,1,3
496,Krishna Prasad S J,M.S. Ramaiah Institute of Technology,1,3
497,Krishna Raj R,Indian Institute of Science Bangalore,1,3
498,KRISHNAN R,R V College of Engineering,1,3
499,Krishnaraj K P,Indian Institute of Science Bangalore,1,3
500,Krishnaraj Prerana,Indian Institute of Science Bangalore,1,3
501,Kuchana Vinayender,Indian Institute of Science Bangalore,1,3
502,Kulkarni Apurva,International Institute of Information Technology Bangalore,1,3
503,Kulkarni Eeshan,Indian Institute of Science Bangalore,1,3
504,Kulkarni Raghavendra B,Indian Institute of Science Bangalore,1,3
505,Kulkarni Shruti,Indian Institute of Science Bangalore,1,3
506,Kulshrestha Avijeet,Indian Institute of Science Bangalore,1,3
507,Kumar Arun,Indian Institute of Science Bangalore,1,3
508,Kumar Ashutosh,Indian Institute of Science Bangalore,1,3
509,Kumar Avnish,Indian Institute of Science Bangalore,1,3
510,Kumar Chandan,Indian Institute of Science Bangalore,1,3
511,Kumar D,International Institute of Information Technology Bangalore,1,3
512,Kumar Deepak,Indian Institute of Science Bangalore,1,3
513,Kumar G Pradeep,Indian Institute of Science Bangalore,1,3
514,Kumar Jamun N,Indian Institute of Science Bangalore,1,3
515,Kumar Jeevesh,Indian Institute of Science Bangalore,1,3
516,Kumar Kishore C,Indian Institute of Science Bangalore,1,3
517,Kumar Manish,Indian Institute of Science Bangalore,1,3
518,Kumar Praneeth V,Indian Institute of Science Bangalore,1,3
519,Kumar Prashant,Indian Institute of Science Bangalore,1,3
520,Kumar Pratik,Indian Institute of Science Bangalore,1,3
521,Kumar Rajeev,Indian Institute of Science Bangalore,1,3
522,Kumar S Satish,Indian Institute of Science Bangalore,1,3
523,Kumar Sachin,Indian Institute of Science Bangalore,1,3
524,Kumar Sanjeev,Indian Institute of Science Bangalore,1,3
525,Kumar Sarvesh,Indian Institute of Science Bangalore,1,3
526,Kumar Sawan,Indian Institute of Science Bangalore,1,3
527,Kumar Sushant,Indian Institute of Science Bangalore,1,3
528,Kumar Tarun,Indian Institute of Science Bangalore,1,3
529,Kumar Vikash,Indian Institute of Science Bangalore,1,3
530,Kumar Vishnu,Indian Institute of Science Bangalore,1,3
531,Kumari Moothedath Chandran,Indian Institute of Science Bangalore,1,3
532,Kumari Priti,International Institute of Information Technology Bangalore,1,3
533,Kumawat Kishan Lal,Indian Institute of Science Bangalore,1,3
534,Kumawat Mahesh Kumar,Indian Institute of Science Bangalore,1,3
535,Kundu Bidisha,Indian Institute of Science Bangalore,1,3
536,Kundu Jogendra Nath,Indian Institute of Science Bangalore,1,3
537,Kurade Rajan Bharat,Indian Institute of Science Bangalore,1,3
538,Kuraganti Chetan Kumar,Indian Institute of Science Bangalore,1,3
539,Kuruva Hemanjaneyulu,Indian Institute of Science Bangalore,1,3
540,Kushwaha Vishal,Indian Institute of Science Bangalore,1,3
541,KV Chaythanya Krishna,Indian Institute of Science Bangalore,1,3
542,Lagisetty Ravikumar,Indian Institute of Science Bangalore,1,3
543,Lakshminarasimha Shrutee,Indian Institute of Science Bangalore,1,3
544,Lakshminarayanan Oppili Prasad,Indian Institute of Science Bangalore,1,3
545,Lal Devi,Indian Institute of Science Bangalore,1,3
546,Lala Sahibzada Roohan Farooq,Indian Institute of Science Bangalore,1,3
547,Lalithambika Anjali Nair,Indian Institute of Science Bangalore,1,3
548,Lavanya Vikram,M.S. Ramaiah Institute of Technology,1,3
549,Laxmi K,Indian Institute of Science Bangalore,1,3
550,Leena Chandrashekhar,R V College of Engineering,1,3
551,Likhar Pranay Vinayak,Indian Institute of Science Bangalore,1,3
552,Lochab Shubham,Indian Institute of Science Bangalore,1,3
553,M Rajani Shree,B.M.S. College of Engineering,1,3
554,M S SRIVIDYA,R V College of Engineering,1,3
555,M Shivaswamy,R V College of Engineering,1,3
556,Machireddy Amrutha,Indian Institute of Science Bangalore,1,3
557,Madhavan R,Indian Institute of Science Bangalore,1,3
558,Madhavaraj A,Indian Institute of Science Bangalore,1,3
559,MADHU C S,R V College of Engineering,1,3
560,Madhuri Manila Reddy,Indian Institute of Science Bangalore,1,3
561,Madhuri P Rao,B.M.S. College of Engineering,1,3
562,Mahajan Mehak,Indian Institute of Science Bangalore,1,3
563,Mahalakshmi,R V College of Engineering,1,3
564,Mahalingam Vignesh,Indian Institute of Science Bangalore,1,3
565,Mahantesh M Math,R V College of Engineering,1,3
566,Mahapatra Ruman Kalyan,Indian Institute of Science Bangalore,1,3
567,Mahapatra Soumya Kanti,Indian Institute of Science Bangalore,1,3
568,Maharudra,B.M.S. College of Engineering,1,3
569,Mahesh Anjana A,Indian Institute of Science Bangalore,1,3
570,Mahesh Karthik,Indian Institute of Science Bangalore,1,3
571,Mahesh Kumar N,Dayananda Sagar College of Engineering,1,3
572,Maheshvare Deepa M,Indian Institute of Science Bangalore,1,3
573,Maiti Subhasish,Indian Institute of Science Bangalore,1,3
574,Majhi Jyoti Ranjan,Indian Institute of Science Bangalore,1,3
575,Majumder Anubhab,Indian Institute of Science Bangalore,1,3
576,Majumder Debaleena,Indian Institute of Science Bangalore,1,3
577,Majumder Kingshuk,Indian Institute of Science Bangalore,1,3
578,Majumder Mriganka Ghosh,Indian Institute of Science Bangalore,1,3
579,Majumder Rudrashis,Indian Institute of Science Bangalore,1,3
580,Malleswararao Katamala,Indian Institute of Science Bangalore,1,3
581,Mamatha P K,R V College of Engineering,1,3
582,Mamatha S K,R V College of Engineering,1,3
583,Manam Lalit,Indian Institute of Science Bangalore,1,3
584,MANAS M N,R V College of Engineering,1,3
585,Mandal Avijit,International Institute of Information Technology Bangalore,1,3
586,Mandal Devraj,Indian Institute of Science Bangalore,1,3
587,Mane Laxmikant Sarjerao,Indian Institute of Science Bangalore,1,3
588,Mani Rathnam V,Indian Institute of Science Bangalore,1,3
589,Manikandan H,CMR Institute of Technology,1,3
590,Manjari Geetha K,Indian Institute of Science Bangalore,1,3
591,Manjunath K E,International Institute of Information Technology Bangalore,1,3
592,Manjunath Managuli,R V College of Engineering,1,3
593,Manohar Gollakota Venkata Sai,Indian Institute of Science Bangalore,1,3
594,Manokaran Rajasekaran,Indian Institute of Science Bangalore,1,3
595,Mantesh Basappa Khot,PES University,1,3
596,Manujakshi B C,R V College of Engineering,1,3
597,Masanta Swapan Kumar,Indian Institute of Science Bangalore,1,3
598,Masiwal Rajat,Indian Institute of Science Bangalore,1,3
599,Mathai Jeenu,Indian Institute of Science Bangalore,1,3
600,Mathavaraj S,Indian Institute of Science Bangalore,1,3
601,Mathews Dhanya R,Indian Institute of Science Bangalore,1,3
602,Matilal Oindrila,International Institute of Information Technology Bangalore,1,3
603,Mattu Sandesh Rao,Indian Institute of Science Bangalore,1,3
604,Maulik Sugoto,Indian Institute of Science Bangalore,1,3
605,Maurya Satyaghosh,Indian Institute of Science Bangalore,1,3
606,Mayakuntla Sai Kiran,Indian Institute of Science Bangalore,1,3
607,Mayekar Prathamesh,Indian Institute of Science Bangalore,1,3
608,Medha Mohan Hegde,PES University,1,3
609,Meenakshi sundaram A,Dayananda Sagar College of Engineering,1,3
610,Mehrunnisa Begum S P,Dayananda Sagar College of Engineering,1,3
611,Mehta Mahek Vijaykumar,Indian Institute of Science Bangalore,1,3
612,Addepalli Sravanti,Indian Institute of Science Bangalore,1,3
613,Menon Aishwarya Vijayan,Indian Institute of Science Bangalore,1,3
614,Menon Sruti Hemachandran Geetha,Indian Institute of Science Bangalore,1,3
615,Mere Viphretuo,Indian Institute of Science Bangalore,1,3
616,Mevaldas Ladwani Vandana,International Institute of Information Technology Bangalore,1,3
617,Midhun E K,Indian Institute of Science Bangalore,1,3
618,Mishra Anupam,Indian Institute of Science Bangalore,1,3
619,Zaki Mohammadi,Indian Institute of Science Bangalore,1,3
620,Mishra Deepa,Indian Institute of Science Bangalore,1,3
621,Mishra Tanmay,Indian Institute of Science Bangalore,1,3
622,Mitra Abhijit,Indian Institute of Science Bangalore,1,3
623,Mitra Shankhanil,Indian Institute of Science Bangalore,1,3
624,Mittal Soumya,Indian Institute of Science Bangalore,1,3
625,Mog Kunjari,Indian Institute of Science Bangalore,1,3
626,MOHAMMED ASIF KATTIMANI,R V College of Engineering,1,3
627,Mohan Kumar K,CMR Institute of Technology,1,3
628,Mohan Manu S,Indian Institute of Science Bangalore,1,3
629,Mohana,R V College of Engineering,1,3
630,Mohanta Zinia,Indian Institute of Science Bangalore,1,3
631,Mohanty Reema,Indian Institute of Science Bangalore,1,3
632,Mohapatra Debasis,Indian Institute of Science Bangalore,1,3
633,Mondal Arijit,Indian Institute of Science Bangalore,1,3
634,Mondal Pritiranjan,Indian Institute of Science Bangalore,1,3
635,Mondal Sandeep Kumar,Indian Institute of Science Bangalore,1,3
636,Mondal Soumita,Indian Institute of Science Bangalore,1,3
637,Mondal Surajit,Indian Institute of Science Bangalore,1,3
638,Mr PUTTARAJU T D,CMR Institute of Technology,1,3
639,Mridha Subham,Indian Institute of Science Bangalore,1,3
640,Muazzam Usman Ul,Indian Institute of Science Bangalore,1,3
641,Mudunuri Sivaram Prasad,Indian Institute of Science Bangalore,1,3
642,Muhammed Ashiq P E,Indian Institute of Science Bangalore,1,3
643,Mukherjee Bulbul,Indian Institute of Science Bangalore,1,3
644,Mukherjee Madhubanti,Indian Institute of Science Bangalore,1,3
645,Mukherjee Mousumi Beto,Indian Institute of Science Bangalore,1,3
646,Mukherjee Rudra,Indian Institute of Science Bangalore,1,3
647,Mukherjee Sougata,Indian Institute of Science Bangalore,1,3
648,Mukherjee Sudipto,Indian Institute of Science Bangalore,1,3
649,Mukhopadhyay Anwesha,Indian Institute of Science Bangalore,1,3
650,Muniganti Harikiran,Indian Institute of Science Bangalore,1,3
651,Murali Krishna,Indian Institute of Science Bangalore,1,3
652,Murthy L R D,Indian Institute of Science Bangalore,1,3
653,Murugappan R,Indian Institute of Science Bangalore,1,3
654,Murugesan Kumar,International Institute of Information Technology Bangalore,1,3
655,Mutnuri Venkata Satyanand,Indian Institute of Science Bangalore,1,3
656,Muzata Tanyaradzwa,Indian Institute of Science Bangalore,1,3
657,Mweene L,Indian Institute of Science Bangalore,1,3
658,N P Sharvari,International Institute of Information Technology Bangalore,1,3
659,N SATISH KUMAR,R V College of Engineering,1,3
660,N Suresha,B.M.S. College of Engineering,1,3
661,Nadkarni Priya J,Indian Institute of Science Bangalore,1,3
662,Nagabhushan S N,Indian Institute of Science Bangalore,1,3
663,Nagaraja P,R V College of Engineering,1,3
664,Nagaraju P,R V College of Engineering,1,3
665,Nagarjun K P,Indian Institute of Science Bangalore,1,3
666,Nagendra Kumar,R V College of Engineering,1,3
667,Nagendra Kumar M,R V College of Engineering,1,3
668,Nagrare Samiksha Rajkumar,Indian Institute of Science Bangalore,1,3
669,Nair Abhishek Ramdas,Indian Institute of Science Bangalore,1,3
670,Nair Pravin,Indian Institute of Science Bangalore,1,3
671,Nair Ramu R,Indian Institute of Science Bangalore,1,3
672,Nair Syam Sundar Satheesan,Indian Institute of Science Bangalore,1,3
673,Nair Vineet,Indian Institute of Science Bangalore,1,3
674,Nakka Rajesh,Indian Institute of Science Bangalore,1,3
675,Nalina M M,B.M.S. College of Engineering,1,3
676,Nalini Sampath,R V College of Engineering,1,3
677,Nambaje Claude,Indian Institute of Science Bangalore,1,3
678,Namboodiri Krishnan K K,Indian Institute of Science Bangalore,1,3
679,Nampoothiri Krishnadas Narayanan,Indian Institute of Science Bangalore,1,3
680,Nandanwar Sharad,Indian Institute of Science Bangalore,1,3
681,Nandi Sounak,Indian Institute of Science Bangalore,1,3
682,A Parthiban,International Institute of Information Technology Bangalore,1,3
683,Narang Shivika,Indian Institute of Science Bangalore,1,3
684,Narayana Gopalakrishna,Indian Institute of Science Bangalore,1,3
685,Narayanan Nakul K,Indian Institute of Science Bangalore,1,3
686,Narayanaprasad Karthik Periyapattana,Indian Institute of Science Bangalore,1,3
687,Abhijith B N,Indian Institute of Science Bangalore,1,3
688,Narendra Kumar,R V College of Engineering,1,3
689,Naresh Yalagala,Indian Institute of Science Bangalore,1,3
690,Naveen B,Indian Institute of Science Bangalore,1,3
691,Naveen Kumar G N,CMR Institute of Technology,1,3
692,Naveen Kumar Maddu,Indian Institute of Science Bangalore,1,3
693,Naveen P,Indian Institute of Science Bangalore,1,3
694,NAVEEN PRAKASH NORONHA,R V College of Engineering,1,3
695,Nayak Bibhu Prasad,Indian Institute of Science Bangalore,1,3
696,Nayak Gaurav Kumar,Indian Institute of Science Bangalore,1,3
697,Nayak Kavya K,Indian Institute of Science Bangalore,1,3
698,Nayana R Shenoy,R V College of Engineering,1,3
699,Nazeeh K M,Indian Institute of Science Bangalore,1,3
700,Nehru Devabharathi,Indian Institute of Science Bangalore,1,3
701,Nethravathi K A,R V College of Engineering,1,3
702,Nikhil Krishnan M,Indian Institute of Science Bangalore,1,3
703,Nikhitha Pai,CMR Institute of Technology,1,3
704,Niranjan Ranjani,International Institute of Information Technology Bangalore,1,3
705,Nirmala Jodalli,R V College of Engineering,1,3
706,Nirmale Sangram Krishna,Indian Institute of Science Bangalore,1,3
707,Nisha A S,Indian Institute of Science Bangalore,1,3
708,Nishanth Katam,Indian Institute of Science Bangalore,1,3
709,Nishanth M P,Indian Institute of Science Bangalore,1,3
710,Nithin V N,Dayananda Sagar College of Engineering,1,3
711,Nithya B,CMR Institute of Technology,1,3
712,Nithya B N,M.S. Ramaiah Institute of Technology,1,3
713,Nivya Muchikel,R V College of Engineering,1,3
714,Obbattu Sai Lakshmi Bhavana,Indian Institute of Science Bangalore,1,3
715,Omkar Ramchandra Hegde,Indian Institute of Science Bangalore,1,3
716,Oraon Neha,International Institute of Information Technology Bangalore,1,3
717,P Suresh Varsha,International Institute of Information Technology Bangalore,1,3
718,Paddillaya Neha,Indian Institute of Science Bangalore,1,3
719,PADMAVATHI P,R V College of Engineering,1,3
720,PADMAVATHY N,CMR Institute of Technology,1,3
721,Pal Anirban,Indian Institute of Science Bangalore,1,3
722,Pal Arkaprava,Indian Institute of Science Bangalore,1,3
723,Pal Biswajit,Indian Institute of Science Bangalore,1,3
724,Pal Rupam,Indian Institute of Science Bangalore,1,3
725,Pal Souradeep,Indian Institute of Science Bangalore,1,3
726,Pal Uttam Mrinal,Indian Institute of Science Bangalore,1,3
727,Palathingal Safvan,Indian Institute of Science Bangalore,1,3
728,Paliwal Aastha,Indian Institute of Science Bangalore,1,3
729,Panachakel Jerrin Thomas,Indian Institute of Science Bangalore,1,3
730,Panda Asish Kumar,Indian Institute of Science Bangalore,1,3
731,Panda Biswajit,Indian Institute of Science Bangalore,1,3
732,Panda Sagar Ranjan,Indian Institute of Science Bangalore,1,3
733,Pandey Keerti,Indian Institute of Science Bangalore,1,3
734,Pandey Prafull,Indian Institute of Science Bangalore,1,3
735,Pandey Ram Krishna,Indian Institute of Science Bangalore,1,3
736,Pandey Vivek,Indian Institute of Science Bangalore,1,3
737,Pandit Bhardwaj,Indian Institute of Science Bangalore,1,3
738,Panwar Ashish,Indian Institute of Science Bangalore,1,3
739,Panwar Jatin,Indian Institute of Science Bangalore,1,3
740,Pappa M,CMR Institute of Technology,1,3
741,Parida Dipti Ranjan,Indian Institute of Science Bangalore,1,3
742,Pariyar Abhishek,Indian Institute of Science Bangalore,1,3
743,Patel Nagabhushan P M,Indian Institute of Science Bangalore,1,3
744,Pathrikar Anil,Indian Institute of Science Bangalore,1,3
745,Patil Shravani Mahesh,Indian Institute of Science Bangalore,1,3
746,Patil Vishakha,Indian Institute of Science Bangalore,1,3
747,Patra Jaysree,Indian Institute of Science Bangalore,1,3
748,Pattnaik Subrat Partha Sarathi,Indian Institute of Science Bangalore,1,3
749,Paul Nobin,Indian Institute of Science Bangalore,1,3
750,Paul Protik Kumar,Indian Institute of Science Bangalore,1,3
751,Paul Sayan,Indian Institute of Science Bangalore,1,3
752,Paul Subir,Indian Institute of Science Bangalore,1,3
753,Paunikar Shweta,Indian Institute of Science Bangalore,1,3
754,Pavan Kumar G V V R,Indian Institute of Science Bangalore,1,3
755,Pavan Poojar,Dayananda Sagar College of Engineering,1,3
756,Pavithra H M,PES University,1,3
757,Pavithra N,Indian Institute of Science Bangalore,1,3
758,Peter Elizabath,Indian Institute of Science Bangalore,1,3
759,Phanendra Kumar Attada,Indian Institute of Science Bangalore,1,3
760,Pillai Rahul Ravindran,CMR Institute of Technology,1,3
761,Pillai Raji R,Indian Institute of Science Bangalore,1,3
762,Pokala Praveen Kumar,Indian Institute of Science Bangalore,1,3
763,Polachan Kurian,Indian Institute of Science Bangalore,1,3
764,Pooja R,R V College of Engineering,1,3
765,Poojitha C G,B.M.S. College of Engineering,1,3
766,Poonam Vijay Tijare,CMR Institute of Technology,1,3
767,Pothnis Jayaram,Indian Institute of Science Bangalore,1,3
768,Prabhakar Anjana,International Institute of Information Technology Bangalore,1,3
769,Prabhu Akhilesh M,Indian Institute of Science Bangalore,1,3
770,Prabhu S Sumanth,Indian Institute of Science Bangalore,1,3
771,Pradeep M,Indian Institute of Science Bangalore,1,3
772,Pradeep S,M.S. Ramaiah Institute of Technology,1,3
773,Pradhan Dillip Kumar,Indian Institute of Science Bangalore,1,3
774,Pradhan Jyoti Ranjan,Indian Institute of Science Bangalore,1,3
775,Pradima Britto J,M.S. Ramaiah Institute of Technology,1,3
776,Prajwala T R,CMR Institute of Technology,1,3
777,Prakash Hadimani,R V College of Engineering,1,3
778,Prakasha H T,Dayananda Sagar College of Engineering,1,3
779,Pramod Sunagar,M.S. Ramaiah Institute of Technology,1,3
780,Prapulla S B,R V College of Engineering,1,3
781,Prathima B,Indian Institute of Science Bangalore,1,3
782,Praveen Kumar K,R V College of Engineering,1,3
783,Praveena T,R V College of Engineering,1,3
784,Prayag Gowgi S K,Indian Institute of Science Bangalore,1,3
785,Preetha S,CMR Institute of Technology,1,3
786,Preetham J,Dayananda Sagar College of Engineering,1,3
787,Preethi R K,Indian Institute of Science Bangalore,1,3
788,Premika T S,Indian Institute of Science Bangalore,1,3
789,PRERANA CHAITHRA,R V College of Engineering,1,3
790,Priyadarshani Suchi,Indian Institute of Science Bangalore,1,3
791,Priyamvada Indla Rajitha Sai,Indian Institute of Science Bangalore,1,3
792,Priyanka B N,Indian Institute of Science Bangalore,1,3
793,Priyanka Tripathi,Indian Institute of Science Bangalore,1,3
794,Priyanka V,Indian Institute of Science Bangalore,1,3
795,Prosad Asish,Indian Institute of Science Bangalore,1,3
796,Pundarika Sughosh,Indian Institute of Science Bangalore,1,3
797,Abhilash M N,Indian Institute of Science Bangalore,1,3
798,R Ammu,International Institute of Information Technology Bangalore,1,3
799,R Karthikeyan,R V College of Engineering,1,3
800,R Kiran,Indian Institute of Science Bangalore,1,3
801,R Pramod,Indian Institute of Science Bangalore,1,3
802,R V Kavitha,R V College of Engineering,1,3
803,R Yashwanth,International Institute of Information Technology Bangalore,1,3
804,RADHIKA M G,R V College of Engineering,1,3
805,Radhika V,Indian Institute of Science Bangalore,1,3
806,RAGHAVENDRA DEVADAS,R V College of Engineering,1,3
807,Raghavendra G S,Indian Institute of Science Bangalore,1,3
808,Raghavendra Venkata,Indian Institute of Science Bangalore,1,3
809,Raghu Ramkumar,Indian Institute of Science Bangalore,1,3
810,Raghuram K S Gannena,Indian Institute of Science Bangalore,1,3
811,Raghuram S,Indian Institute of Science Bangalore,1,3
812,Raha Soumyendu,Indian Institute of Science Bangalore,1,3
813,Rahaman Obaidur,Indian Institute of Science Bangalore,1,3
814,Rahul R,Indian Institute of Science Bangalore,1,3
815,Raina Ankur,Indian Institute of Science Bangalore,1,3
816,Raj Rishi,Indian Institute of Science Bangalore,1,3
817,Raj Subin,Indian Institute of Science Bangalore,1,3
818,Rajamanickam Kuppuraj,Indian Institute of Science Bangalore,1,3
819,Rajan Anushree,Indian Institute of Science Bangalore,1,3
820,Rajani Katiyar,R V College of Engineering,1,3
821,Rajasree P M,R V College of Engineering,1,3
822,Rajath S,Indian Institute of Science Bangalore,1,3
823,Rajendra P,M.S. Ramaiah Institute of Technology,1,3
824,Rajesh K B,Indian Institute of Science Bangalore,1,3
825,Rajesh K R,Indian Institute of Science Bangalore,1,3
826,Rajesh P,B.M.S. College of Engineering,1,3
827,Rajeswari M,R V College of Engineering,1,3
828,Rajsekhar K,Indian Institute of Science Bangalore,1,3
829,Rakesh N,Indian Institute of Science Bangalore,1,3
830,Rakesh R,Indian Institute of Science Bangalore,1,3
831,Rakhi S,M.S. Ramaiah Institute of Technology,1,3
832,Raksha P S,International Institute of Information Technology Bangalore,1,3
833,Ram Nilawar Sagar,Indian Institute of Science Bangalore,1,3
834,Ram Prabhakar Kathirvel,Indian Institute of Science Bangalore,1,3
835,Ram Ranashree,Indian Institute of Science Bangalore,1,3
836,Ramabhadran Ramkrishnan,Indian Institute of Science Bangalore,1,3
837,RAMACHANDRA BALLARY,B.M.S. College of Engineering,1,3
838,Ramachandra Sheshadri Kalkunte,Indian Institute of Science Bangalore,1,3
839,Ramamurthy Chinmaye,International Institute of Information Technology Bangalore,1,3
840,Raman Ramakrishnan,International Institute of Information Technology Bangalore,1,3
841,RAMAVENKATESWARAN N,R V College of Engineering,1,3
842,Ramesh Lekshmi,Indian Institute of Science Bangalore,1,3
843,Rameshwar V Arvind,Indian Institute of Science Bangalore,1,3
844,Ramgopal Segu,Dayananda Sagar College of Engineering,1,3
845,Ramji V,Indian Institute of Science Bangalore,1,3
846,Ramkumar B,Indian Institute of Science Bangalore,1,3
847,Ramoji Shreyas,Indian Institute of Science Bangalore,1,3
848,Rana Himanshu,Indian Institute of Science Bangalore,1,3
849,Ranganath D,R V College of Engineering,1,3
850,RANGANI G,R V College of Engineering,1,3
851,Rangwani Harsh,Indian Institute of Science Bangalore,1,3
852,Ranjan B S C,Indian Institute of Science Bangalore,1,3
853,Ranjith Kumar P,Indian Institute of Science Bangalore,1,3
854,Rasheed Abdur,Indian Institute of Science Bangalore,1,3
855,Rashmi R Deshpande,R V College of Engineering,1,3
856,Rasipuram Sowmya,International Institute of Information Technology Bangalore,1,3
857,Rastogi Aditya,Indian Institute of Science Bangalore,1,3
858,Rastogi Navya,Indian Institute of Science Bangalore,1,3
859,Rathod Darshan Dineshkumar,Indian Institute of Science Bangalore,1,3
860,Rathod Nihesh,Indian Institute of Science Bangalore,1,3
861,Rathod Sribhanupratap R,Indian Institute of Science Bangalore,1,3
862,Ratnasri K,Indian Institute of Science Bangalore,1,3
863,Raut Manish Suresh,Indian Institute of Science Bangalore,1,3
864,Rautela Mahindra Singh,Indian Institute of Science Bangalore,1,3
865,Raveendrakumar T H,M.S. Ramaiah Institute of Technology,1,3
866,Ravi Divya,Indian Institute of Science Bangalore,1,3
867,Ravi Kumar D,Indian Institute of Science Bangalore,1,3
868,RAVIKUMAR J,R V College of Engineering,1,3
869,Ravindra Harshitha,International Institute of Information Technology Bangalore,1,3
870,Ravindra S,Dayananda Sagar College of Engineering,1,3
871,Ray Chowdhury Sayak,Indian Institute of Science Bangalore,1,3
872,Reddy Rani Vangimalla,International Institute of Information Technology Bangalore,1,3
873,Reddy Siddavatam Ravi Prakash,Indian Institute of Science Bangalore,1,3
874,Rehal Arun,Indian Institute of Science Bangalore,1,3
875,Rejesh N A,Indian Institute of Science Bangalore,1,3
876,Rekapalli Monica,Indian Institute of Science Bangalore,1,3
877,Reshma Mohan T,Indian Institute of Science Bangalore,1,3
878,Reshma V R,Indian Institute of Science Bangalore,1,3
879,Resma K S,R V College of Engineering,1,3
880,Richa Tengshe,CMR Institute of Technology,1,3
881,Rimalapudi Sarvendranath,Indian Institute of Science Bangalore,1,3
882,Ronghe Anshaj,Indian Institute of Science Bangalore,1,3
883,Roopa D,B.M.S. College of Engineering,1,3
884,Roopa Farshi,Dayananda Sagar College of Engineering,1,3
885,Roopa J,R V College of Engineering,1,3
886,Roopa K R,M.S. Ramaiah Institute of Technology,1,3
887,ROOPA T S,R V College of Engineering,1,3
888,Roopesh R,PES University,1,3
889,Roshny N Kurup,Dayananda Sagar College of Engineering,1,3
890,Rosline Mary A,CMR Institute of Technology,1,3
891,Roy Amal,Indian Institute of Science Bangalore,1,3
892,Roy Anindo,Indian Institute of Science Bangalore,1,3
893,Roy Aritra,Indian Institute of Science Bangalore,1,3
894,Roy Chaudhuri Rajashri,Indian Institute of Science Bangalore,1,3
895,Roy Chowdhury Sulob,Indian Institute of Science Bangalore,1,3
896,Roy Durbar,Indian Institute of Science Bangalore,1,3
897,Roy Kaustav,Indian Institute of Science Bangalore,1,3
898,Roy Shamibrota,Indian Institute of Science Bangalore,1,3
899,Roy Sukanta,Indian Institute of Science Bangalore,1,3
900,Roy Suprateek,Indian Institute of Science Bangalore,1,3
901,Rubini PE,CMR Institute of Technology,1,3
902,Rudresh Sunil,Indian Institute of Science Bangalore,1,3
903,S M Shyam,International Institute of Information Technology Bangalore,1,3
904,S Sharath,Indian Institute of Science Bangalore,1,3
905,Sabarmathi G,CMR Institute of Technology,1,3
906,Sachan Kapil,Indian Institute of Science Bangalore,1,3
907,Sachin K S,Indian Institute of Science Bangalore,1,3
908,Sada Krishnakanth,Indian Institute of Science Bangalore,1,3
909,Sagar BM,R V College of Engineering,1,3
910,Sagar K,Indian Institute of Science Bangalore,1,3
911,Sagarika Behera,CMR Institute of Technology,1,3
912,Saha Aadirupa,Indian Institute of Science Bangalore,1,3
913,Sahana B,R V College of Engineering,1,3
914,Sahasranand K R,Indian Institute of Science Bangalore,1,3
915,Sahoo Jyotiranjan,Indian Institute of Science Bangalore,1,3
916,Sahoo Kshetramohan,Indian Institute of Science Bangalore,1,3
917,Sahu Apoorva,Indian Institute of Science Bangalore,1,3
918,Sahu Renuka,Indian Institute of Science Bangalore,1,3
919,Sai Jyotheender Kompella,Indian Institute of Science Bangalore,1,3
920,Saifudeen Aysha,Indian Institute of Science Bangalore,1,3
921,Saipanmuluk Nishat Koti,Indian Institute of Science Bangalore,1,3
922,Sakhuja Neha,Indian Institute of Science Bangalore,1,3
923,Sam Deepak Babu,Indian Institute of Science Bangalore,1,3
924,Samad Shafeek A,Indian Institute of Science Bangalore,1,3
925,Samantaray Debadarshini,Indian Institute of Science Bangalore,1,3
926,Samantaray Paresh Kumar,Indian Institute of Science Bangalore,1,3
927,Samara Mubeen,R V College of Engineering,1,3
928,Samudre Prabha,Indian Institute of Science Bangalore,1,3
929,Sanagavarapu Phani Kanth V S S R K,Indian Institute of Science Bangalore,1,3
930,Sandeep S R,R V College of Engineering,1,3
931,SANDHYA S,R V College of Engineering,1,3
932,Sangeetha Ramamoorthy,CMR Institute of Technology,1,3
933,Sanghi Anupam,Indian Institute of Science Bangalore,1,3
934,Sanjeev Shinde Ninad,Indian Institute of Science Bangalore,1,3
935,Santosh Gotagunaki,B.M.S. College of Engineering,1,3
936,Sapna B K,Dayananda Sagar College of Engineering,1,3
937,Sarkar Bidushi,Indian Institute of Science Bangalore,1,3
938,Sasi Shanuja,Indian Institute of Science Bangalore,1,3
939,Sasidharan Sayuj,Indian Institute of Science Bangalore,1,3
940,Sasindran Zitha,Indian Institute of Science Bangalore,1,3
941,Sathisha R N,Indian Institute of Science Bangalore,1,3
942,Sathishkumar N,Indian Institute of Science Bangalore,1,3
943,Sathua Chandra Sekhar,Indian Institute of Science Bangalore,1,3
944,Satish Sheth,Dayananda Sagar College of Engineering,1,3
945,Savitha S,CMR Institute of Technology,1,3
946,Saxena Apoorv Umang,Indian Institute of Science Bangalore,1,3
947,Saxena Shobhit,Indian Institute of Science Bangalore,1,3
948,Selvan Eazhil K,Indian Institute of Science Bangalore,1,3
949,Sen Gupta Ria,Indian Institute of Science Bangalore,1,3
950,Sen Gupta Sayan,Indian Institute of Science Bangalore,1,3
951,Sesha P Kalyur,R V College of Engineering,1,3
952,Seshadri Lakshminarayanan,Indian Institute of Science Bangalore,1,3
953,Shah Mitali,Indian Institute of Science Bangalore,1,3
954,Shaik Mohammed Waseem,International Institute of Information Technology Bangalore,1,3
955,Shaila H Koppad,R V College of Engineering,1,3
956,Shambulinga M,R V College of Engineering,1,3
957,Shamitha S K,CMR Institute of Technology,1,3
958,Shan S,Indian Institute of Science Bangalore,1,3
959,Shankar Bhawani,Indian Institute of Science Bangalore,1,3
960,Shankar Gyan,Indian Institute of Science Bangalore,1,3
961,Shankaranarayanan Hari Bhaskar,International Institute of Information Technology Bangalore,1,3
962,Shanthi M B,CMR Institute of Technology,1,3
963,SHARAD S,B.M.S. College of Engineering,1,3
964,Sharma Adwait,Indian Institute of Science Bangalore,1,3
965,Sharma Anand,Indian Institute of Science Bangalore,1,3
966,Sharma Annapurna,International Institute of Information Technology Bangalore,1,3
967,Sharma Devansh,Indian Institute of Science Bangalore,1,3
968,Sharma Govind,Indian Institute of Science Bangalore,1,3
969,Sharma Mohit,Indian Institute of Science Bangalore,1,3
970,Sharma Pallavi Raj,Indian Institute of Science Bangalore,1,3
971,Sharma Pradyumn,Indian Institute of Science Bangalore,1,3
972,Sharma Preeti,Indian Institute of Science Bangalore,1,3
973,Sharma Samridh,Indian Institute of Science Bangalore,1,3
974,Abhiram B R,Indian Institute of Science Bangalore,1,3
975,Sharma Swati,Indian Institute of Science Bangalore,1,3
976,Sharma Vinay Krishna,Indian Institute of Science Bangalore,1,3
977,Sharon Christa I L,Dayananda Sagar College of Engineering,1,3
978,Shashi Raj K,Dayananda Sagar College of Engineering,1,3
979,Shashidhar T M,R V College of Engineering,1,3
980,Shashikumara S R,R V College of Engineering,1,3
981,Shastri Vijayendra Umesh,Indian Institute of Science Bangalore,1,3
982,Sheetal Kumar K R,Indian Institute of Science Bangalore,1,3
983,Shekar Shweta,Indian Institute of Science Bangalore,1,3
984,Shilpa B,PES University,1,3
985,Shiva Kumar H R,Indian Institute of Science Bangalore,1,3
986,Shivakumar R,B.M.S. College of Engineering,1,3
987,Shivam Amit,Indian Institute of Science Bangalore,1,3
988,Shivkumar M,B.M.S. College of Engineering,1,3
989,Abhishek A,Indian Institute of Science Bangalore,1,3
990,Shobha P Jeevandra,M.S. Ramaiah Institute of Technology,1,3
991,Showkat Rakshanda,Indian Institute of Science Bangalore,1,3
992,Shrivastava Anshaj,Indian Institute of Science Bangalore,1,3
993,Shrivastava Anshul,Indian Institute of Science Bangalore,1,3
994,Abinandanan T A,Indian Institute of Science Bangalore,1,3
995,Shruthi P,R V College of Engineering,1,3
996,Abraham Anand Jacob,Indian Institute of Science Bangalore,1,3
997,Shubhangi Milind Joshi,Dayananda Sagar College of Engineering,1,3
998,Shweta Pant,Indian Institute of Science Bangalore,1,3
999,Shwetha,R V College of Engineering,1,3
1000,Shwetha K,R V College of Engineering,1,3
1001,Shyamasundar L B,CMR Institute of Technology,1,3
1002,Sindhu D,R V College of Engineering,1,3
1003,SINDHU D V,R V College of Engineering,1,3
1004,Sindhu P R,Indian Institute of Science Bangalore,1,3
1005,Singh Abhishek,International Institute of Information Technology Bangalore,1,3
1006,Singh Akash,Indian Institute of Science Bangalore,1,3
1007,Singh Akhand Pratap,Indian Institute of Science Bangalore,1,3
1008,Singh Arashdeep,Indian Institute of Science Bangalore,1,3
1009,Singh Arun Kumar,Indian Institute of Science Bangalore,1,3
1010,Singh Deependra Kumar,Indian Institute of Science Bangalore,1,3
1011,Singh Dheerendra Bahadur,Indian Institute of Science Bangalore,1,3
1012,Singh Jagriti,Indian Institute of Science Bangalore,1,3
1013,Singh Kaumudi,Indian Institute of Science Bangalore,1,3
1014,Singh Magan,Indian Institute of Science Bangalore,1,3
1015,Singh Mahander Pratap,Indian Institute of Science Bangalore,1,3
1016,Singh Manish Kumar,Indian Institute of Science Bangalore,1,3
1017,Singh Parvinder,Indian Institute of Science Bangalore,1,3
1018,Abraham Nithin,Indian Institute of Science Bangalore,1,3
1019,Singh Prem Prakash,Indian Institute of Science Bangalore,1,3
1020,Singh Saurabh,Indian Institute of Science Bangalore,1,3
1021,Singh Shobhit Pratap,Indian Institute of Science Bangalore,1,3
1022,Singh Sujata,Indian Institute of Science Bangalore,1,3
1023,Singh Upkar,Indian Institute of Science Bangalore,1,3
1024,Singh Vikash Kumar,Indian Institute of Science Bangalore,1,3
1025,Singh Vikrant Kumar,Indian Institute of Science Bangalore,1,3
1026,Singh Yogesh Pratap,Indian Institute of Science Bangalore,1,3
1027,Singhal Rohit,Indian Institute of Science Bangalore,1,3
1028,Sinha Piyush,Indian Institute of Science Bangalore,1,3
1029,Sireesha Panithi,Indian Institute of Science Bangalore,1,3
1030,Sitaramgupta Vangeti V S N,Indian Institute of Science Bangalore,1,3
1031,Sivaram Aditya,Indian Institute of Science Bangalore,1,3
1032,Skariah Deepak G,Indian Institute of Science Bangalore,1,3
1033,SMITA KAVADIKERI,R V College of Engineering,1,3
1034,Smriti Srivastava,R V College of Engineering,1,3
1035,Sneha M,R V College of Engineering,1,3
1036,Sohini Gupta,M.S. Ramaiah Institute of Technology,1,3
1037,Solanke Swanand Vishnu,Indian Institute of Science Bangalore,1,3
1038,Solra Manju,Indian Institute of Science Bangalore,1,3
1039,Soman Akshara,Indian Institute of Science Bangalore,1,3
1040,Sonawane Dipali,Indian Institute of Science Bangalore,1,3
1041,Soni Ankit,Indian Institute of Science Bangalore,1,3
1042,Soni Pushtivardhan,Indian Institute of Science Bangalore,1,3
1043,Soni Shruti,Indian Institute of Science Bangalore,1,3
1044,Sowjanya M,PES University,1,3
1045,Sowmya H N,Dayananda Sagar College of Engineering,1,3
1046,SOWMYA K S,R V College of Engineering,1,3
1047,Sree Vidya R C,R V College of Engineering,1,3
1048,Sreedhar S Arjun,Indian Institute of Science Bangalore,1,3
1049,Sreedurga Gogulapati,Indian Institute of Science Bangalore,1,3
1050,Sreelakshmi Gopalakrishnan,CMR Institute of Technology,1,3
1051,Sri Harsha Paladugu,Indian Institute of Science Bangalore,1,3
1052,Sridevi S,CMR Institute of Technology,1,3
1053,Srilatha N,Indian Institute of Science Bangalore,1,3
1054,Srilekshmi M,Indian Institute of Science Bangalore,1,3
1055,Srivastava Ashutosh,Indian Institute of Science Bangalore,1,3
1056,Srivastava Saumya,Indian Institute of Science Bangalore,1,3
1057,Acharya Shakuntala,Indian Institute of Science Bangalore,1,3
1058,Subbalakshmi A R,Indian Institute of Science Bangalore,1,3
1059,Subodh Mondal,PES University,1,3
1060,Subrahmanya V Bhat P,R V College of Engineering,1,3
1061,Sudha M,R V College of Engineering,1,3
1062,Sudha R Karbari,R V College of Engineering,1,3
1063,Sudhakar K N,CMR Institute of Technology,1,3
1064,Suganya S,CMR Institute of Technology,1,3
1065,Sujan Chakraborthy,R V College of Engineering,1,3
1066,Sujata D Badiger,R V College of Engineering,1,3
1067,Sujatha A,R V College of Engineering,1,3
1068,Suji N,Indian Institute of Science Bangalore,1,3
1069,Sukesh A,Indian Institute of Science Bangalore,1,3
1070,Sukhadeo Chavan Dhanaji,Indian Institute of Science Bangalore,1,3
1071,Sukhani Seema,Indian Institute of Science Bangalore,1,3
1072,Sukumar Reshma,Indian Institute of Science Bangalore,1,3
1073,Suma B,R V College of Engineering,1,3
1074,Acharya Srijan,Indian Institute of Science Bangalore,1,3
1075,Wazalwar Radhika,Indian Institute of Science Bangalore,1,3
1076,Sumathi M S,R V College of Engineering,1,3
1077,Sumathy Vidya,Indian Institute of Science Bangalore,1,3
1078,Sunita Kumari,PES University,1,3
1079,Sunitha R,R V College of Engineering,1,3
1080,SUNITHAR,R V College of Engineering,1,3
1081,Surabhi G D,Indian Institute of Science Bangalore,1,3
1082,Suraj,Indian Institute of Science Bangalore,1,3
1083,Suraj K,Indian Institute of Science Bangalore,1,3
1084,Surana Prashant,Indian Institute of Science Bangalore,1,3
1085,Surekha Raju Gondkar,Dayananda Sagar College of Engineering,1,3
1086,Suresh Babu V,Dayananda Sagar College of Engineering,1,3
1087,Suresh Kumar S,M.S. Ramaiah Institute of Technology,1,3
1088,Suresh N Priya,Indian Institute of Science Bangalore,1,3
1089,Suresh N S,Indian Institute of Science Bangalore,1,3
1090,Suresha C,R V College of Engineering,1,3
1091,Suriya Begum,Dayananda Sagar College of Engineering,1,3
1092,Sushma B,M.S. Ramaiah Institute of Technology,1,3
1093,Sushma J,R V College of Engineering,1,3
1094,Sushma T,Dayananda Sagar College of Engineering,1,3
1095,Sutapa Sarkar,CMR Institute of Technology,1,3
1096,Sutar Nikhil,PES University,1,3
1097,Suthar Sumit,Indian Institute of Science Bangalore,1,3
1098,Swaminathan Shriram,Indian Institute of Science Bangalore,1,3
1099,Swarnamugi M,CMR Institute of Technology,1,3
1100,Swathi Y,CMR Institute of Technology,1,3
1101,swetha v,R V College of Engineering,1,3
1102,Swetlana Sucheta,Indian Institute of Science Bangalore,1,3
1103,T Karthikayini,R V College of Engineering,1,3
1104,Tabitha Janumala,R V College of Engineering,1,3
1105,Taddesse Taye Melaku,Indian Institute of Science Bangalore,1,3
1106,Tadeo Inyalot Jude,Indian Institute of Science Bangalore,1,3
1107,TANUSREE CHAUDHURI,R V College of Engineering,1,3
1108,Tara Prakash Gowdar,CMR Institute of Technology,1,3
1109,Tarafdar Gourav,Indian Institute of Science Bangalore,1,3
1110,Teja Bhanu B,Indian Institute of Science Bangalore,1,3
1111,Telpande Swanand,Indian Institute of Science Bangalore,1,3
1112,Thakur Abu Bakar Siddiqui,Indian Institute of Science Bangalore,1,3
1113,Thakur Anchal Singh,Indian Institute of Science Bangalore,1,3
1114,Thanmayalaxmi D,CMR Institute of Technology,1,3
1115,Thomas Chinchu,International Institute of Information Technology Bangalore,1,3
1116,Thoota Sai Subramanyam,Indian Institute of Science Bangalore,1,3
1117,Thottolil Rahisha,International Institute of Information Technology Bangalore,1,3
1118,Thulasi Chand,Indian Institute of Science Bangalore,1,3
1119,Tiwari Manasi,Indian Institute of Science Bangalore,1,3
1120,Tiwari Sudhanshu,Indian Institute of Science Bangalore,1,3
1121,Tonannavar Sanketh,Indian Institute of Science Bangalore,1,3
1122,Tony Lima Agnel,Indian Institute of Science Bangalore,1,3
1123,Tripathi Aditay,Indian Institute of Science Bangalore,1,3
1124,Tripathi Ananya,Indian Institute of Science Bangalore,1,3
1125,Tripathi Madhavi,Indian Institute of Science Bangalore,1,3
1126,Tripathi Sandeep,Indian Institute of Science Bangalore,1,3
1127,Uma B,Dayananda Sagar College of Engineering,1,3
1128,Umrao Saurabh,Indian Institute of Science Bangalore,1,3
1129,Unni V S,Indian Institute of Science Bangalore,1,3
1130,Upadhya Vidyadhar,Indian Institute of Science Bangalore,1,3
1131,Upadhyay Anil Kumar,Indian Institute of Science Bangalore,1,3
1132,Upadhyaya Deepti B,Indian Institute of Science Bangalore,1,3
1133,Upamanyu Kapil,Indian Institute of Science Bangalore,1,3
1134,Upreti Arvind,International Institute of Information Technology Bangalore,1,3
1135,Usha Padma,R V College of Engineering,1,3
1136,V MURALIDHARAN,R V College of Engineering,1,3
1137,V P Abidha,International Institute of Information Technology Bangalore,1,3
1138,Y SAILAJA,R V College of Engineering,1,3
1139,V S Kirthika Devi,R V College of Engineering,1,3
1140,Vadivukkarasi Jeyaselvan,Indian Institute of Science Bangalore,1,3
1141,Vaidehi M,Dayananda Sagar College of Engineering,1,3
1142,Vaidya Kanishak,Indian Institute of Science Bangalore,1,3
1143,Vaishakh K V,Indian Institute of Science Bangalore,1,3
1144,Vajha Myna,Indian Institute of Science Bangalore,1,3
1145,Valens Hishamunda,Indian Institute of Science Bangalore,1,3
1146,Vanam Sai Pranav,Indian Institute of Science Bangalore,1,3
1147,Yadati Naganand,Indian Institute of Science Bangalore,1,3
1148,Vankeswaram Sai Krishna,Indian Institute of Science Bangalore,1,3
1149,Varghese Kiran George,Indian Institute of Science Bangalore,1,3
1150,Variar Harsha B,Indian Institute of Science Bangalore,1,3
1151,Varma Aditya,Indian Institute of Science Bangalore,1,3
1152,Varma Vegesina Sarath Chandra,Indian Institute of Science Bangalore,1,3
1153,Varsha V,Indian Institute of Science Bangalore,1,3
1154,Vasanth Kumar R,Dayananda Sagar College of Engineering,1,3
1155,Vashishth Prabhat,Indian Institute of Science Bangalore,1,3
1156,Vashist Eklavy,Indian Institute of Science Bangalore,1,3
1157,Vasudeva G,R V College of Engineering,1,3
1158,Vasudha N,R V College of Engineering,1,3
1159,Vedam Narayani,Indian Institute of Science Bangalore,1,3
1160,Veena Gadad,R V College of Engineering,1,3
1161,Veesam Shivanand Kumar,Indian Institute of Science Bangalore,1,3
1162,Velhal Shridhar,Indian Institute of Science Bangalore,1,3
1163,Vengalil Sunil Kumar,International Institute of Information Technology Bangalore,1,3
1164,Venkataramu Vibha,Indian Institute of Science Bangalore,1,3
1165,Venkatesan Karthika,International Institute of Information Technology Bangalore,1,3
1166,Venkatesh Naik,CMR Institute of Technology,1,3
1167,Venkatesha G,Dayananda Sagar College of Engineering,1,3
1168,Venkateswarlu Nitish M R D S,Indian Institute of Science Bangalore,1,3
1169,Venkatramanan D,Indian Institute of Science Bangalore,1,3
1170,Verma Hemant Kumar,Indian Institute of Science Bangalore,1,3
1171,Verma Krishna Kamlesh,Indian Institute of Science Bangalore,1,3
1172,Verma Kundan Kumar,Indian Institute of Science Bangalore,1,3
1173,Vidushi,Indian Institute of Science Bangalore,1,3
1174,Yadav Parul,Indian Institute of Science Bangalore,1,3
1175,Vijaikumar M,Indian Institute of Science Bangalore,1,3
1176,Vijay Rathinamala,Indian Institute of Science Bangalore,1,3
1177,Vijay Sreeparvathy,Indian Institute of Science Bangalore,1,3
1178,Vijaya Raghavan Jayashree,Indian Institute of Science Bangalore,1,3
1179,Vijaya S M,Dayananda Sagar College of Engineering,1,3
1180,Vijayaraj K,Indian Institute of Science Bangalore,1,3
1181,Achuth Rao M V,Indian Institute of Science Bangalore,1,3
1182,Addula Ravi Kumar Reddy,Indian Institute of Science Bangalore,1,3
1183,Adhikari Debabrata,Indian Institute of Science Bangalore,1,3
1184,Advaith S,Indian Institute of Science Bangalore,1,3
1185,Agarwal Priyanka,Indian Institute of Science Bangalore,1,3
1186,Agarwal Sakshi,Indian Institute of Science Bangalore,1,3
1187,Agarwal Snigdha,International Institute of Information Technology Bangalore,1,3
1188,Agnihotri Ruchika,Indian Institute of Science Bangalore,1,3
1189,Agrawal Khantesh,Indian Institute of Science Bangalore,1,3
1190,Agrawal Pranjal,Indian Institute of Science Bangalore,1,3
1191,Agrawal Purvi,Indian Institute of Science Bangalore,1,3
1192,Agrawal Shavi,Indian Institute of Science Bangalore,1,3
1193,Agrawal Shubham,Indian Institute of Science Bangalore,1,3
1194,Ahmad Faheem,Indian Institute of Science Bangalore,1,3
1195,Ahmad Nazeer,Indian Institute of Science Bangalore,1,3
1196,Ahmad Syed Shahjahan,Indian Institute of Science Bangalore,1,3
1197,Vikram Raja Jothi,Indian Institute of Science Bangalore,1,3
1198,Vinay Kumar B R,Indian Institute of Science Bangalore,1,3
1199,Vinayak R,Indian Institute of Science Bangalore,1,3
1200,Vineeth Kumar V,Indian Institute of Science Bangalore,1,3
1201,Vinod V,Indian Institute of Science Bangalore,1,3
1202,Vishnu Prasad C,PES University,1,3
1203,Vishnu V S,Indian Institute of Science Bangalore,1,3
1204,Vishnubhotla Vaishnavi,Indian Institute of Science Bangalore,1,3
1205,Viswanath Sanjay,Indian Institute of Science Bangalore,1,3
1206,Vivek Bhandarkar V N,Dayananda Sagar College of Engineering,1,3
1207,Vivek R S,Indian Institute of Science Bangalore,1,3
1208,Vivek V P,Indian Institute of Science Bangalore,1,3
1209,Vivekanand S Gogi,R V College of Engineering,1,3
1210,Vrind Tushar,International Institute of Information Technology Bangalore,1,3
1211,Vutukuri Srianish,Indian Institute of Science Bangalore,1,3
1212,Wayal Vaishali,Indian Institute of Science Bangalore,1,3
